label,month,T_date,T-1,T,T+1,T+2,T+3
HS300,2009-01,2009-01-23,0.0112978617111259,-0.005805186566634979,0.01199449790965823,0.02520438119785351,0.027267166450915203
HS300,2009-02,2009-02-27,-0.049502419658274954,-0.022690320680673004,0.011295082572253312,-0.010399756821606543,0.06675290385285071
HS300,2009-03,2009-03-31,-0.0057800715585983875,0.009378998561875962,0.016122967283132672,0.01105790625777514,-0.0022888526626300143
HS300,2009-04,2009-04-30,0.03448002029754638,0.006738390324598997,0.034837048395570225,0.0046837104654200434,0.01392182071672532
HS300,2009-05,2009-05-27,-0.011970722733474992,0.014688039109275852,0.035739236558017584,0.0023639578468916955,0.025928597929774755
HS300,2009-06,2009-06-30,0.016478280896337072,-0.0042446914626921295,0.02255789878584169,0.013729873933839398,0.013641408511378739
HS300,2009-07,2009-07-31,0.021444380622440695,0.02745777092553192,0.014033816541540123,-0.00011037664578039674,-0.012063280793003783
HS300,2009-08,2009-08-31,-0.03469884526222311,-0.07106188465793906,0.004744775323634931,0.016607237050321855,0.055704642733850784
HS300,2009-09,2009-09-30,-0.00012009514765143336,0.010940737196891481,0.05288296578313734,-0.003817040004956196,0.014876419581981493
HS300,2009-10,2009-10-30,-0.024712501956100974,0.01026192689920813,0.03427385674551542,0.012562474154850678,0.005374298667559341
HS300,2009-11,2009-11-30,-0.02962413215088866,0.03818436604769837,0.013999611011174196,0.010249854598547437,-0.0017938309228876514
HS300,2009-12,2009-12-31,0.016602218332882446,0.004728203465326208,-0.011313919238948422,0.008149118487090767,-0.0062600342645054985
HS300,2010-01,2010-01-29,0.0025023713751723964,-0.0007531412069594623,-0.01605665144164381,-0.0020674296723418584,0.026866154576219214
HS300,2010-02,2010-02-26,0.01468492823047618,-0.0031778837274857308,0.013029052926166074,-0.003966703394844839,0.007201238449932479
HS300,2010-03,2010-03-31,0.002432009146831504,-0.00626754681427677,0.013847412442644869,0.004543424328591117,-0.0006459572934477409
HS300,2010-04,2010-04-30,-0.012038989420966817,0.0023858978112873963,-0.015621225384002124,0.005611951054645958,-0.045955169190822875
HS300,2010-05,2010-05-31,-0.0033835912781178257,-0.027028013171937593,-0.010493771959683706,0.004870339287549541,-0.007779071610178101
HS300,2010-06,2010-06-30,-0.04592132515845071,-0.011168513811048442,-0.014435423144900428,0.0031804331707225852,-0.008466105390265932
HS300,2010-07,2010-07-30,0.0049767365849502365,-0.0031723683588743556,0.016881003720659704,-0.017586274862671503,0.003650769669337306
HS300,2010-08,2010-08-31,0.019745564734205967,-0.004055560701335503,-0.006594819212534575,0.012950920964396317,-0.0004066553181990562
HS300,2010-09,2010-09-30,-0.002115653160619013,0.021135990805659643,0.037014566827475726,0.02912457752084019,0.012713799856043817
HS300,2010-10,2010-10-29,-0.0018155794342443743,-0.005212067485810934,0.027518481601830347,-0.0028401998851134147,-0.012355871031156651
HS300,2010-11,2010-11-30,-0.0015033555534479381,-0.01663453550884786,-0.00030634510525240355,0.006069787731216358,0.0009815981254233108
HS300,2010-12,2010-12-31,0.0007407334829170331,0.020940257132767925,0.019634231286967507,-0.0043954224903924866,-0.005044302573762649
HS300,2011-01,2011-01-31,0.003393066368497122,0.013097290346375301,0.000251908982521698,-0.011807168856422967,0.020787589663621375
HS300,2011-02,2011-02-28,0.0020940570710465956,0.013116642799935185,0.004733360312314083,-0.0035623290842432542,-0.006653720996343981
HS300,2011-03,2011-03-31,-0.0005828766852088441,-0.0100710056263974,0.015338685218323711,0.011714382706297988,0.00403253694352923
HS300,2011-04,2011-04-29,-0.014870526682791763,0.009787853408970149,0.005765924572848968,-0.025568553394877513,-0.000930320853632538
HS300,2011-05,2011-05-31,-0.0029703291051756953,0.015924828042319206,0.0008718811176604557,-0.01613355822051532,0.010367746442896175
HS300,2011-06,2011-06-30,-0.013664902979682036,0.014639175326456533,0.0018580271470380882,0.023685586827751237,0.00016656096451628244
HS300,2011-07,2011-07-29,-0.006349889935241215,-0.0029932888337544927,0.0018983344655374434,-0.007165882901722376,-0.000511774015748423
HS300,2011-08,2011-08-31,-0.003880035431744755,0.0017721536804915505,-0.004299951945639369,-0.010823997586905776,-0.021412313194624222
HS300,2011-09,2011-09-30,-0.00858235111603134,-0.0026404603998554377,-0.00940166602682091,-0.0019897680246468985,0.03634961524204239
HS300,2011-10,2011-10-31,0.019393951709101742,-0.0050608763252500966,0.0008262509613932156,0.01662852071558696,0.0006968374301246083
HS300,2011-11,2011-11-30,0.013697474974944779,-0.033370403466421616,0.024625226054126204,-0.010180317253396742,-0.01404835000514204
HS300,2011-12,2011-12-30,0.0014874814118983615,0.014874785894544607,-0.020031614730008696,-0.009730493010775776,0.006244989314197591
HS300,2012-01,2012-01-31,-0.017318095305033476,0.0014386033356090788,-0.014310989911778815,0.023566958172807295,0.00798475447644198
HS300,2012-02,2012-02-29,0.0022171421602190655,-0.010636767534421998,-0.00030294482873549633,0.01769194693441234,-0.006431501671309903
HS300,2012-03,2012-03-30,-0.012840114752111331,0.004820471511451263,0.02359893421277226,0.0027849056363495883,-0.009795898929689573
HS300,2012-04,2012-04-27,0.0020933057627789964,-0.002025470769948634,0.02183037800101051,0.00299274786872461,0.009051026223863223
HS300,2012-05,2012-05-31,-0.0032427285697363972,-0.0038663900345839997,0.0003632160884972091,-0.028094210477941806,-7.190235659981781e-05
HS300,2012-06,2012-06-29,-0.00877167532624068,0.014792666452023262,0.0014730184935725088,0.0014128453317692191,-0.001540068723845267
HS300,2012-07,2012-07-31,-0.005668108916235481,-0.001229132889772333,0.011028658480652265,-0.010077370496949456,0.008075354557532277
HS300,2012-08,2012-08-31,-0.0015549838496595747,-0.0029402587536234703,0.010658687957737278,-0.010753156232203853,-0.002055881695168016
HS300,2012-09,2012-09-28,0.030585507469251372,0.01838108430144625,-0.01005274069319062,0.02207128112370893,0.0017067810497306546
HS300,2012-10,2012-10-31,0.0018015487594449375,0.0066691013187303305,0.019098642020205725,0.0038687766658367373,-0.002121577579771494
HS300,2012-11,2012-11-30,-0.00633348065270789,0.01133680204341303,-0.014399944664131414,0.010727647770111925,0.03584610267172028
HS300,2012-12,2012-12-31,0.014503430835549835,0.01729925497439777,0.0005774981053938699,0.004585627764756239,-0.0042015232739940345
HS300,2013-01,2013-01-31,0.004800315112938991,-0.0006802516149930771,0.021006504937693515,0.0017147081423847244,0.008605079715345187
HS300,2013-02,2013-02-28,0.010547613622865049,0.030312058109737583,-0.0016799291669145067,-0.04613284592983591,0.03028304425279349
HS300,2013-03,2013-03-29,-0.032601905145285714,-0.0016880713095097644,-0.0007598945606217544,-0.0027258284276309164,-0.0011438265341211507
HS300,2013-04,2013-04-26,-0.011101231417638857,-0.00833470090665045,0.0009532931313043225,0.017665051870908277,0.01326601179664566
HS300,2013-05,2013-05-31,-0.0031174304017955734,-0.010589817573623428,-0.001459086120227382,-0.014199905249434819,-0.0019983115495157966
HS300,2013-06,2013-06-28,-0.003487529614254803,0.018467789895567632,0.005761053948421413,0.003915842150039817,-0.008171075939340633
HS300,2013-07,2013-07-31,0.006166445309448543,0.0016593678233367548,0.02386798849623406,0.0008457426056531769,0.013823927150493853
HS300,2013-08,2013-08-30,-0.004185895871920531,-0.001898364800926311,0.002780574871105612,0.014721093079302028,-0.001615203554721889
HS300,2013-09,2013-09-30,0.004415286924451589,0.005873140008793465,0.013604606321945267,0.004821011945641995,-0.009890026137285735
HS300,2013-10,2013-10-31,0.014931369577324105,-0.014020106576569269,0.004736030143428938,-0.0018893398631423253,0.001392591497252127
HS300,2013-11,2013-11-29,0.010374486276760964,-0.00024021020442477337,-0.008264232389099568,0.009920671013747384,0.013243495945609363
HS300,2013-12,2013-12-31,-0.0017451870606101094,0.013293567440675336,-0.003454038710297702,-0.013436389147528538,-0.022761689364185878
HS300,2014-01,2014-01-30,0.0035705034788307,-0.011370507244652717,0.004555381506958112,0.024881999093326224,0.007950487181228594
HS300,2014-02,2014-02-28,-0.0042973923051855545,0.01154213252074654,0.005231368384434498,-0.002783547985043544,-0.009292336626419928
HS300,2014-03,2014-03-31,-0.0017358574240380342,-0.0026301543008365735,0.007832064874284006,0.00814196193914829,-0.007208146641005775
HS300,2014-04,2014-04-30,0.011007653975303455,8.756202309978534e-05,-0.0010140554853732553,0.0003978724489559493,-0.009276289929023185
HS300,2014-05,2014-05-30,-0.006540201866732431,0.000603202354901855,-0.003035524822116109,-0.010067360708641115,0.010491130371371282
HS300,2014-06,2014-06-30,0.0005500038155934472,0.006910798611143187,-0.0002581845423665907,0.002914219478424629,0.0042955187950253215
HS300,2014-07,2014-07-31,-0.004013950601556515,0.01216187175685235,-0.008870967398801333,0.019841143778531967,-0.002638048172687424
HS300,2014-08,2014-08-29,-0.007010240183537131,0.011685742693003709,0.007283109387342002,0.013222423987938825,0.009377068964072421
HS300,2014-09,2014-09-30,0.004348430843414075,0.0013028030487798326,0.011177125306202962,0.0014412623069155472,-0.006110505629634555
HS300,2014-10,2014-10-31,0.007155549681322926,0.015958362445193552,0.0016835936332013635,0.0002483534642920837,-0.003869213885878131
HS300,2014-11,2014-11-28,0.011557764216028055,0.01972379641966393,0.0039137445310644114,0.036927284514002956,0.014914464729098409
HS300,2014-12,2014-12-31,0.0006074453291968762,0.022024529479510724,0.030516412660366532,-0.00013236154693851976,0.0007497818629140784
HS300,2015-01,2015-01-30,-0.012346389918424516,-0.013615957506999954,-0.023418721641607854,0.024891471573900592,-0.010378929699238704
HS300,2015-02,2015-02-27,0.025171844421294054,0.0018363600981858852,0.007955009498038512,-0.025925612250139896,0.0065341087260184505
HS300,2015-03,2015-03-31,0.02932776593984876,-0.009044126747905668,0.017943060877704475,0.00021363298532084407,0.011094178205071081
HS300,2015-04,2015-04-30,0.006846468084998669,-0.005119047170218272,0.007969664956169353,-0.03987371079596824,-0.00946498852689115
HS300,2015-05,2015-05-29,-0.06705230001044127,0.0014114587362947795,0.04861749919280345,0.016881007718799523,-0.0035411592196546993
HS300,2015-06,2015-06-30,-0.0333578248574673,0.06714679159107817,-0.0491786603031481,-0.03409929083350394,-0.05406042264890232
HS300,2015-07,2015-07-31,-0.029251123110519472,0.000337578310698472,0.003284513659578714,0.0310558114088062,-0.020580752275429992
HS300,2015-08,2015-08-31,0.04262772110504076,0.0072552139463828436,-0.0013227249976608402,0.0011150828563968318,-0.034269694467725764
HS300,2015-09,2015-09-30,-0.01970486796400084,0.00757914644711577,0.029202793552312922,0.013236231837455703,0.03220787308221418
HS300,2015-10,2015-10-30,0.0023793454544629444,0.00021849225626091595,-0.0164444587810455,-0.0030121157826238365,0.047048153624362765
HS300,2015-11,2015-11-30,-0.05384755340440095,0.0026483050847456724,0.007089478164609364,0.03626643234839477,0.007346678653202154
HS300,2015-12,2015-12-31,0.0008774881880679875,-0.009075540977511065,-0.07020576767004272,0.0027998890767717555,0.01754322421746246
HS300,2016-01,2016-01-29,-0.026138506957016472,0.03235525391799454,-0.015289078066182626,0.02078077328633432,-0.0042869207887124006
HS300,2016-02,2016-02-29,0.010031691648822116,-0.02393598436922284,0.018497872781120694,0.04116398408158051,0.0023232476833070503
HS300,2016-03,2016-03-31,0.025791212565888566,0.0005633846608266158,0.0011830009567797006,0.013219243091175503,-0.0021314234863998305
HS300,2016-04,2016-04-29,-0.0016851368403763,-0.0012133848850527373,0.017991317005332963,-0.0012690059152853372,0.0013890182806397533
HS300,2016-05,2016-05-31,0.001374694326430781,0.033537580513834264,-0.00284329775845793,0.0020730588724040544,0.007017778730630253
HS300,2016-06,2016-06-30,0.004778725679528861,0.0008034552383091587,8.846131529605117e-05,0.01600913068289911,0.0008381450221799369
HS300,2016-07,2016-07-29,0.0008989377122861075,-0.0053415937731287055,-0.008464916524393407,0.003853867198185368,0.0013969668729139073
HS300,2016-08,2016-08-31,0.0012715473001387867,0.004772361727265251,-0.007878194346823908,0.0037975803071017555,0.001679483566346729
HS300,2016-09,2016-09-30,0.00417748669871143,0.002742274580683546,0.012474779330670094,0.0038523098071931994,-0.00198030761302459
HS300,2016-10,2016-10-31,-0.0016645271012449836,-0.0011523517376290648,0.006826171807676529,-0.007650672764420663,0.009519846688858635
HS300,2016-11,2016-11-30,0.008192176697557008,-0.007306034724638311,0.0076413206214469565,-0.010121075916203925,-0.01687383853685842
HS300,2016-12,2016-12-30,-0.0012489824003721894,0.0037346517215908204,0.009711849864655786,0.007804377141349184,-0.0001549738132849976
HS300,2017-01,2017-01-26,0.003404419741711129,0.003571191597865342,-0.0069268822536274754,0.0025896925895498857,-0.0022296302774365007
HS300,2017-02,2017-02-28,-0.007953421145581618,0.0019116586221086251,0.0016296871243999256,-0.006749002511828306,-0.0021059091216082404
HS300,2017-03,2017-03-31,-0.008205892139341309,0.005611975006677872,0.013844727137522828,0.0028976341457915833,0.0009723834007862031
HS300,2017-04,2017-04-28,0.0004461301475133794,-0.002021342029523754,-0.003830798316041939,-0.00392461746069539,-0.002561286889914527
HS300,2017-05,2017-05-31,-0.0014987127251154808,0.003577140092299036,0.0013896825660397738,-0.0032109323225466557,-0.005092202597040685
HS300,2017-06,2017-06-30,0.006215021477354643,-0.0005533103632305858,-0.0043501181003475775,-0.008453383133662618,0.010965518079637748
HS300,2017-07,2017-07-31,0.002612201840744177,0.00429405374848435,0.008697192226702288,-0.0025275953471026735,-0.008781520783056718
HS300,2017-08,2017-08-31,-6.180667965904885e-05,-0.003183892757478546,0.0022097845891726475,0.00393626169483241,0.0029722156346343453
HS300,2017-09,2017-09-29,0.0003501517847794844,0.003652808683654696,0.011913459686313077,0.0019720741320592428,0.003296517126695875
HS300,2017-10,2017-10-31,-0.00304477883582821,-0.0007491793069893671,-0.002519519097555434,0.0001281081873643064,-0.001110045347491484
HS300,2017-11,2017-11-30,-0.0005106238610511626,-0.011755282513582377,-0.0019877192251115394,0.005182665121946872,0.005303249157658341
HS300,2017-12,2017-12-29,0.006937750910939844,0.0029751944376779083,0.014028540850152371,0.0058694999585309215,0.004236764579977015
HS300,2018-01,2018-01-31,-0.010673130609867298,0.004651204317941637,-0.007016303943639501,0.005966937021788521,0.0006822387545326603
HS300,2018-02,2018-02-28,-0.014432240729328583,-0.008706374507881365,0.006323874321789713,-0.008057373935747458,0.00040732376089303024
HS300,2018-03,2018-03-30,0.013358784088853826,0.001142255785687274,-0.002970118997141613,-0.006287500791115286,-0.0019720495567742136
HS300,2018-04,2018-04-27,-0.019120584239928906,0.00036799419730138005,0.0018020291327156546,0.00779935201132087,-0.0048515686791458235
HS300,2018-05,2018-05-31,-0.02119789937405514,0.021218132381078503,-0.00835951214701347,0.009809873205485875,0.009911287437841088
HS300,2018-06,2018-06-29,-0.010330816226119754,0.025546476219685976,-0.02934248632292258,0.00038644785756192235,-0.013355605875727372
HS300,2018-07,2018-07-31,-0.0017456987992250372,0.0007331271928738836,-0.01997580206819527,-0.022170698511452924,-0.016515784686663038
HS300,2018-08,2018-08-31,-0.01047637242722943,-0.004950920505363388,-0.003802365749858261,0.012665932933231927,-0.019547857872028285
HS300,2018-09,2018-09-28,-0.003994743127569866,0.010363762967924961,-0.043027581201233844,-0.0006709414877034137,-0.0021567858326567713
HS300,2018-10,2018-10-31,0.010846023644669467,0.014006224560004554,0.007359322320878547,0.03563450552764147,-0.008330686620600991
HS300,2018-11,2018-11-30,-0.012984864099011895,0.011166304506488034,0.027818664918413116,0.0020727088731813392,-0.004806119516762464
HS300,2018-12,2018-12-28,-0.0038397325544831107,0.006737323629286696,-0.013657502209653338,-0.0015803821136980423,0.023958106367894194
HS300,2019-01,2019-01-31,-0.007979726791337072,0.010462738939340799,0.014293955615774623,0.018191493063521413,0.007217057939701288
HS300,2019-02,2019-02-28,-0.0017100474856384107,-0.0024527021589869635,0.021895856781954492,0.011838236196147323,0.00577448588652274
HS300,2019-03,2019-03-29,-0.004004929225858933,0.03860803375178867,0.026234001602647883,-0.000665085024187495,0.012809707689072747
HS300,2019-04,2019-04-30,0.002843461273235093,0.003301769361744089,-0.05841622135887892,0.009784466006769854,-0.014301464145685783
HS300,2019-05,2019-05-31,-0.006202664967934424,-0.00312920278931339,0.0006124322928964254,-0.009236202964087115,-0.0003782167179015028
HS300,2019-06,2019-06-28,0.010670128673539558,-0.0024068945141320075,0.028812310372238414,0.00034503689328579945,-0.01108283642383645
HS300,2019-07,2019-07-31,0.004163434320896053,-0.009032593454231352,-0.008314478074797571,-0.014731814561917078,-0.019146152423643037
HS300,2019-08,2019-08-30,-0.0032601515180203933,0.002479824874076053,0.012826134215675244,0.001374625810743435,0.00840562485565477
HS300,2019-09,2019-09-30,0.0029978087228814676,-0.009896035304494122,0.0060691650447972645,0.0014487923560047022,0.00817019186160417
HS300,2019-10,2019-10-31,-0.004859054182545952,-0.001149766166241628,0.016886850511686813,0.0065110020855752015,0.006206699092360379
HS300,2019-11,2019-11-29,-0.0034355811124832103,-0.008708016952579833,0.0019299129985086427,0.0039175622689848755,-0.00032925768750469153
HS300,2019-12,2019-12-31,0.014819890567616678,0.0036627496886663113,0.013586445093386468,-0.0017523067663942626,-0.0037802490491475327
HS300,2020-01,2020-01-23,0.0042833448541044206,-0.030985512584794095,-0.07880889162843929,0.026374880095695552,0.01132939810938094
HS300,2020-02,2020-02-28,0.0029120933755462097,-0.03545468699661869,0.03289782256459817,0.0053306572749074466,0.005790493676798514
HS300,2020-03,2020-03-31,-0.009689600707266321,0.0032780718927654107,-0.0030058421308925,0.016178173234559834,-0.005707008457019103
HS300,2020-04,2020-04-30,0.004646484013210994,0.011777766514474264,0.006051510296155138,-0.002885738572764973,0.009867015550734548
HS300,2020-05,2020-05-29,0.002865342179428465,0.0026943191120336607,0.026975782927646685,0.003078809671294813,2.0333535246219725e-05
HS300,2020-06,2020-06-30,-0.007072500071877541,0.013199695550738744,0.02012986186476673,0.020731049585160255,0.019316193110268554
HS300,2020-07,2020-07-31,-0.0048850098140460485,0.008353680969539035,0.0162435008637829,0.0009414603240074371,0.0002734618659938626
HS300,2020-08,2020-08-31,0.023866574937993157,-0.005790557331079582,0.005379120325816,0.00036450960962985945,-0.005530888726347438
HS300,2020-09,2020-09-30,0.0021587072113393724,-0.0009593187856613561,0.020435563102806586,0.030337902660911187,0.00332645194838177
HS300,2020-10,2020-10-30,0.007525005952793151,-0.016255457874843948,0.005430497596124351,0.012016737727587046,0.007555110233024687
HS300,2020-11,2020-11-30,0.01243477354113387,-0.004118443652732062,0.02154043786485027,9.2755261493771e-06,-0.0019900752790774634
HS300,2020-12,2020-12-31,0.014034483086836858,0.01908164149284164,0.010828223113321656,0.019132952827011662,0.00915748425306484
HS300,2021-01,2021-01-29,-0.027290320339855012,-0.0046824122029114346,0.012272875476577294,0.015401883732223842,-0.0028885179321700427
HS300,2021-02,2021-02-26,0.005883328723429226,-0.024279471160289168,0.015369434756399958,-0.012761719234425928,0.019175528181289314
HS300,2021-03,2021-03-31,0.0094815070785359,-0.009101171033827349,0.012363616627257823,0.00993586689460324,-0.004110193881419866
HS300,2021-04,2021-04-30,0.008776103962266246,-0.007877162811674054,-0.012172562062187864,-0.012857025435456748,-0.0007265735571660992
HS300,2021-05,2021-05-31,-0.003211549589536511,0.0019695216524286963,0.0018964398660130666,-0.009679913435473586,-0.006557122314234887
HS300,2021-06,2021-06-30,-0.011656282846131627,0.006453466149212828,0.0010763698064391036,-0.02840469292099823,0.0009200732830987324
HS300,2021-07,2021-07-30,0.018861951612892947,-0.008062429449876451,0.025475300186856842,0.00014654209305087207,0.008995717666313352
HS300,2021-08,2021-08-31,-0.002853506203796985,-0.0015914336822989705,0.013286138492303534,-9.446636565990651e-06,-0.005411330977949547
HS300,2021-09,2021-09-30,-0.010217395043396249,0.00671379466140154,0.013060832462391758,0.0012679664929053924,-0.010606354047816513
HS300,2021-10,2021-10-29,-0.006946887252675227,0.009175726511049032,-0.003684018603438477,-0.010395269702450638,-0.0038707843183440893
HS300,2021-11,2021-11-30,-0.0017906943153325194,-0.0039982083607221774,0.0024472136532378563,0.0025417792578672493,0.009236716312858384
HS300,2021-12,2021-12-31,0.007787684192420041,0.0038325628043907045,-0.004575970275928709,-0.010095030955112438,-0.010248101885717342
HS300,2022-01,2022-01-28,-0.019615640818273605,-0.012144048887892112,0.015407868754179432,-0.005463208526377383,0.009392521610415816
HS300,2022-02,2022-02-28,0.009737666964945602,0.0017977777700035613,0.008302692962310898,-0.008893461590246843,-0.005891100796946325
HS300,2022-03,2022-03-31,0.02901568015047351,-0.007405093299427068,0.01268437409489942,-0.0028803893588588148,-0.012838424322107689
HS300,2022-04,2022-04-29,0.0065641801282287915,0.02426202600439109,-0.0015016529137569234,-0.025284212048745536,-0.00802775265649558
HS300,2022-05,2022-05-31,0.006927500294279465,0.015512216624497643,-0.0020383637658111242,0.0015654476893851577,0.018710040104470638
HS300,2022-06,2022-06-30,-0.015401344655860294,0.014396937410844579,-0.004078696796953163,0.006562312642078849,-0.001443940543101374
HS300,2022-07,2022-07-29,0.00015076794611945665,-0.013150804617394818,0.004454807100641611,-0.019494212853264692,-0.009751343064954177
HS300,2022-08,2022-08-31,-0.0033566286507953347,0.0007478299315004655,-0.008605876031941406,-0.0049770769082772,-0.002034489897512537
HS300,2022-09,2022-09-30,-0.0004090150468435416,-0.0058158250643298715,-0.022063735943731344,0.0018143284377909463,0.015189043500701827
HS300,2022-10,2022-10-31,-0.024734897670018685,-0.00921264305010916,0.035759357301157424,0.012006032734269922,-0.008132024400423488
HS300,2022-11,2022-11-30,0.030852264371753924,0.0011989329652517533,0.01083119908560426,-0.006116408957758446,0.01961509677089346
HS300,2022-12,2022-12-30,-0.0037623360839417197,0.003872222366271716,0.0042010685927440505,0.0012986448464840095,0.019427436482583493
HS300,2023-01,2023-01-31,0.00473941696418545,-0.010588989954407269,0.00940037148258921,-0.0035231735111120877,-0.009451466701744793
HS300,2023-02,2023-02-28,-0.004235363065417941,0.0063340706678916,0.014125464834514823,-0.002230465075593435,0.00311214630754697
HS300,2023-03,2023-03-31,0.008083084382388694,0.0030704271806099026,0.009785910678200338,0.0030648555408443467,-0.001575636012239534
HS300,2023-04,2023-04-28,0.0073713772339238925,0.010196524035344323,0.00028815468322118676,-0.0033174145405976407,0.011398407270125643
HS300,2023-05,2023-05-31,0.0009945379962810197,-0.01021717389910859,0.0021913665318518127,0.014438907374489274,-0.004553535962446786
HS300,2023-06,2023-06-30,-0.004935171041233866,0.005392161480165081,0.01312443200331459,0.0015749257234101144,-0.007747601764856782
HS300,2023-07,2023-07-31,0.023163764351947558,0.005482954303537957,-0.004142100268268778,-0.007030013249121336,0.00883877281389056
HS300,2023-08,2023-08-31,-0.00042136013574289866,-0.006134865685981983,0.006964444496381228,0.015155251588359286,-0.007439427667583209
HS300,2023-09,2023-09-28,0.0020585486771482753,-0.002966630140021853,-0.001298001879378674,-0.0074909192754528675,0.00284977876069914
HS300,2023-10,2023-10-31,0.006003562220254111,-0.0031438941986263735,-0.0004137153062065968,-0.004715170173734462,0.008425832165931624
HS300,2023-11,2023-11-30,-0.008587694325147166,0.002263562238071337,-0.003810419475070548,-0.006529938863831575,-0.019039992046559928
HS300,2023-12,2023-12-29,0.023433643342124277,0.004852776655127844,-0.01304475811034922,-0.002378665891791365,-0.009248742783716235
HS300,2024-01,2024-01-31,-0.017833448346832204,-0.009148734421990046,0.0007339789652824891,-0.011835432081998665,0.006539444236873138
HS300,2024-02,2024-02-29,-0.01274097677483621,0.01907740286239301,0.006177899150247246,0.0008663566438389392,0.006960438242702427
HS300,2024-03,2024-03-29,0.005189581895787443,0.004691611532633866,0.01644191182207444,-0.004163645652646153,-0.003595131198689705
HS300,2024-04,2024-04-30,0.011060553769820292,-0.005386166831267691,0.014838277946306766,0.00030919574386989446,-0.007866886325474054
HS300,2024-05,2024-05-31,-0.0053161430869939075,-0.0040027131757064405,0.002464576771859628,0.007502059213965406,-0.005774031984657757
HS300,2024-06,2024-06-28,-0.007512933641547481,0.0021826121748012017,0.004774014294310458,-0.0018391786746125849,-0.0024114389538986147
HS300,2024-07,2024-07-31,-0.006299506125797882,0.021577547455289947,-0.006629412115040756,-0.010199264988450696,-0.012135414573725578
HS300,2024-08,2024-08-30,-0.0026821879594559617,0.013348461915604348,-0.016986945092675287,0.0025779384578066278,-0.006495940495425345
HS300,2024-09,2024-09-30,0.04466874640370966,0.08482632837295823,0.05929556940208136,-0.07051344706510365,0.01056728237525717
HS300,2024-10,2024-10-31,-0.008968954930746675,0.0004090553700537569,-0.00026214071302266273,0.014072421221484666,0.02530216018101994
HS300,2024-11,2024-11-29,-0.008828667189653583,0.01137028279291874,0.007927573601784976,0.0010791279430302225,-0.005398679923439231
HS300,2024-12,2024-12-31,0.004527219205276323,-0.01603954335200275,-0.029102564200308434,-0.011839351690073996,-0.0016407234228764667
HS300,2025-01,2025-01-27,0.00765561509922863,-0.004118069412324621,-0.005762258061135728,0.012581272883216199,0.0129776685527756
HS300,2025-02,2025-02-28,0.0020644246972367775,-0.019673820019374566,-0.0004046222565889934,-0.0008368321351770458,0.004465898970972271
HS300,2025-03,2025-03-31,-0.0043856035430672735,-0.0071159179457525035,9.749682685145089e-05,-0.0008485769809026822,-0.0058907636882638
HS300,2025-04,2025-04-30,-0.001729946882538913,-0.001193882932718937,0.01007062592658392,0.0060613746677862235,0.005550905659658545
HS300,2025-05,2025-05-30,0.005855739844994101,-0.004786067846684228,0.0030677834047527774,0.004343183680844298,0.0022780008907286042
HS300,2025-06,2025-06-30,-0.006148473651932718,0.003651678660437474,0.0016978825882305593,0.000234099851829761,0.006182796039744476
HS300,2025-07,2025-07-31,-0.0001893052641314119,-0.018222756681259833,-0.005069694186683682,0.0038900804428387836,0.00804455643165336
HS300,2025-08,2025-08-29,0.017704685705635104,0.007387681566886517,0.005993650093322644,-0.007351928538317121,-0.006819579227307471
HS300,2025-09,2025-09-30,0.015385328817338007,0.00446748121720697,0.014823001650831058,-0.01967265189674794,-0.004950578686606422
HS300,2025-10,2025-10-31,-0.007988267501966129,-0.014701551685371683,0.0027442169963463048,-0.007457768003330201,0.0018529027329992065
HS300,2025-11,2025-11-28,-0.0004918513599512231,0.0024934651458574653,0.011006786015832493,-0.00484017650223334,-0.005112930866965404
HS300,2025-12,2025-12-31,0.002567157796357078,-0.004588412398990105,0.018964824598158847,0.01546246872977064,-0.0029281770031649446
HS300,2026-01,2026-01-30,0.007604719890309308,-0.00999816991209257,-0.021324426199551993,0.011751679338598775,0.00827770515189763
HS300,2026-02,2026-02-27,-0.0019029174266440574,-0.0034329241693347168,0.0038258014238807814,-0.015389531388219524,-0.011441833872184004
HS300,2026-03,2026-03-31,-0.002358652947094808,-0.00932802012489009,0.017082283813054655,-0.01041765630461422,-0.008512329436928256
HS300,2026-04,2026-04-30,0.010957484213072854,-0.0006319710407587387,0.014516859439182905,0.004801219742740281,-0.005835719139436479
HS300,2026-05,2026-05-29,0.0012310082042765735,-0.00449573421100502,-0.009784304190350146,0.014512861110738351,0.004934318623502021
HS300,2026-06,2026-06-12,-0.005513632035082372,0.011627109197587915,,,
SSE,2009-01,2009-01-23,0.010042740209650569,-0.007129351290879438,0.010562341980562273,0.024419851437825768,0.022777958936494924
SSE,2009-02,2009-02-27,-0.038667635891658225,-0.018102053929497264,0.005086775248553277,-0.01051662640611395,0.06115385933685458
SSE,2009-03,2009-03-31,-0.006906055243388165,0.00643458126240426,0.014665350307789815,0.007173537396122809,-0.002273129286341047
SSE,2009-04,2009-04-30,0.02779751132446484,0.003799137182196599,0.03323499769330329,0.002900882100979274,0.00980899663737178
SSE,2009-05,2009-05-27,-0.008212612212213699,0.017134910133953962,0.033555772466415945,0.0011105068203196566,0.01992693908384635
SSE,2009-06,2009-06-30,0.016085930966040163,-0.0053614509258518295,0.0164859858307298,0.017320944766717083,0.009186492363052245
SSE,2009-07,2009-07-31,0.016877130765312165,0.0272468358241309,0.014808640640175952,0.0025564678463232404,-0.012369787540739474
SSE,2009-08,2009-08-31,-0.029088767799293702,-0.06744636255334391,0.005989702913884232,0.011644267443298828,0.04790101120673729
SSE,2009-09,2009-09-30,-0.0032512823296333426,0.009034539342322123,0.04759579855696838,-0.005918161633264418,0.014409481762373666
SSE,2009-10,2009-10-30,-0.02337687529133259,0.011951496825161945,0.02697099452308649,0.012213937956523369,0.004595040759713509
SSE,2009-11,2009-11-30,-0.023562116443496817,0.03198563430455703,0.012537785955063496,0.010629100969504757,-0.0015670913268038822
SSE,2009-12,2009-12-31,0.015829010938235966,0.004456261877030743,-0.01018540867506701,0.011843971193923108,-0.008519949704144825
SSE,2010-01,2010-01-29,0.0025232646946853343,-0.0016201630984225002,-0.016034566044401122,-0.0022598389860472023,0.023553240129443598
SSE,2010-02,2010-02-26,0.012719638856360849,-0.002834394883647784,0.011762670534803732,-0.004771617200621026,0.0077761666690530085
SSE,2010-03,2010-03-31,0.0014949750271944229,-0.0061892913720070775,0.012322195615780185,0.003349096528707962,0.00022926214638152587
SSE,2010-04,2010-04-30,-0.01099839983781159,0.0007596484769378797,-0.012308877796399331,0.007714942843326966,-0.041107032844956204
SSE,2010-05,2010-05-31,-5.6854164925179695e-05,-0.02395541476341878,-0.009206268008720042,0.001222606698716655,-0.007298293590747296
SSE,2010-06,2010-06-30,-0.04268762636681256,-0.011818036112107966,-0.010247793292944785,0.0038373202032864207,-0.007954170148067319
SSE,2010-07,2010-07-30,0.005487793996422408,-0.004007754947290776,0.01327505599045753,-0.017030393831131252,0.004385226962141386
SSE,2010-08,2010-08-31,0.016057503958644803,-0.005227198016786172,-0.006031534054520393,0.012541166548857507,-0.00014383743207257993
SSE,2010-09,2010-09-30,-0.0002588695366463334,0.01722924083322419,0.03128640811429784,0.024901195584545288,0.01227848669477316
SSE,2010-10,2010-10-29,-0.0014911339424660275,-0.004592694127707242,0.02524006868456974,-0.002811702997458143,-0.0047434946874568285
SSE,2010-11,2010-11-30,-0.0018602234636092563,-0.016109303938519948,0.0011587908719334905,0.00713949499353439,-0.00041355925766106694
SSE,2010-12,2010-12-31,0.0029249213255040374,0.01757589483887889,0.0158724279996596,-0.0049270011582220885,-0.005071526633089074
SSE,2011-01,2011-01-31,0.0013094956622956566,0.013784034147670488,0.0029619872332833364,-0.008894375053591475,0.015896527298387086
SSE,2011-02,2011-02-28,-1.3200847772343316e-05,0.009201807150437835,0.004773406887929488,-0.00175133268469152,-0.00371678573193579
SSE,2011-03,2011-03-31,-0.0007795605050172627,-0.009357964470183888,0.013421280818930903,0.011440953558827127,0.002182010821760949
SSE,2011-04,2011-04-29,-0.01311406819151395,0.00847475826485522,0.007101810709284617,-0.022567106884005983,0.0022285283025187397
SSE,2011-05,2011-05-31,-0.0013232731119833252,0.013712509158977593,3.645016242193044e-05,-0.013993071805660673,0.008442688308102131
SSE,2011-06,2011-06-30,-0.011133291437161907,0.012311969691583213,-0.0009825942515702124,0.01937259409965053,0.0012574578234354483
SSE,2011-07,2011-07-29,-0.005402989984916506,-0.0026019122282860963,0.0007602538966713368,-0.00907025452856236,-0.0002888858449294762
SSE,2011-08,2011-08-31,-0.0038107244451880407,0.000290267845141301,-0.004400663721984666,-0.01086132387495986,-0.019594744253009888
SSE,2011-09,2011-09-30,-0.011169860981864232,-0.00258863090892103,-0.00611769991776967,0.001590336350380861,0.030437944642489168
SSE,2011-10,2011-10-31,0.015518058280171054,-0.002086188703045666,0.0007167021168845711,0.013801108412526464,0.0015901870047139166
SSE,2011-11,2011-11-30,0.01232000886265161,-0.0327388613712607,0.022904636725415983,-0.010975088610140515,-0.011621730157277743
SSE,2011-12,2011-12-30,0.001635013246464423,0.01189568638745353,-0.013652254211002135,-0.00965156103789544,0.006955240331177892
SSE,2012-01,2012-01-31,-0.014695241897997424,0.0033137304499970544,-0.010699595657351346,0.019609537582448544,0.00771829957847503
SSE,2012-02,2012-02-29,0.0019615399232630892,-0.009531550983601367,-0.000976739838426277,0.014252415899493664,-0.00637665893307271
SSE,2012-03,2012-03-30,-0.01432065827498219,0.00471902529127588,0.01743557063233503,0.0018729576964360284,-0.009007380276976229
SSE,2012-04,2012-04-27,-0.0008791709202170539,-0.003485262384408272,0.017576980665321207,0.0006742026446457938,0.004890823251696652
SSE,2012-05,2012-05-31,-0.0020789777187824043,-0.005214143016973538,0.0005066953765944238,-0.027338424124349614,0.0014580580884102634
SSE,2012-06,2012-06-29,-0.00951358948890646,0.013474551686982972,0.0003051094372281682,0.0013849270700909688,-0.0008424573377002753
SSE,2012-07,2012-07-31,-0.008855369192935836,-0.002976424631525365,0.00937710647384482,-0.005735249792781394,0.010237866749527091
SSE,2012-08,2012-08-31,-0.0003165736021449872,-0.002466645717473237,0.005677594672975239,-0.007526417492291659,-0.0029202666407001088
SSE,2012-09,2012-09-28,0.026021219735631318,0.014514256758301425,-0.005632333717930038,0.019673460376134377,0.0022276537303271837
SSE,2012-10,2012-10-31,0.0016532754913565206,0.003167750140980141,0.0171822435327329,0.005995928584869414,-0.0014260436476107863
SSE,2012-11,2012-11-30,-0.005084815327715875,0.008469112110692789,-0.010277170490430532,0.007845830652317254,0.02873918496027872
SSE,2012-12,2012-12-31,0.012400850991682866,0.01606446563128583,0.003465648478181649,0.00367678059474974,-0.004066748229166084
SSE,2013-01,2013-01-31,0.009961097543553787,0.0012369489711330228,0.014084719600976348,0.003775909252507148,0.002049293413844522
SSE,2013-02,2013-02-28,0.008668139626858862,0.022640734560482878,-0.0025731391663739167,-0.036491536787785384,0.02326995113934882
SSE,2013-03,2013-03-29,-0.02822672285040484,0.00014264620789150584,-0.0009952513188421497,-0.0029784348783452597,-0.001097524845807718
SSE,2013-04,2013-04-26,-0.008570006644674,-0.009728064340267184,-0.0017397397140012094,0.014430646288181359,0.01163864652729063
SSE,2013-05,2013-05-31,-0.002697054281444622,-0.007401146543478121,-0.0005837620267801213,-0.011671621901383489,-0.0006534895019222331
SSE,2013-06,2013-06-28,-0.0007594177797022317,0.014970669426306316,0.008102238978661136,0.005672494865284428,-0.006125907024958188
SSE,2013-07,2013-07-31,0.006961472565483406,0.0018768240619397858,0.017688844261633196,0.000172985909287382,0.010378837676614738
SSE,2013-08,2013-08-30,-0.0019387988679394619,0.0005507272221845216,3.145280506600123e-05,0.011753448262716182,0.0021223562393315465
SSE,2013-09,2013-09-30,0.0019565740749760696,0.0067767671422627185,0.010821896705929257,0.006173235453205139,-0.00942232213219385
SSE,2013-10,2013-10-31,0.014843127602326645,-0.008724518772133427,0.0037112196689037535,3.34951957654539e-05,0.003538276748507041
SSE,2013-11,2013-11-29,0.00831504677270578,0.0005100541955112003,-0.005914423031888161,0.0069308693463854265,0.013088762614333227
SSE,2013-12,2013-12-31,-0.0017713257483281675,0.008795587569945473,-0.0031148717047152497,-0.012444847721162722,-0.017966661802205852
SSE,2014-01,2014-01-30,0.0055928022043516545,-0.008210588346632908,0.005614133805653676,0.020332629492730847,0.008438846882674378
SSE,2014-02,2014-02-28,0.002988359116503858,0.00437051921651066,0.009207305152647782,-0.0018128067423690553,-0.008877257873986077
SSE,2014-03,2014-03-31,-0.002382501998448139,-0.004117133072637058,0.006961077181693254,0.005630390825705822,-0.007424035497049841
SSE,2014-04,2014-04-30,0.008412333097244984,0.002978210114035207,0.0004910287323365292,0.0003378789978853991,-0.008853384404039821
SSE,2014-05,2014-05-30,-0.0046985018251628485,-0.0006777435012826905,-0.0004447796501785284,-0.006608922609717349,0.007923612503543342
SSE,2014-06,2014-06-30,-0.0010629442525716959,0.005802574011421591,0.0010027695773184853,0.004407473537844764,0.0018505228176115551
SSE,2014-07,2014-07-31,-0.0008927295446300443,0.009315330754070095,-0.007385211045612183,0.017401705850401683,-0.001522940129022765
SSE,2014-08,2014-08-29,-0.006176608364468539,0.009737601203742674,0.008258614468699355,0.013659069447656602,0.00996493451589231
SSE,2014-09,2014-09-30,0.0042564737332169145,0.002612279452400834,0.008005516377804112,0.002760205036608454,-0.006207072907472133
SSE,2014-10,2014-10-31,0.007604623624648532,0.01217108950112844,0.004071601345024822,0.00026542860340961205,-0.0046995137568670575
SSE,2014-11,2014-11-28,0.01003745663496991,0.01990088523565592,-0.0009989432820133315,0.03111387214545447,0.00578242800460993
SSE,2014-12,2014-12-31,-0.000694756592138468,0.021751744811367768,0.03581223102028419,0.00027667363673322676,0.006716207486621384
SSE,2015-01,2015-01-30,-0.013138972296049989,-0.01592187607286144,-0.025561914824558718,0.02448870776099099,-0.009604646874308731
SSE,2015-02,2015-02-27,0.0215297001215915,0.0036214989397755915,0.007848526252732801,-0.021950169709772926,0.005050486477077287
SSE,2015-03,2015-03-31,0.025865766120893863,-0.01021241398543482,0.01664799842471698,0.004065304164273087,0.009970769382372069
SSE,2015-04,2015-04-30,9.070165099323013e-05,-0.007810580303890036,0.008737508879010258,-0.04056678058343954,-0.016153698345502066
SSE,2015-05,2015-05-29,-0.06504788926430982,-0.0018442665085228738,0.04705248166420328,0.016937758892696442,-0.0001118006502767166
SSE,2015-06,2015-06-30,-0.03335254847928848,0.055314419088928535,-0.05225869787883286,-0.03476651818499599,-0.057721570878503714
SSE,2015-07,2015-07-31,-0.02201090054597732,-0.011344486226190775,-0.01114166592743715,0.0368872493206418,-0.016496811963336633
SSE,2015-08,2015-08-31,0.048241806387422814,-0.008156297479016028,-0.012277661935411466,-0.002038764955600847,-0.025235058780121555
SSE,2015-09,2015-09-30,-0.020194759018368202,0.004820389870631159,0.02966999598071407,0.01265971380279085,0.03283256119486633
SSE,2015-10,2015-10-30,0.0035906062936787997,-0.0014034714810993165,-0.016992154760845368,-0.0025229437812699373,0.043098325290688466
SSE,2015-11,2015-11-30,-0.05480570763394388,0.0026484858873037087,0.003164795768507922,0.023318813022450646,0.013548003127027641
SSE,2015-12,2015-12-31,0.002565005534923337,-0.009430777894334996,-0.06863819623805612,-0.0025932436113920154,0.02254760912610898
SSE,2016-01,2016-01-29,-0.029206848915961148,0.030854476853211743,-0.01780611404372956,0.0225810038704235,-0.0037547689275050367
SSE,2016-02,2016-02-29,0.009471608703344847,-0.028632098262184158,0.016812637603432767,0.04262852292393071,0.0035361852782820336
SSE,2016-03,2016-03-31,0.02767728680187309,0.0010900993253446511,0.0018688944261073814,0.014466051000006974,-0.0008100056828138635
SSE,2016-04,2016-04-29,-0.0027362569278219784,-0.0024664005964173397,0.01848673546100943,-0.0004581234714596816,0.002196055724788426
SSE,2016-05,2016-05-31,0.0004976877371016819,0.0333632128115644,-0.0010659613744147256,0.004023329959392585,0.0045989561842849636
SSE,2016-06,2016-06-30,0.006535494412641452,-0.0006777887236696367,0.0009796542537303665,0.019140487131177775,0.0059516081755897066
SSE,2016-07,2016-07-29,0.0007767382275196688,-0.00500447012563443,-0.008710995529879417,0.006058471889035744,0.00241714171477736
SSE,2016-08,2016-08-31,0.0015143189294426485,0.0035174437891991595,-0.007190427714746095,0.0013211221213689228,0.0015462848737282098
SSE,2016-09,2016-09-30,0.003556060413868467,0.0020747164732020096,0.014457002905112537,0.005612271344314079,-0.002202431189113896
SSE,2016-10,2016-10-31,-0.002595788582835712,-0.001217033312179594,0.007077263866508865,-0.006310139362388667,0.008445138026745402
SSE,2016-11,2016-11-30,0.001807751543408953,-0.010018206336243507,0.007161463541612179,-0.009001899912290723,-0.012064085715615569
SSE,2016-12,2016-12-30,-0.0019788958605650997,0.002435647990243206,0.010401667463044051,0.007294191178346399,0.0020944702313603347
SSE,2017-01,2017-01-26,0.002227806500001872,0.0030518606761464895,-0.006012979374936167,0.005354168723349373,-0.0012340896355793607
SSE,2017-02,2017-02-28,-0.007614113342464202,0.004049048211951511,0.001604080286686349,-0.005206451750005225,-0.003627522733549049
SSE,2017-03,2017-03-31,-0.009588086806770368,0.0038246409298257067,0.014830346741705247,0.0032715602978927727,0.0017104520445572202
SSE,2017-04,2017-04-28,0.0036101726699835357,0.0007842176825858527,-0.0034697897521696053,-0.002661185248521436,-0.0025445357545865743
SSE,2017-05,2017-05-31,0.0007165769309849246,0.002289024834906561,-0.00466896810800288,0.0009401722349122732,-0.004470720068007528
SSE,2017-06,2017-06-30,0.0046832835360886005,0.00136885669099307,0.0010916462903132196,-0.004101490936387231,0.007644519626254009
SSE,2017-07,2017-07-31,0.0010643794151052877,0.006082551548609816,0.005991393901916053,-0.0023027129007198166,-0.0036918700929298165
SSE,2017-08,2017-08-31,-0.00047545098011259057,-0.0008371917686448294,0.0018772260258688167,0.003701680873173796,0.001400764532192289
SSE,2017-09,2017-09-29,-0.0016826738401762853,0.0027850290540123446,0.00759493368504649,0.002551285007192483,0.0015654804467175598
SSE,2017-10,2017-10-31,-0.00774845089516174,0.0008860476111960391,0.0007576603707084573,-0.003711226910473542,-0.003418251185451915
SSE,2017-11,2017-11-30,0.0012613775202428013,-0.0061937851235311925,0.0001293264053769949,-0.002411067944250278,-0.0017956755130047464
SSE,2017-12,2017-12-29,0.006289185299876543,0.0032726769696733715,0.01244356205241215,0.0062069840890595085,0.004927713804365963
SSE,2018-01,2018-01-31,-0.009932160090831643,-0.0020573341410529133,-0.009725832868166862,0.004380937626832004,0.0073415403456882355
SSE,2018-02,2018-02-28,-0.011264507490900577,-0.009920514983443596,0.004401412771890101,-0.005872768693066188,0.0007368195941162003
SSE,2018-03,2018-03-30,0.012247745163884716,0.0026470243914784586,-0.001804098335824067,-0.008392190261758747,-0.0017604864834362965
SSE,2018-04,2018-04-27,-0.013772729911388004,0.0023417657713911133,-0.00034196009319231724,0.006387494129678428,-0.0031684778857981044
SSE,2018-05,2018-05-31,-0.025322228133031643,0.017764593977266596,-0.006569593726063916,0.005220255227653459,0.0074453527605873315
SSE,2018-06,2018-06-29,-0.009342106806646155,0.021716633846401212,-0.025237250027919877,0.004082063528149327,-0.009961293730244347
SSE,2018-07,2018-07-31,-0.0015812956114520382,0.002562173040613791,-0.018031914893617107,-0.02000684714959955,-0.009964151309436398
SSE,2018-08,2018-08-31,-0.011395684242987536,-0.004561067977335909,-0.0016567293484009982,0.010969833875711599,-0.016812454100589735
SSE,2018-09,2018-09-28,-0.005358034183253424,0.010593980744859843,-0.037159515834618406,0.0016576416063258659,0.00177250163817666
SSE,2018-10,2018-10-31,0.010206116746646288,0.013525837523286288,0.001327041094090431,0.026950350255943833,-0.0041270685782350824
SSE,2018-11,2018-11-30,-0.013180814656060469,0.008079634095089716,0.025736548402414572,0.004203332984279884,-0.006058612348211367
SSE,2018-12,2018-12-28,-0.006086956173675384,0.004353453726532175,-0.011470005164609942,-0.0003768317817247624,0.020494553965691775
SSE,2019-01,2019-01-31,-0.007199760393454269,0.0034932005474506145,0.01302343289333785,0.013621405589726354,0.006781350889409232
SSE,2019-02,2019-02-28,0.004184236971684241,-0.00435740247218519,0.01803905060706512,0.011212406124906371,0.008809360626904406
SSE,2019-03,2019-03-29,-0.009189077780633825,0.03199226162234137,0.02575517073805189,0.0020379382663362478,0.012425310577677928
SSE,2019-04,2019-04-30,-0.007743654577277437,0.00517224827575391,-0.05583337502249586,0.006855753245180285,-0.011151623672852717
SSE,2019-05,2019-05-31,-0.0030504038843158776,-0.0024464821280161253,-0.002972371024764442,-0.009619110889663829,-0.00030115851698653273
SSE,2019-06,2019-06-28,0.0068908097785054245,-0.00597772551448339,0.022164049685821308,-0.0003152810829379904,-0.00942166440753478
SSE,2019-07,2019-07-31,0.003852761996146148,-0.006717726764347343,-0.008095126862528779,-0.014070915295352093,-0.016159216859256698
SSE,2019-08,2019-08-30,-0.0009807319688556193,-0.0016195541971256722,0.013120544154897829,0.002067982487639064,0.009302927185030896
SSE,2019-09,2019-09-30,0.001051180435684973,-0.009200703779832509,0.0028848381292920777,0.003873598369011466,0.00781371800868147
SSE,2019-10,2019-10-31,-0.0050284749452977895,-0.0034923031543677707,0.009949963401177708,0.005845446555337697,0.005400787500016824
SSE,2019-11,2019-11-29,-0.004650393790289531,-0.006129714772567629,0.0013321815151283722,0.0030916539253156294,-0.0022816946522652426
SSE,2019-12,2019-12-31,0.011643121746295115,0.0033223421920354212,0.011499204622500647,-0.0004576691674246236,-0.00012257659902459306
SSE,2020-01,2020-01-23,0.0028219525828090397,-0.02751837373458521,-0.07724503179543418,0.01335502798726873,0.01250356143653164
SSE,2020-02,2020-02-28,0.0011379122923980134,-0.03711528792563035,0.03146438709247357,0.0073936419257127906,0.006270847276067304
SSE,2020-03,2020-03-31,-0.009014491363006139,0.0011222282363980707,-0.005735746261493313,0.016864745233260203,-0.00598819407632345
SSE,2020-04,2020-04-30,0.004419535206816816,0.01333561032056263,0.006314154629132984,-0.0022994008980101732,0.008295597841284863
SSE,2020-05,2020-05-29,0.003319933277025955,0.0021533808676905686,0.022115090323736375,0.002046695668667997,0.000675361590581014
SSE,2020-06,2020-06-30,-0.006052925423998601,0.007819643723012026,0.013839702426462486,0.02134481346710393,0.020139327049702782
SSE,2020-07,2020-07-31,-0.0023462977667373375,0.007053926254600995,0.017509932758450475,0.0011054152878666734,0.001743043840355396
SSE,2020-08,2020-08-31,0.016027220574350798,-0.0023879151749541805,0.004396471043485395,-0.0017020430674071774,-0.005821777595290456
SSE,2020-09,2020-09-30,0.002120878249964653,-0.001955737559000137,0.016787479883022538,0.026401892865568932,0.00038261527215577296
SSE,2020-10,2020-10-30,0.0010672211689697342,-0.014725945671606677,0.00018173174223989896,0.014249086622850182,0.0019461497966721808
SSE,2020-11,2020-11-30,0.011447197745340754,-0.004856370039436064,0.017743911337935625,-0.0007410330081246697,-0.00210008755196589
SSE,2020-12,2020-12-31,0.010481092690017846,0.01716731786907011,0.008605642846242878,0.0073420806073039024,0.006291309745833917
SSE,2021-01,2021-01-29,-0.019075985191449818,-0.006306958623475634,0.006377995957013827,0.008102339211316423,-0.004634538732230076
SSE,2021-02,2021-02-26,0.0058825840048484235,-0.0211894073325698,0.01205985270787413,-0.012053837923072575,0.01946991841741652
SSE,2021-03,2021-03-31,0.006223626726779674,-0.004271444590120632,0.007095186365946082,0.005210118361426375,-0.00040896661454847827
SSE,2021-04,2021-04-30,0.005158417479783406,-0.008070733525933571,-0.0016168357482876372,-0.006511524916724354,0.0026663741727905865
SSE,2021-05,2021-05-31,-0.002235337507699775,0.004080500246612884,0.0025548496090559425,-0.007607772640820909,-0.0035934123183486433
SSE,2021-06,2021-06-30,-0.00920426400826102,0.005042849810448891,-0.000672756186864798,-0.01951108189661066,0.004422580681831212
SSE,2021-07,2021-07-30,0.014913775921513217,-0.004210774376825155,0.019699719605646315,-0.004703134990337032,0.008476527787767418
SSE,2021-08,2021-08-31,0.0017017980743050387,0.004475148597664846,0.006535099352697804,0.008394213787110028,-0.004255717821555205
SSE,2021-09,2021-09-30,-0.018300669198810238,0.009012539960608468,0.00672642472351348,-0.00012749964018921034,-0.012465653537076626
SSE,2021-10,2021-10-29,-0.012320670936185718,0.008219607914470517,-0.0008053931175394657,-0.01096099031761777,-0.0020227474221451436
SSE,2021-11,2021-11-30,-0.00039084310441095393,0.0003340166171863501,0.003647141449770963,-0.0008524176762741975,0.009400823093169253
SSE,2021-12,2021-12-31,0.006168472013213355,0.005688014635322869,-0.0020457308487474846,-0.010228423691796662,-0.002530335093469671
SSE,2022-01,2022-01-28,-0.017773987547414882,-0.009665472194569147,0.02027137179304117,0.006720354468956913,0.007911941885444307
SSE,2022-02,2022-02-28,0.006253431165463841,0.003158133236136118,0.007661945535720971,-0.0013305304866898515,-0.000883705605201901
SSE,2022-03,2022-03-31,0.01955623999083622,-0.004406115724136073,0.009382563142583678,0.00021597962906949597,-0.01423239019243916
SSE,2022-04,2022-04-29,0.005815199497545942,0.024055574133292845,0.006792444656524843,-0.02157894410871264,0.000859886192513315
SSE,2022-05,2022-05-31,0.006012959393835393,0.011865759348580251,-0.0013400589437635446,0.0041798691893579765,0.012803798391341603
SSE,2022-06,2022-06-30,-0.01398945386483863,0.011036085482808655,-0.0032304326231618052,0.00525144813331524,-0.00041169580202427003
SSE,2022-07,2022-07-29,0.002081962148585026,-0.008937492993307705,0.0020656343003495614,-0.022604892455669767,-0.00709074286618161
SSE,2022-08,2022-08-31,-0.004167583384839357,-0.007772321759185297,-0.005358294989160517,0.0004703326237527339,0.004215626155272378
SSE,2022-09,2022-09-30,-0.0012686091964478896,-0.005528402566878143,-0.016613592620795425,0.0018986969364305217,0.015341003667370234
SSE,2022-10,2022-10-31,-0.022453629903486427,-0.007697040322696913,0.02616812546267777,0.011508491010538524,-0.0018525855955143777
SSE,2022-11,2022-11-30,0.02312745387518622,0.0005041673175123496,0.0044853992084625816,-0.002946165041474047,0.017638289749045022
SSE,2022-12,2022-12-30,-0.004437066787588151,0.005060999752415585,0.00882250974910792,0.002247384255218643,0.010148819471390569
SSE,2023-01,2023-01-31,0.0013795579166226979,-0.004174570965565283,0.008984632963414674,0.00022801157166330022,-0.006776091329926626
SSE,2023-02,2023-02-28,-0.0027932516313862177,0.006621170927006759,0.00998351631263028,-0.0005117215944702158,0.005358459494244849
SSE,2023-03,2023-03-31,0.006540625674178013,0.003560599022031097,0.0071909561695411295,0.0049029303518144385,2.1131705467469786e-05
SSE,2023-04,2023-04-28,0.006674121503630559,0.01137866967346679,0.008180186165811287,-0.004762332563986171,0.01814363339904035
SSE,2023-05,2023-05-31,0.000858620098788121,-0.0060941984620128675,2.1531783565231777e-05,0.007936943813240394,0.0007343496377321124
SSE,2023-06,2023-06-30,-0.002193218987036949,0.00618436321735194,0.013089378032030696,0.00042386269931182774,-0.006903107523071661
SSE,2023-07,2023-07-31,0.018421218707166398,0.004613352072055266,-2.7043131363480022e-05,-0.008890745833269986,0.005755296869016657
SSE,2023-08,2023-08-31,0.00039861130200158357,-0.005502150527694649,0.004285747254057615,0.013983257623800593,-0.007142137699634232
SSE,2023-09,2023-09-28,0.00162558227467402,0.0010169548253218252,-0.004357210922058208,-0.007002757252924874,0.0012096632583644684
SSE,2023-10,2023-10-31,0.00124926104717904,-0.0009210492349301935,0.0014264082966213287,-0.00452221362538896,0.00710804723589975
SSE,2023-11,2023-11-30,-0.005551322915004153,0.0026428945155472228,0.0006475946414019607,-0.0028766655616525583,-0.016744770112546825
SSE,2023-12,2023-12-29,0.013754823108651726,0.00684704796148794,-0.004255219021592205,0.0016781015678484223,-0.004346790139142298
SSE,2024-01,2024-01-31,-0.01832205249715957,-0.01483080712531637,-0.006386119227640874,-0.014648794184947023,-0.010243751996225847
SSE,2024-02,2024-02-29,-0.019111047292289518,0.019378589598127327,0.003929793699926076,0.004058777279304371,0.002792413794464821
SSE,2024-03,2024-03-29,0.0058550571824427244,0.010131652020949566,0.01190727112322354,-0.0007863834776282719,-0.0018416505716012388
SSE,2024-04,2024-04-30,0.007902520045262706,-0.002640181969860378,0.011561685944195377,0.0022342003635469343,-0.006118044132008338
SSE,2024-05,2024-05-31,-0.006216614625823458,-0.0015735791372839536,-0.002696632416670508,0.004128648827395498,-0.00834465849658983
SSE,2024-06,2024-06-28,-0.00897284295338141,0.007315368417908141,0.00920939959958278,0.0007613371618353515,-0.004883198626898788
SSE,2024-07,2024-07-31,-0.004338751095321114,0.020647386742397966,-0.0021648667511242614,-0.009224566880155938,-0.015364482674471325
SSE,2024-08,2024-08-30,-0.00504823026471124,0.00676843164939589,-0.010969969185993578,-0.002865848344115296,-0.006671830220633335
SSE,2024-09,2024-09-30,0.02884951175493633,0.0806370015105935,0.04593979853720831,-0.06616959546102541,0.013215672484041985
SSE,2024-10,2024-10-31,-0.006137097444108508,0.004159525423438337,-0.0023809204396332273,0.011672318128125747,0.023194924063661304
SSE,2024-11,2024-11-29,-0.004254362602457817,0.009332772602343997,0.01128107511417542,0.004406682318752075,-0.004189941653945151
SSE,2024-12,2024-12-31,0.0021125582071106486,-0.016306922202336982,-0.026613456858375684,-0.015672044139557917,-0.0014034246426045671
SSE,2025-01,2025-01-27,0.006953826493020232,-0.0006225738833791628,-0.006495414232629559,0.012748774031293486,0.010092155739867659
SSE,2025-02,2025-02-28,0.0023217464929734533,-0.01982401738811157,-0.0011960623891678068,0.002196311342584023,0.0053411186417224865
SSE,2025-03,2025-03-31,-0.00665194713655326,-0.004643263061247516,0.0038039467033761376,0.0005053106899193249,-0.002423490213952939
SSE,2025-04,2025-04-30,-0.0005349083175050229,-0.002319379429845725,0.01130882528746291,0.008006660808404176,0.002791186074583951
SSE,2025-05,2025-05-30,0.007040263095176913,-0.004744836099643046,0.0043283215140192954,0.004231737525788315,0.002338721931116172
SSE,2025-06,2025-06-30,-0.007025757049390902,0.005899143339253898,0.003867407806119161,-0.0008543135168650462,0.001840341809191015
SSE,2025-07,2025-07-31,0.0016635676197991334,-0.011756727642124654,-0.0037101114740591967,0.0065613262654458104,0.009569088236599077
SSE,2025-08,2025-08-29,0.011379741339613503,0.003728278484971259,0.004562813137729105,-0.004488676387487622,-0.011554031041949409
SSE,2025-09,2025-09-30,0.008992697694368834,0.005241899676662776,0.013185147335232683,-0.009391269335097041,-0.0019309586690164915
SSE,2025-10,2025-10-31,-0.007327832292706948,-0.008053876445358488,0.005494855605480797,-0.004107862123700512,0.0022882763587368515
SSE,2025-11,2025-11-28,0.002866064348902686,0.003441576421085557,0.006534749302833154,-0.00416325264620121,-0.00505732593890984
SSE,2025-12,2025-12-31,-4.13589960859273e-05,0.000939190681937152,0.013751373197206096,0.014974833580511326,0.0005154680829753122
SSE,2026-01,2026-01-30,0.0016250573925176148,-0.009628704679960354,-0.024818428984533236,0.012946781756918657,0.008472522074922217
SSE,2026-02,2026-02-27,-0.0001446748444927648,0.003919085156118163,0.0047344604050754135,-0.014324852704938107,-0.009751433292356726
SSE,2026-03,2026-03-31,0.0024434528341805706,-0.00801012008553037,0.01456655312201538,-0.007412084227331972,-0.00999901767796929
SSE,2026-04,2026-04-30,0.007080061304793661,0.0011310977881027195,0.011676102097194496,0.004788020885664768,-3.349207780767305e-05
SSE,2026-05,2026-05-29,0.0011991517753873193,-0.00733585514790791,-0.002661623779761313,0.004278736439495834,0.002177123419242033
SSE,2026-06,2026-06-12,-0.0015553840428766952,0.011160730521455386,,,
ETF510300,2015-01,2015-01-30,-0.010568409025992542,-0.012413394919168486,-0.022508038585209,0.023624401913875603,-0.011393514460999121
ETF510300,2015-02,2015-02-27,0.029742997401097426,-0.0019629837352777013,0.007867378477100395,-0.027320880959018745,0.00831183720263673
ETF510300,2015-03,2015-03-31,0.03189873417721523,-0.011040235525024755,0.016373108409823978,-0.0014644862094216338,0.016132974822781643
ETF510300,2015-04,2015-04-30,0.005504975651069222,-0.0021057064645187973,0.005486389533656766,-0.03798530954879331,-0.010471204188481686
ETF510300,2015-05,2015-05-29,-0.06776379477250716,0.0006230529595014911,0.052303860523038814,0.016962524654832167,-0.008339798293250489
ETF510300,2015-06,2015-06-30,-0.037735849056603654,0.07221425155428007,-0.06400535236396077,-0.02120562306409346,-0.04600778967867569
ETF510300,2015-07,2015-07-31,-0.03435305917753262,0.0,0.0002596728122565839,0.03971962616822422,-0.022222222222222254
ETF510300,2015-08,2015-08-31,0.04451949646914333,-0.002057613168724326,-0.0038291605301914444,-0.002956830277942135,-0.02461447212336887
ETF510300,2015-09,2015-09-30,-0.01931330472102999,0.006877149109096425,0.03601366035392739,0.012586155229247664,0.04172832198875409
ETF510300,2015-10,2015-10-30,0.00139703827884885,0.0002790178571427937,-0.0167364016736401,-0.007659574468085184,0.06003430531732423
ETF510300,2015-11,2015-11-30,-0.05401153644467749,0.00027716186252768615,0.00775838182321964,0.04289249381358262,0.0021091484313209286
ETF510300,2015-12,2015-12-31,-0.0002622606871230948,-0.008919202518362979,-0.06431974589730016,-0.002263083451202297,0.015593989225971105
ETF510300,2016-01,2016-01-29,-0.021634615384615308,0.028431028431028516,-0.010921501706484649,0.021394064872325647,-0.004729729729729626
ETF510300,2016-02,2016-02-29,0.009638554216867545,-0.023525400613706116,0.018854748603352123,0.044893762851268004,-0.0022958346999017998
ETF510300,2016-03,2016-03-31,0.027484819431128127,-0.0018662519440123537,0.0031162355874103653,0.009630319975147517,-0.0018461538461538307
ETF510300,2016-04,2016-04-29,-0.0006333122229258414,-0.0012674271229404788,0.019352791878172626,-0.0037348272642390157,0.0
ETF510300,2016-05,2016-05-31,0.0006535947712418277,0.03494448073154799,-0.004102240454402106,0.0009505703422054701,0.011712567268122864
ETF510300,2016-06,2016-06-30,0.00445576066199882,0.0015842839036754874,-0.000949066751028016,0.016782773907536352,0.002491435689816024
ETF510300,2016-07,2016-07-29,0.0027641277641279327,-0.0033690658499234694,-0.008297480024585191,0.0024790827393863513,0.0012364760432765909
ETF510300,2016-08,2016-08-31,0.004165426956262985,0.004148148148148012,-0.010622602537621595,0.004473605726215135,0.0020783847980998527
ETF510300,2016-09,2016-09-30,0.0045495905368517775,0.003019323671497487,0.0114388922335944,0.0023809523809521504,-0.002375296912114022
ETF510300,2016-10,2016-10-31,-0.001467136150234749,-0.0020570085218923895,0.006183745583038691,-0.0067310506292068695,0.0076605774896876255
ETF510300,2016-11,2016-11-30,0.007773459189339249,-0.009090909090909038,0.00945232137892682,-0.011016248967226527,-0.020050125313283207
ETF510300,2016-12,2016-12-30,0.0005964807634952773,0.0008941877794337305,0.011316259678380014,0.008833922261484162,-0.0020431990659661725
ETF510300,2017-01,2017-01-26,0.0029735355337496827,0.004150607767565928,-0.005904930617065207,-0.00029700029700030495,-0.0017825311942959443
ETF510300,2017-02,2017-02-28,-0.007787712719930839,0.0014534883720929148,0.0011611030478957396,-0.0034792693534358987,-0.00378236834448642
ETF510300,2017-03,2017-03-31,-0.00953206239168114,0.00729075532225143,0.016502605674580284,-0.0011392765593848386,0.001996007984031767
ETF510300,2017-04,2017-04-28,0.0005810575246949501,-0.003774680603948921,-0.0014573010784028062,-0.004962054874489197,-0.00381343502493392
ETF510300,2017-05,2017-05-31,-0.0017177211565989614,0.0005735589331803403,0.0022929206076238717,-0.0025736345438946984,-0.006594036697247563
ETF510300,2017-06,2017-06-30,0.005997818974918134,-0.001626016260162566,-0.004343105320304019,-0.008178844056706769,0.012919186366135316
ETF510300,2017-07,2017-07-31,0.0037214247740562367,0.00370762711864403,0.0079155672823219,0.0,-0.009947643979057563
ETF510300,2017-08,2017-08-31,-0.0010269576379974277,-0.0017990233873040884,0.0012873326467559565,0.003599897145796005,0.003586984370996582
ETF510300,2017-09,2017-09-29,0.001545197012619015,0.00334276163538183,0.010507432086109603,0.001268069997463872,0.0037993920972645423
ETF510300,2017-10,2017-10-31,-0.00440852314474649,-0.0007380073800740128,-0.003446578040374071,0.0017292490118576698,-0.0027127003699136676
ETF510300,2017-11,2017-11-30,-0.0009744214372717774,-0.011460619361131408,0.0007400098667982302,0.004190288390436336,0.006136475208639913
ETF510300,2017-12,2017-12-29,0.009190263288623823,0.003199606202313854,0.014720314033366044,0.005319148936170359,0.0031265031265030885
ETF510300,2018-01,2018-01-31,-0.010227801022780203,0.0030530765617660105,-0.007024116132053226,0.0061306295684979695,-0.0009374267635342548
ETF510300,2018-02,2018-02-28,-0.014320388349514657,-0.01009603545924631,0.00721393034825879,-0.006668313163744166,-0.0022376926902040184
ETF510300,2018-03,2018-03-30,0.018267223382046005,-0.0015376729882112805,-0.0033367556468172355,-0.006438320885912896,-0.0025920165889061764
ETF510300,2018-04,2018-04-27,-0.019884877027734227,0.0021356113187400716,0.003196590303676139,0.005841741901221331,-0.004751847940865805
ETF510300,2018-05,2018-05-31,-0.01895235588312716,0.020391735980681558,-0.00683670786221402,0.009796134498279097,0.008390141583639155
ETF510300,2018-06,2018-06-29,-0.0057703404500865085,0.026407428903076013,-0.02657619451512594,-0.0037757769387162243,-0.010495626822157433
ETF510300,2018-07,2018-07-31,-0.005583472920156485,0.0036496350364965124,-0.02237762237762242,-0.022317596566523545,-0.014047410008779626
ETF510300,2018-08,2018-08-31,-0.009855072463768155,-0.007611241217798548,-0.0020648967551623043,0.011823825007389877,-0.020449897750511203
ETF510300,2018-09,2018-09-28,-0.004301691998852886,0.010368663594469973,-0.0476054732041048,0.0020951810835079243,-0.0005973715651134137
ETF510300,2018-10,2018-10-31,0.011817310763334588,0.011679292929292817,0.007176287051482211,0.04182156133828996,-0.012786202795123436
ETF510300,2018-11,2018-11-30,-0.009894867037724242,0.010306058713304367,0.025965996908809963,0.0015064778547753122,-0.004512635379061325
ETF510300,2018-12,2018-12-28,-0.0022883295194507935,0.002293577981651307,-0.013729977116704872,2.220446049250313e-16,0.02552204176334083
ETF510300,2019-01,2019-01-31,-0.006576886940181659,0.009457755359394637,0.016552154903185512,0.01382488479262678,0.0072727272727270975
ETF510300,2019-02,2019-02-28,-0.005420054200542035,-0.0019073569482289665,0.02047502047502059,0.010433386837881198,0.008472332539052108
ETF510300,2019-03,2019-03-29,-0.0026831231553527957,0.0408931934355663,0.025846471956577854,-0.0017636684303350414,0.01337708228167589
ETF510300,2019-04,2019-04-30,0.003866976024748725,0.0005136106831020726,-0.05723819301848043,0.009256738361012706,-0.012948475856487729
ETF510300,2019-05,2019-05-31,-0.0005476451259583959,-0.004931506849314982,0.0022026431718060735,-0.009065934065934034,-0.0022179096201829784
ETF510300,2019-06,2019-06-28,0.011000523834468368,-0.0002590673575129099,0.0246177766260689,0.0015174506828528056,-0.008333333333333304
ETF510300,2019-07,2019-07-31,0.004608294930875445,-0.007135575942915362,-0.00924024640657084,-0.015284974093264125,-0.017363851617995363
ETF510300,2019-08,2019-08-30,-0.002848265147591955,0.002596728122565617,0.011137011137011044,0.0010245901639345245,0.01253838280450359
ETF510300,2019-09,2019-09-30,0.0023035577169183696,-0.012002042900919219,0.006461617989144353,0.0028248587570620654,0.007170294494238227
ETF510300,2019-10,2019-10-31,-0.0065441731688899996,-0.0005067139599697068,0.020532319391634912,0.0032290114257327307,0.0056944788313939565
ETF510300,2019-11,2019-11-29,-0.0015243902439023849,-0.010941475826972025,0.0020581425263699327,0.004107830551989711,0.0005113781641523651
ETF510300,2019-12,2019-12-31,0.014438635797858979,0.005153374233128893,0.012939453125,-0.002410219329958996,-0.003865668035757386
ETF510300,2020-01,2020-01-23,0.003410475030450444,-0.029861616897305154,-0.08433433433433435,0.03033615742006024,0.009814323607427067
ETF510300,2020-02,2020-02-28,0.00024570024570014226,-0.03389830508474578,0.03635901347571813,-0.0007360157016681468,0.0071200589246256385
ETF510300,2020-03,2020-03-31,-0.009189189189189206,0.0008183306055646877,0.0010902153175251783,0.013612850530901222,-0.006983615363953755
ETF510300,2020-04,2020-04-30,0.005220569042025502,0.014801350298623728,0.0025588536335721113,-0.0017866258295048398,0.010738941447200112
ETF510300,2020-05,2020-05-29,0.0013003901170349774,0.004155844155844246,0.026383859286083666,0.00277217741935476,-0.00025131942699163634
ETF510300,2020-06,2020-06-30,-0.008645533141210304,0.012112403100775104,0.022498803255146083,0.02294007490636707,0.01990846681922198
ETF510300,2020-07,2020-07-31,-0.007369972625815957,0.007636826474331615,0.015789473684210575,0.0008290155440415781,0.00041416442327602
ETF510300,2020-08,2020-08-31,0.024588455928318487,-0.008745169818995535,0.006975789905621754,-0.0008149959250204342,-0.004078303425774754
ETF510300,2020-09,2020-09-30,0.0023661002366099915,-0.0030042918454936673,0.020017219113215745,0.03123021734543152,0.003273992224268607
ETF510300,2020-10,2020-10-30,0.00915903413821817,-0.018770627062706158,0.005886062644523848,0.010658307210031248,0.007650951199338563
ETF510300,2020-11,2020-11-30,0.014242728184553632,-0.0049446202531644445,0.022063208109719623,-0.0021392454297938235,-0.0003897875657767891
ETF510300,2020-12,2020-12-31,0.012514665623777788,0.021050598686751743,0.008889729525250578,0.01856017997750281,0.00901895821829557
ETF510300,2021-01,2021-01-29,-0.024633218619815267,-0.006870937790157794,0.01178010471204205,0.014784697837737948,-0.0010926971407758668
ETF510300,2021-02,2021-02-26,0.009397457158651035,-0.027199707922599514,0.01670106961906548,-0.012735326688815052,0.019629837352776125
ETF510300,2021-03,2021-03-31,0.008724965298433585,-0.007273442107332606,0.012277227722772288,0.009585289514866924,-0.005425305173415884
ETF510300,2021-04,2021-04-30,0.008972108445484794,-0.008699014111734016,-0.01306552262090488,-0.012052953961667612,-0.000200000000000089
ETF510300,2021-05,2021-05-31,-0.0028053113895643023,0.0011252813203301848,0.0014986886474335215,-0.00804339693228584,-0.00773147275127295
ETF510300,2021-06,2021-06-30,-0.010229210077666306,0.005933014354067012,-0.0003805175038052999,-0.02683669585078019,0.00136905926070785
ETF510300,2021-07,2021-07-30,0.01805353807843968,-0.006930289441500315,0.024835796387520537,0.0004005607850992021,0.008808808808808966
ETF510300,2021-08,2021-08-31,-0.003674219228413933,-0.00040975209997962114,0.01434720229555242,-0.0008082440897150267,-0.005460060667340727
ETF510300,2021-09,2021-09-30,-0.00666128381106168,0.002844950213371389,0.014387031408307882,-0.00019976028765489318,-0.010389610389610282
ETF510300,2021-10,2021-10-29,-0.004225352112676051,0.006465952717720658,-0.00321220638426023,-0.010473313192346567,-0.004070832485242981
ETF510300,2021-11,2021-11-30,-0.0014181523500811366,-0.0036518563603166188,0.0026471187130931995,0.002030869212022779,0.00912038913660318
ETF510300,2021-12,2021-12-31,0.00725806451612887,0.0024019215372297342,-0.0035942492012779326,-0.009418837675350789,-0.01132915233663745
ETF510300,2022-01,2022-01-28,-0.017212069698257615,-0.015351351351351461,0.015810276679842028,-0.004755728491137146,0.008470894874022417
ETF510300,2022-02,2022-02-28,0.007726269315673218,0.00131434830230015,0.008313279369940751,-0.007593838142764042,-0.00634018364669886
ETF510300,2022-03,2022-03-31,0.029810954920019173,-0.007295834313956195,0.012091038406828014,-0.0028109627547435734,-0.012215175005872547
ETF510300,2022-04,2022-04-29,0.00668552327076366,0.025542784163473886,-0.0037359900373600263,-0.024249999999999994,-0.008198821419420965
ETF510300,2022-05,2022-05-31,0.005747126436781658,0.01590062111801238,-0.0014673514306676738,0.0026940974773448367,0.02002931118710327
ETF510300,2022-06,2022-06-30,-0.012187015289164549,0.0112157918349034,-0.0033274179236911783,0.006231916314266561,-0.0022119000221189067
ETF510300,2022-07,2022-07-29,0.0007015902712816935,-0.013788268286982763,0.004265402843601773,-0.016753185464842058,-0.010799136069114423
ETF510300,2022-08,2022-08-31,-0.0021686746987952255,0.0,-0.00821057715527651,-0.005600194789384116,-0.0004897159647403448
ETF510300,2022-09,2022-09-30,0.0002568713074750928,-0.00667693888032872,-0.02042399172699061,-0.0007917656373713777,0.01637612255678822
ETF510300,2022-10,2022-10-31,-0.023306233062330595,-0.01082130965593786,0.038709677419354716,0.009181744531461034,-0.008027829810008047
ETF510300,2022-11,2022-11-30,0.030590717299578074,0.0007676560900715668,0.011506008693428882,-0.005813953488372103,0.01805237732011178
ETF510300,2022-12,2022-12-30,-0.0030503304524657215,0.004079551249362545,0.0027932960893854997,0.0012661433274248068,0.01896813353565996
ETF510300,2023-01,2023-01-31,0.005740253527864114,-0.010939357907253311,0.007453714835297109,-0.0023866348448686736,-0.010287081339713122
ETF510300,2023-02,2023-02-28,-0.003694581280787923,0.006427688504326179,0.012036354704003882,-0.0012135922330096527,0.0021871202916161625
ETF510300,2023-03,2023-03-31,0.010758068551413702,0.0024752475247524774,0.007407407407407529,0.004901960784313708,-0.0029268292682925745
ETF510300,2023-04,2023-04-28,0.008858516831182106,0.00978424485699958,0.0,-0.003975155279503095,0.01122474432526821
ETF510300,2023-05,2023-05-31,0.0010432968179447943,-0.009379885356956774,0.002104155707522315,0.013910761154855678,-0.004659590991457407
ETF510300,2023-06,2023-06-30,-0.004642765024503448,0.005960093288416735,0.011591962905718622,0.0017825311942958333,-0.00686324351804779
ETF510300,2023-07,2023-07-31,0.024169184290030454,0.003933136676499194,-0.004407443682663992,-0.007132316773241443,0.008917513004706557
ETF510300,2023-08,2023-08-31,-0.0002591344908007276,-0.004924831518921757,0.005991143526960174,0.015018125323666531,-0.006887755102040871
ETF510300,2023-09,2023-09-28,0.002653927813163648,-0.0037056643726840477,-0.002656748140276277,-0.007192328183271202,0.002146498524282281
ETF510300,2023-10,2023-10-31,0.004400440044004306,-0.0021905805038334725,-0.0005488474204171645,-0.004667764964305321,0.007724137931034436
ETF510300,2023-11,2023-11-30,-0.007531380753138195,0.0011242270938731647,-0.003930376193149954,-0.006764374295377684,-0.018728717366628733
ETF510300,2023-12,2023-12-29,0.02466960352422909,0.002866150759530006,-0.013146613318090972,-0.002896032435563245,-0.00871333139703756
ETF510300,2024-01,2024-01-31,-0.01697484086086698,-0.006475485661424529,-0.0012414649286157653,-0.009322560596643825,0.006273525721455453
ETF510300,2024-02,2024-02-29,-0.010332950631458226,0.01595127610208813,0.007707679132172407,-0.0008498583569404028,0.008222285228239201
ETF510300,2024-03,2024-03-29,0.004866876610363446,0.004558404558404616,0.016449234259784618,-0.0033482142857143016,-0.00391937290033606
ETF510300,2024-04,2024-04-30,0.012034704729918966,-0.004977876106194712,0.0138966092273487,0.0005482456140351033,-0.007945205479451989
ETF510300,2024-05,2024-05-31,-0.0038781163434902233,-0.0038932146829812053,0.0013958682300392322,0.006969612489545529,-0.003599114064230302
ETF510300,2024-06,2024-06-28,-0.005430122892254974,0.0020114942528735025,0.0040149125322626045,-0.00142816338189089,-0.0017162471395880674
ETF510300,2024-07,2024-07-31,-0.006658946149391998,0.02244243660740297,-0.007126567844925824,-0.01033591731266148,-0.011314186248912117
ETF510300,2024-08,2024-08-30,-0.0029788501638368103,0.013444876008365636,-0.017688679245283057,0.0036014405762305746,-0.006279904306220163
ETF510300,2024-09,2024-09-30,0.06291208791208791,0.0940811579219436,0.042286794235766756,-0.08839528558476872,0.015912481352560848
ETF510300,2024-10,2024-10-31,-0.010465985546972312,0.0,0.0020146058927221766,0.01331992963056039,0.02604166666666652
ETF510300,2024-11,2024-11-29,-0.007273639327815329,0.010864072764022348,0.007498125468632599,0.0009923096005954868,-0.005204460966542701
ETF510300,2024-12,2024-12-31,0.004671748217359273,-0.01566324033284383,-0.02809547488811548,-0.010232796111537379,-0.00413543551305251
ETF510300,2025-01,2025-01-27,0.008211444701052173,-0.0055993891575464305,-0.005119017148707439,0.011577051710830899,0.014242115971515812
ETF510300,2025-02,2025-02-28,0.003206709422792331,-0.01794934841406437,-0.003254882323485364,-0.0010047726701833959,0.004274578828262543
ETF510300,2025-03,2025-03-31,-0.004718152470821968,-0.005988023952095856,-0.0005020080321284093,-0.0007533902561527306,-0.00502638853983417
ETF510300,2025-04,2025-04-30,-0.00180598555211553,-0.0007753941586973179,0.009570615623383238,0.006149116064565696,0.005856888209829325
ETF510300,2025-05,2025-05-30,0.0060882800608828,-0.0017650025214321907,-0.0005051780752716173,0.004296183977761103,0.0025163563160544022
ETF510300,2025-06,2025-06-30,-0.005770195684897228,0.004794347716376546,0.0015067805123052391,0.0010030090270811698,0.005761523046092121
ETF510300,2025-07,2025-07-31,-0.0007083825265643551,-0.018194706994328902,-0.005294825511432122,0.004597144931042907,0.007466281310211764
ETF510300,2025-08,2025-08-29,0.018770949720670504,0.009212546611098826,0.0032601608346010114,-0.0056325823223569715,-0.008932461873638275
ETF510300,2025-09,2025-09-30,0.0165555794452803,0.0027495769881555887,0.015819447373971673,-0.02014119601328912,-0.005721551176096518
ETF510300,2025-10,2025-10-31,-0.008021390374331472,-0.013891768608749744,0.0014718250630780805,-0.007138358177619097,0.0012687671812223744
ETF510300,2025-11,2025-11-28,-0.0008646779074795719,0.0028126352228472484,0.011218985976267692,-0.004480477917644499,-0.004500642948992883
ETF510300,2025-12,2025-12-31,0.002099517111064486,-0.004190236748376153,0.019145802650957222,0.015483071841453144,-0.0036592803415326225
ETF510300,2026-01,2026-01-30,0.009100529100529053,-0.011954697986577112,-0.023561876459350373,0.013913043478260612,0.009219554030874821
ETF510300,2026-02,2026-02-27,-0.0031578947368422483,-0.002111932418162432,0.002962962962963056,-0.012871913905887489,-0.014536126549807737
ETF510300,2026-03,2026-03-31,-0.0017746228926353025,-0.008222222222222242,0.015908581671521427,-0.009925011027790198,-0.007796836711962629
ETF510300,2026-04,2026-04-30,0.010691823899371178,0.000622277535780924,0.013266998341625147,0.004909983633388126,-0.00529315960912069
ETF510300,2026-05,2026-05-29,0.0,-0.0018248175182482562,-0.011172049563274555,0.013968775677896561,0.005875202593192741
ETF510300,2026-06,2026-06-30,0.010597106174852211,0.012099213551119314,-0.004184100418409997,-0.029611844737895243,0.005360824742268289
ETF510300,2026-07,2026-07-31,-0.011165986686708096,0.01042345276872969,-0.011605415860735047,0.011306805827353772,0.013545474091593235
ETF510300,2026-08,2026-08-07,-0.0010606703436571996,0.008919091102144838,,,
