instrument,mode,fill,cost,hold,n_trades,win_rate,avg_win,avg_loss,total,cagr,max_dd,sharpe,years
HS300,V1,close,0.0,4d,105,0.6571428571428571,0.022544289855072463,-0.014519305555555556,1.712745088331082,0.059828403072780256,-0.0728282336766977,1.004731981112564,17.17453798767967
HS300,V1,close,0.0,5d,105,0.638095238095238,0.028129268656716416,-0.018287815789473683,2.1060592894728813,0.06820523801135803,-0.08050510883195075,0.8906999666880502,17.177275838466805
HS300,V1,open,0.0,4d,105,0.6095238095238096,0.023006609375,-0.015604975609756096,1.2099863306652918,0.047254740465255685,-0.1273111243979423,0.7387602289443045,17.17453798767967
HS300,V1,open,0.0,5d,105,0.6095238095238096,0.028419859375000002,-0.017878341463414636,1.7781767558114283,0.061290126713559934,-0.1343218496431284,0.7515545925582411,17.177275838466805
HS300,V2,close,0.0,4d,209,0.6363636363636364,0.0221323984962406,-0.018651447368421052,3.2282551472500867,0.08660926246818823,-0.15016478137515002,0.9186291821167142,17.357973990417523
HS300,V2,close,0.0,5d,209,0.6267942583732058,0.02617223664122137,-0.0228061923076923,3.598009061739729,0.09185482974025971,-0.2139072066367056,0.8107879242097492,17.360711841204655
HS300,V2,open,0.0,4d,209,0.6028708133971292,0.02202522222222222,-0.019726831325301206,1.8681110917688653,0.06267329636280272,-0.2294577576323495,0.6746742813929035,17.333333333333332
HS300,V2,open,0.0,5d,209,0.6076555023923444,0.025948811023622044,-0.02312332926829268,2.5712893276884703,0.07618941248695976,-0.2265630925066749,0.6758250445384599,17.336071184120467
SSE,V1,close,0.0,4d,103,0.7378640776699029,0.019352539473684212,-0.013108296296296297,1.9740296826946921,0.06579967516034824,-0.052324856280707696,1.2983454335356226,17.10335386721424
SSE,V1,close,0.0,5d,103,0.6990291262135923,0.024790958333333335,-0.01747367741935484,2.311749122228767,0.0724872952344695,-0.0762239655800722,1.0633421867012756,17.111567419575632
SSE,V1,open,0.0,4d,103,0.6601941747572816,0.020806632352941175,-0.0145788,1.3901539656038016,0.05224954659870784,-0.10643798795199992,0.8976995465667361,17.1088295687885
SSE,V1,open,0.0,5d,103,0.6407766990291263,0.02659463636363637,-0.01689318918918919,1.9306343092056797,0.06485196742640742,-0.117836,0.8605195048332943,17.111567419575632
SSE,V2,close,0.0,4d,209,0.6555023923444976,0.019561124087591246,-0.017351527777777778,2.8941432269852507,0.08146849663630551,-0.1647989474853072,0.9423571096014238,17.357973990417523
SSE,V2,close,0.0,5d,209,0.6220095693779905,0.02404943846153846,-0.02013688607594937,3.177853996968281,0.08584473595942832,-0.19052983615681335,0.8203033867043734,17.360711841204655
SSE,V2,open,0.0,4d,209,0.6172248803827751,0.01984353488372093,-0.018050975000000004,1.8499932116364999,0.062284855374648895,-0.20255289233934098,0.7378545126696534,17.333333333333332
SSE,V2,open,0.0,5d,209,0.6076555023923444,0.023949055118110234,-0.020734743902439023,2.4320067393895006,0.07372268346840394,-0.2162401370818019,0.7045841362523442,17.336071184120467
ETF510300,V1,close,0.0,4d,64,0.609375,0.020554410256410256,-0.016646875000000002,0.4667033119573234,0.03461557324480147,-0.07134664595224081,0.6271072660293665,11.255304585900069
ETF510300,V1,close,0.0,5d,64,0.640625,0.024937439024390242,-0.02211417391304348,0.6132809095391394,0.043408593006450946,-0.07614827815000003,0.5777864214425206,11.255304585900069
ETF510300,V1,close,0.0002,4d,64,0.609375,0.020354410256410254,-0.016181,0.4481527622753665,0.033446203804202046,-0.07228881697757772,0.6071444883782626,11.255304585900069
ETF510300,V1,close,0.0002,5d,64,0.640625,0.024737439024390243,-0.02231417391304348,0.5929018513782762,0.042230760333800355,-0.0765327231500001,0.563392617140797,11.255304585900069
ETF510300,V1,open,0.0,4d,64,0.546875,0.020902057142857144,-0.017304499999999997,0.24745167879069108,0.01983854010627173,-0.15507811959691647,0.3267846101153789,11.255304585900069
ETF510300,V1,open,0.0,5d,64,0.59375,0.024915447368421054,-0.021015269230769226,0.43022697103260144,0.03230317757595258,-0.16429195559344104,0.41032357499112826,11.255304585900069
ETF510300,V1,open,0.0002,4d,64,0.546875,0.020702057142857142,-0.016907793103448275,0.23163241502312992,0.01868280350431828,-0.15763967313552016,0.309853176254977,11.255304585900069
ETF510300,V1,open,0.0002,5d,64,0.59375,0.024715447368421056,-0.021215269230769232,0.41212399731020444,0.031135528433085202,-0.1668279332511731,0.39720601021706675,11.255304585900069
ETF510300,V2,close,0.0,4d,139,0.5971223021582733,0.020122469879518073,-0.02097841818181818,0.588083784691487,0.04099355630768842,-0.14733660163036427,0.46773567794863996,11.512662559890487
ETF510300,V2,close,0.0,5d,139,0.60431654676259,0.023551988095238095,-0.025118399999999992,0.6772984268492268,0.045936245542923526,-0.2126332420255033,0.4411255186377651,11.515400410677618
ETF510300,V2,close,0.0002,4d,139,0.5971223021582733,0.019922469879518075,-0.02080380357142857,0.5446649206727141,0.038489983594483856,-0.14889798845022947,0.44255314384986205,11.512662559890487
ETF510300,V2,close,0.0002,5d,139,0.60431654676259,0.023351988095238096,-0.025318399999999994,0.6314500377314314,0.043421918491076905,-0.2133020031269339,0.42057900496504735,11.515400410677618
ETF510300,V2,open,0.0,4d,139,0.5755395683453237,0.0191188375,-0.020736385964912278,0.34603022678970397,0.026160158419110457,-0.23505116511482727,0.32502602362890165,11.507186858316222
ETF510300,V2,open,0.0,5d,139,0.5755395683453237,0.023244787499999996,-0.024278288135593223,0.41104418881023963,0.030367897242437714,-0.23948330611417554,0.31029423487598073,11.509924709103354
ETF510300,V2,open,0.0002,4d,139,0.5755395683453237,0.0189188375,-0.020233457627118638,0.30918672335235975,0.023688200106154467,-0.24240376360233312,0.2990264107665736,11.507186858316222
ETF510300,V2,open,0.0002,5d,139,0.5755395683453237,0.023044787499999997,-0.024478288135593218,0.37242514401643856,0.027886653963546726,-0.24438016099649806,0.29010016484771933,11.509924709103354
