week,ts_code,weight
2019-01-07,002150.SZ,0.1
2019-01-07,300200.SZ,0.1
2019-01-07,002553.SZ,0.1
2019-01-07,603519.SH,0.1
2019-01-07,002591.SZ,0.1
2019-01-07,002360.SZ,0.1
2019-01-07,002687.SZ,0.1
2019-01-07,002620.SZ,0.1
2019-01-07,300154.SZ,0.1
2019-01-07,002674.SZ,0.1
2019-01-14,002150.SZ,0.1
2019-01-14,300200.SZ,0.1
2019-01-14,002591.SZ,0.1
2019-01-14,002553.SZ,0.1
2019-01-14,002360.SZ,0.1
2019-01-14,002620.SZ,0.1
2019-01-14,002687.SZ,0.1
2019-01-14,300154.SZ,0.1
2019-01-14,300214.SZ,0.1
2019-01-14,002674.SZ,0.1
2019-01-21,002150.SZ,0.1
2019-01-21,002553.SZ,0.1
2019-01-21,002591.SZ,0.1
2019-01-21,300200.SZ,0.1
2019-01-21,002360.SZ,0.1
2019-01-21,002687.SZ,0.1
2019-01-21,002620.SZ,0.1
2019-01-21,300214.SZ,0.1
2019-01-21,300154.SZ,0.1
2019-01-21,300120.SZ,0.1
2019-01-28,002150.SZ,0.1
2019-01-28,603519.SH,0.1
2019-01-28,002553.SZ,0.1
2019-01-28,002591.SZ,0.1
2019-01-28,300200.SZ,0.1
2019-01-28,002687.SZ,0.1
2019-01-28,002360.SZ,0.1
2019-01-28,002620.SZ,0.1
2019-01-28,300154.SZ,0.1
2019-01-28,300214.SZ,0.1
2019-02-11,002150.SZ,0.1
2019-02-11,603519.SH,0.1
2019-02-11,300200.SZ,0.1
2019-02-11,002553.SZ,0.1
2019-02-11,002591.SZ,0.1
2019-02-11,002687.SZ,0.1
2019-02-11,002360.SZ,0.1
2019-02-11,002620.SZ,0.1
2019-02-11,300154.SZ,0.1
2019-02-11,300214.SZ,0.1
2019-02-18,603519.SH,0.1
2019-02-18,002150.SZ,0.1
2019-02-18,002553.SZ,0.1
2019-02-18,300200.SZ,0.1
2019-02-18,002591.SZ,0.1
2019-02-18,002687.SZ,0.1
2019-02-18,002360.SZ,0.1
2019-02-18,002620.SZ,0.1
2019-02-18,300214.SZ,0.1
2019-02-18,300154.SZ,0.1
2019-02-25,002150.SZ,0.1
2019-02-25,002553.SZ,0.1
2019-02-25,300200.SZ,0.1
2019-02-25,002360.SZ,0.1
2019-02-25,002687.SZ,0.1
2019-02-25,002620.SZ,0.1
2019-02-25,002591.SZ,0.1
2019-02-25,300154.SZ,0.1
2019-02-25,002559.SZ,0.1
2019-02-25,603855.SH,0.1
2019-03-04,002150.SZ,0.1
2019-03-04,002553.SZ,0.1
2019-03-04,300200.SZ,0.1
2019-03-04,002687.SZ,0.1
2019-03-04,002591.SZ,0.1
2019-03-04,002360.SZ,0.1
2019-03-04,002620.SZ,0.1
2019-03-04,300154.SZ,0.1
2019-03-04,002559.SZ,0.1
2019-03-04,300150.SZ,0.1
2019-03-11,002150.SZ,0.1
2019-03-11,300200.SZ,0.1
2019-03-11,002553.SZ,0.1
2019-03-11,002687.SZ,0.1
2019-03-11,002360.SZ,0.1
2019-03-11,002591.SZ,0.1
2019-03-11,002620.SZ,0.1
2019-03-11,300154.SZ,0.1
2019-03-11,002133.SZ,0.1
2019-03-11,002559.SZ,0.1
2019-03-18,002150.SZ,0.1
2019-03-18,300200.SZ,0.1
2019-03-18,002553.SZ,0.1
2019-03-18,002687.SZ,0.1
2019-03-18,002360.SZ,0.1
2019-03-18,002591.SZ,0.1
2019-03-18,002620.SZ,0.1
2019-03-18,300154.SZ,0.1
2019-03-18,002559.SZ,0.1
2019-03-18,300120.SZ,0.1
2019-03-25,002150.SZ,0.1
2019-03-25,300200.SZ,0.1
2019-03-25,002553.SZ,0.1
2019-03-25,002591.SZ,0.1
2019-03-25,002687.SZ,0.1
2019-03-25,002360.SZ,0.1
2019-03-25,002620.SZ,0.1
2019-03-25,300154.SZ,0.1
2019-03-25,002559.SZ,0.1
2019-03-25,300120.SZ,0.1
2019-04-01,600051.SH,0.1
2019-04-01,002150.SZ,0.1
2019-04-01,300200.SZ,0.1
2019-04-01,300179.SZ,0.1
2019-04-01,002591.SZ,0.1
2019-04-01,002687.SZ,0.1
2019-04-01,002627.SZ,0.1
2019-04-01,000637.SZ,0.1
2019-04-01,002620.SZ,0.1
2019-04-01,002057.SZ,0.1
2019-04-08,600051.SH,0.1
2019-04-08,002150.SZ,0.1
2019-04-08,002591.SZ,0.1
2019-04-08,002627.SZ,0.1
2019-04-08,300179.SZ,0.1
2019-04-08,002687.SZ,0.1
2019-04-08,002620.SZ,0.1
2019-04-08,300154.SZ,0.1
2019-04-08,000637.SZ,0.1
2019-04-08,002559.SZ,0.1
2019-04-15,002150.SZ,0.1
2019-04-15,600051.SH,0.1
2019-04-15,300179.SZ,0.1
2019-04-15,002591.SZ,0.1
2019-04-15,002627.SZ,0.1
2019-04-15,002620.SZ,0.1
2019-04-15,002687.SZ,0.1
2019-04-15,000637.SZ,0.1
2019-04-15,300154.SZ,0.1
2019-04-15,002559.SZ,0.1
2019-04-22,600051.SH,0.1
2019-04-22,002150.SZ,0.1
2019-04-22,002591.SZ,0.1
2019-04-22,002687.SZ,0.1
2019-04-22,002627.SZ,0.1
2019-04-22,300179.SZ,0.1
2019-04-22,002620.SZ,0.1
2019-04-22,300154.SZ,0.1
2019-04-22,002559.SZ,0.1
2019-04-22,000637.SZ,0.1
2019-04-29,600051.SH,0.1
2019-04-29,002150.SZ,0.1
2019-04-29,002591.SZ,0.1
2019-04-29,300179.SZ,0.1
2019-04-29,002687.SZ,0.1
2019-04-29,002627.SZ,0.1
2019-04-29,002620.SZ,0.1
2019-04-29,603667.SH,0.1
2019-04-29,300154.SZ,0.1
2019-04-29,000637.SZ,0.1
2019-05-06,603488.SH,0.1
2019-05-06,600051.SH,0.1
2019-05-06,002150.SZ,0.1
2019-05-06,300179.SZ,0.1
2019-05-06,002591.SZ,0.1
2019-05-06,002687.SZ,0.1
2019-05-06,002627.SZ,0.1
2019-05-06,002620.SZ,0.1
2019-05-06,300200.SZ,0.1
2019-05-06,603667.SH,0.1
2019-05-13,603488.SH,0.1
2019-05-13,600051.SH,0.1
2019-05-13,002150.SZ,0.1
2019-05-13,300179.SZ,0.1
2019-05-13,002598.SZ,0.1
2019-05-13,600865.SH,0.1
2019-05-13,002687.SZ,0.1
2019-05-13,002627.SZ,0.1
2019-05-13,002620.SZ,0.1
2019-05-13,603667.SH,0.1
2019-05-20,603488.SH,0.1
2019-05-20,600051.SH,0.1
2019-05-20,300179.SZ,0.1
2019-05-20,002598.SZ,0.1
2019-05-20,002687.SZ,0.1
2019-05-20,600865.SH,0.1
2019-05-20,002620.SZ,0.1
2019-05-20,603667.SH,0.1
2019-05-20,000637.SZ,0.1
2019-05-20,002591.SZ,0.1
2019-05-27,603488.SH,0.1
2019-05-27,600051.SH,0.1
2019-05-27,300640.SZ,0.1
2019-05-27,002687.SZ,0.1
2019-05-27,002598.SZ,0.1
2019-05-27,300179.SZ,0.1
2019-05-27,600865.SH,0.1
2019-05-27,002620.SZ,0.1
2019-05-27,300200.SZ,0.1
2019-05-27,002591.SZ,0.1
2019-06-03,603488.SH,0.1
2019-06-03,300640.SZ,0.1
2019-06-03,600051.SH,0.1
2019-06-03,002687.SZ,0.1
2019-06-03,002598.SZ,0.1
2019-06-03,300179.SZ,0.1
2019-06-03,300112.SZ,0.1
2019-06-03,002620.SZ,0.1
2019-06-03,600865.SH,0.1
2019-06-03,002591.SZ,0.1
2019-06-10,603488.SH,0.1
2019-06-10,300640.SZ,0.1
2019-06-10,600051.SH,0.1
2019-06-10,002150.SZ,0.1
2019-06-10,002687.SZ,0.1
2019-06-10,603696.SH,0.1
2019-06-10,300179.SZ,0.1
2019-06-10,002615.SZ,0.1
2019-06-10,002598.SZ,0.1
2019-06-10,300112.SZ,0.1
2019-06-17,300640.SZ,0.1
2019-06-17,603488.SH,0.1
2019-06-17,600051.SH,0.1
2019-06-17,002150.SZ,0.1
2019-06-17,002687.SZ,0.1
2019-06-17,002598.SZ,0.1
2019-06-17,300179.SZ,0.1
2019-06-17,300112.SZ,0.1
2019-06-17,603289.SH,0.1
2019-06-17,600865.SH,0.1
2019-06-24,603488.SH,0.1
2019-06-24,300640.SZ,0.1
2019-06-24,600051.SH,0.1
2019-06-24,002150.SZ,0.1
2019-06-24,600232.SH,0.1
2019-06-24,002598.SZ,0.1
2019-06-24,002687.SZ,0.1
2019-06-24,300179.SZ,0.1
2019-06-24,600865.SH,0.1
2019-06-24,002627.SZ,0.1
2019-07-01,300640.SZ,0.1
2019-07-01,603488.SH,0.1
2019-07-01,600051.SH,0.1
2019-07-01,300509.SZ,0.1
2019-07-01,002150.SZ,0.1
2019-07-01,002687.SZ,0.1
2019-07-01,002598.SZ,0.1
2019-07-01,600865.SH,0.1
2019-07-01,002627.SZ,0.1
2019-07-01,300179.SZ,0.1
2019-07-08,300640.SZ,0.1
2019-07-08,603488.SH,0.1
2019-07-08,300509.SZ,0.1
2019-07-08,600051.SH,0.1
2019-07-08,002150.SZ,0.1
2019-07-08,002687.SZ,0.1
2019-07-08,002598.SZ,0.1
2019-07-08,300179.SZ,0.1
2019-07-08,600865.SH,0.1
2019-07-08,000637.SZ,0.1
2019-07-15,300640.SZ,0.1
2019-07-15,300509.SZ,0.1
2019-07-15,600051.SH,0.1
2019-07-15,002687.SZ,0.1
2019-07-15,600356.SH,0.1
2019-07-15,002598.SZ,0.1
2019-07-15,002150.SZ,0.1
2019-07-15,600865.SH,0.1
2019-07-15,300179.SZ,0.1
2019-07-15,002788.SZ,0.1
2019-07-22,300640.SZ,0.1
2019-07-22,603488.SH,0.1
2019-07-22,300509.SZ,0.1
2019-07-22,002150.SZ,0.1
2019-07-22,600051.SH,0.1
2019-07-22,002687.SZ,0.1
2019-07-22,002598.SZ,0.1
2019-07-22,600865.SH,0.1
2019-07-22,002788.SZ,0.1
2019-07-22,600052.SH,0.1
2019-07-29,300640.SZ,0.1
2019-07-29,300509.SZ,0.1
2019-07-29,603488.SH,0.1
2019-07-29,600051.SH,0.1
2019-07-29,002150.SZ,0.1
2019-07-29,002687.SZ,0.1
2019-07-29,002598.SZ,0.1
2019-07-29,600865.SH,0.1
2019-07-29,002788.SZ,0.1
2019-07-29,600052.SH,0.1
2019-08-05,300509.SZ,0.1
2019-08-05,300640.SZ,0.1
2019-08-05,603488.SH,0.1
2019-08-05,600051.SH,0.1
2019-08-05,002150.SZ,0.1
2019-08-05,002687.SZ,0.1
2019-08-05,002598.SZ,0.1
2019-08-05,600865.SH,0.1
2019-08-05,600052.SH,0.1
2019-08-05,002788.SZ,0.1
2019-08-12,603088.SH,0.1
2019-08-12,300640.SZ,0.1
2019-08-12,603488.SH,0.1
2019-08-12,300509.SZ,0.1
2019-08-12,002150.SZ,0.1
2019-08-12,002687.SZ,0.1
2019-08-12,600051.SH,0.1
2019-08-12,002598.SZ,0.1
2019-08-12,600865.SH,0.1
2019-08-12,600052.SH,0.1
2019-08-19,603088.SH,0.1
2019-08-19,300640.SZ,0.1
2019-08-19,603488.SH,0.1
2019-08-19,300509.SZ,0.1
2019-08-19,600051.SH,0.1
2019-08-19,002150.SZ,0.1
2019-08-19,002687.SZ,0.1
2019-08-19,002598.SZ,0.1
2019-08-19,002627.SZ,0.1
2019-08-19,600865.SH,0.1
2019-08-26,603088.SH,0.1
2019-08-26,300640.SZ,0.1
2019-08-26,603488.SH,0.1
2019-08-26,300509.SZ,0.1
2019-08-26,600051.SH,0.1
2019-08-26,002150.SZ,0.1
2019-08-26,002598.SZ,0.1
2019-08-26,002687.SZ,0.1
2019-08-26,002627.SZ,0.1
2019-08-26,600865.SH,0.1
2019-09-02,300640.SZ,0.1
2019-09-02,603488.SH,0.1
2019-09-02,300509.SZ,0.1
2019-09-02,002150.SZ,0.1
2019-09-02,600051.SH,0.1
2019-09-02,002598.SZ,0.1
2019-09-02,002687.SZ,0.1
2019-09-02,600865.SH,0.1
2019-09-02,002627.SZ,0.1
2019-09-02,300179.SZ,0.1
2019-09-09,300640.SZ,0.1
2019-09-09,603488.SH,0.1
2019-09-09,600051.SH,0.1
2019-09-09,300509.SZ,0.1
2019-09-09,002150.SZ,0.1
2019-09-09,002687.SZ,0.1
2019-09-09,002598.SZ,0.1
2019-09-09,002627.SZ,0.1
2019-09-09,600865.SH,0.1
2019-09-09,300179.SZ,0.1
2019-09-16,300640.SZ,0.1
2019-09-16,603488.SH,0.1
2019-09-16,600051.SH,0.1
2019-09-16,002150.SZ,0.1
2019-09-16,002687.SZ,0.1
2019-09-16,002598.SZ,0.1
2019-09-16,600865.SH,0.1
2019-09-16,002627.SZ,0.1
2019-09-16,300179.SZ,0.1
2019-09-16,002788.SZ,0.1
2019-09-23,603488.SH,0.1
2019-09-23,300640.SZ,0.1
2019-09-23,600051.SH,0.1
2019-09-23,002150.SZ,0.1
2019-09-23,002687.SZ,0.1
2019-09-23,002598.SZ,0.1
2019-09-23,600865.SH,0.1
2019-09-23,300179.SZ,0.1
2019-09-23,002788.SZ,0.1
2019-09-23,002533.SZ,0.1
2019-09-30,603488.SH,0.1
2019-09-30,300640.SZ,0.1
2019-09-30,002150.SZ,0.1
2019-09-30,002598.SZ,0.1
2019-09-30,002687.SZ,0.1
2019-09-30,600865.SH,0.1
2019-09-30,000419.SZ,0.1
2019-09-30,300179.SZ,0.1
2019-09-30,300154.SZ,0.1
2019-09-30,002788.SZ,0.1
2019-10-14,300640.SZ,0.1
2019-10-14,603488.SH,0.1
2019-10-14,002150.SZ,0.1
2019-10-14,002687.SZ,0.1
2019-10-14,002598.SZ,0.1
2019-10-14,600865.SH,0.1
2019-10-14,000419.SZ,0.1
2019-10-14,300154.SZ,0.1
2019-10-14,300179.SZ,0.1
2019-10-14,002790.SZ,0.1
2019-10-21,603488.SH,0.1
2019-10-21,300640.SZ,0.1
2019-10-21,002150.SZ,0.1
2019-10-21,002598.SZ,0.1
2019-10-21,002687.SZ,0.1
2019-10-21,000419.SZ,0.1
2019-10-21,600865.SH,0.1
2019-10-21,300154.SZ,0.1
2019-10-21,002788.SZ,0.1
2019-10-21,002790.SZ,0.1
2019-10-28,603488.SH,0.1
2019-10-28,300640.SZ,0.1
2019-10-28,002150.SZ,0.1
2019-10-28,002469.SZ,0.1
2019-10-28,002598.SZ,0.1
2019-10-28,002687.SZ,0.1
2019-10-28,000419.SZ,0.1
2019-10-28,600865.SH,0.1
2019-10-28,300154.SZ,0.1
2019-10-28,002788.SZ,0.1
2019-11-04,603088.SH,0.1
2019-11-04,603488.SH,0.1
2019-11-04,300640.SZ,0.1
2019-11-04,002598.SZ,0.1
2019-11-04,002150.SZ,0.1
2019-11-04,002687.SZ,0.1
2019-11-04,002469.SZ,0.1
2019-11-04,600865.SH,0.1
2019-11-04,000419.SZ,0.1
2019-11-04,300154.SZ,0.1
2019-11-11,603088.SH,0.1
2019-11-11,603488.SH,0.1
2019-11-11,300640.SZ,0.1
2019-11-11,002598.SZ,0.1
2019-11-11,002687.SZ,0.1
2019-11-11,002150.SZ,0.1
2019-11-11,002469.SZ,0.1
2019-11-11,603988.SH,0.1
2019-11-11,600865.SH,0.1
2019-11-11,000419.SZ,0.1
2019-11-18,603088.SH,0.1
2019-11-18,603488.SH,0.1
2019-11-18,300640.SZ,0.1
2019-11-18,002598.SZ,0.1
2019-11-18,002469.SZ,0.1
2019-11-18,002687.SZ,0.1
2019-11-18,002150.SZ,0.1
2019-11-18,603696.SH,0.1
2019-11-18,603988.SH,0.1
2019-11-18,000419.SZ,0.1
2019-11-25,603088.SH,0.1
2019-11-25,300640.SZ,0.1
2019-11-25,603488.SH,0.1
2019-11-25,002598.SZ,0.1
2019-11-25,002469.SZ,0.1
2019-11-25,002687.SZ,0.1
2019-11-25,603988.SH,0.1
2019-11-25,603696.SH,0.1
2019-11-25,002150.SZ,0.1
2019-11-25,600865.SH,0.1
2019-12-02,603088.SH,0.1
2019-12-02,300640.SZ,0.1
2019-12-02,603488.SH,0.1
2019-12-02,002598.SZ,0.1
2019-12-02,002469.SZ,0.1
2019-12-02,002687.SZ,0.1
2019-12-02,603696.SH,0.1
2019-12-02,002150.SZ,0.1
2019-12-02,600865.SH,0.1
2019-12-02,000419.SZ,0.1
2019-12-09,603088.SH,0.1
2019-12-09,300640.SZ,0.1
2019-12-09,603488.SH,0.1
2019-12-09,002598.SZ,0.1
2019-12-09,002469.SZ,0.1
2019-12-09,002687.SZ,0.1
2019-12-09,603696.SH,0.1
2019-12-09,002150.SZ,0.1
2019-12-09,600865.SH,0.1
2019-12-09,000419.SZ,0.1
2019-12-16,603088.SH,0.1
2019-12-16,300640.SZ,0.1
2019-12-16,603488.SH,0.1
2019-12-16,002598.SZ,0.1
2019-12-16,002469.SZ,0.1
2019-12-16,603696.SH,0.1
2019-12-16,002687.SZ,0.1
2019-12-16,002150.SZ,0.1
2019-12-16,600865.SH,0.1
2019-12-16,000419.SZ,0.1
2019-12-23,603088.SH,0.1
2019-12-23,300640.SZ,0.1
2019-12-23,603488.SH,0.1
2019-12-23,002598.SZ,0.1
2019-12-23,002687.SZ,0.1
2019-12-23,603696.SH,0.1
2019-12-23,002469.SZ,0.1
2019-12-23,600865.SH,0.1
2019-12-23,002150.SZ,0.1
2019-12-23,000419.SZ,0.1
2019-12-30,603088.SH,0.1
2019-12-30,300640.SZ,0.1
2019-12-30,603488.SH,0.1
2019-12-30,002598.SZ,0.1
2019-12-30,603696.SH,0.1
2019-12-30,002687.SZ,0.1
2019-12-30,002469.SZ,0.1
2019-12-30,600865.SH,0.1
2019-12-30,002150.SZ,0.1
2019-12-30,000419.SZ,0.1
2020-01-06,002843.SZ,0.1
2020-01-06,300640.SZ,0.1
2020-01-06,603488.SH,0.1
2020-01-06,600051.SH,0.1
2020-01-06,002469.SZ,0.1
2020-01-06,002687.SZ,0.1
2020-01-06,603767.SH,0.1
2020-01-06,600865.SH,0.1
2020-01-06,002150.SZ,0.1
2020-01-06,000419.SZ,0.1
2020-01-13,002843.SZ,0.1
2020-01-13,300640.SZ,0.1
2020-01-13,600051.SH,0.1
2020-01-13,000573.SZ,0.1
2020-01-13,002469.SZ,0.1
2020-01-13,600159.SH,0.1
2020-01-13,002687.SZ,0.1
2020-01-13,002150.SZ,0.1
2020-01-13,600865.SH,0.1
2020-01-13,000419.SZ,0.1
2020-01-20,002843.SZ,0.1
2020-01-20,300640.SZ,0.1
2020-01-20,603488.SH,0.1
2020-01-20,600051.SH,0.1
2020-01-20,000573.SZ,0.1
2020-01-20,600159.SH,0.1
2020-01-20,002469.SZ,0.1
2020-01-20,002687.SZ,0.1
2020-01-20,603767.SH,0.1
2020-01-20,002150.SZ,0.1
2020-02-03,603088.SH,0.1
2020-02-03,002843.SZ,0.1
2020-02-03,300640.SZ,0.1
2020-02-03,603488.SH,0.1
2020-02-03,600051.SH,0.1
2020-02-03,000573.SZ,0.1
2020-02-03,600159.SH,0.1
2020-02-03,002687.SZ,0.1
2020-02-03,002469.SZ,0.1
2020-02-03,603767.SH,0.1
2020-02-10,002843.SZ,0.1
2020-02-10,300640.SZ,0.1
2020-02-10,603488.SH,0.1
2020-02-10,600051.SH,0.1
2020-02-10,000573.SZ,0.1
2020-02-10,600159.SH,0.1
2020-02-10,002687.SZ,0.1
2020-02-10,002469.SZ,0.1
2020-02-10,603767.SH,0.1
2020-02-10,002150.SZ,0.1
2020-02-17,603088.SH,0.1
2020-02-17,300640.SZ,0.1
2020-02-17,002843.SZ,0.1
2020-02-17,603488.SH,0.1
2020-02-17,600051.SH,0.1
2020-02-17,000573.SZ,0.1
2020-02-17,600159.SH,0.1
2020-02-17,002687.SZ,0.1
2020-02-17,002469.SZ,0.1
2020-02-17,002150.SZ,0.1
2020-02-24,002843.SZ,0.1
2020-02-24,300640.SZ,0.1
2020-02-24,603488.SH,0.1
2020-02-24,600051.SH,0.1
2020-02-24,000573.SZ,0.1
2020-02-24,600159.SH,0.1
2020-02-24,002687.SZ,0.1
2020-02-24,002469.SZ,0.1
2020-02-24,603767.SH,0.1
2020-02-24,002150.SZ,0.1
2020-03-02,002843.SZ,0.1
2020-03-02,600051.SH,0.1
2020-03-02,603488.SH,0.1
2020-03-02,000573.SZ,0.1
2020-03-02,002687.SZ,0.1
2020-03-02,600159.SH,0.1
2020-03-02,002150.SZ,0.1
2020-03-02,002469.SZ,0.1
2020-03-02,000419.SZ,0.1
2020-03-02,603289.SH,0.1
2020-03-09,603088.SH,0.1
2020-03-09,002843.SZ,0.1
2020-03-09,603488.SH,0.1
2020-03-09,600051.SH,0.1
2020-03-09,000573.SZ,0.1
2020-03-09,002687.SZ,0.1
2020-03-09,002469.SZ,0.1
2020-03-09,002150.SZ,0.1
2020-03-09,603767.SH,0.1
2020-03-09,600865.SH,0.1
2020-03-16,603088.SH,0.1
2020-03-16,002843.SZ,0.1
2020-03-16,603488.SH,0.1
2020-03-16,600051.SH,0.1
2020-03-16,002687.SZ,0.1
2020-03-16,002469.SZ,0.1
2020-03-16,002150.SZ,0.1
2020-03-16,603767.SH,0.1
2020-03-16,603289.SH,0.1
2020-03-16,600865.SH,0.1
2020-03-23,300640.SZ,0.1
2020-03-23,603488.SH,0.1
2020-03-23,000573.SZ,0.1
2020-03-23,002843.SZ,0.1
2020-03-23,600051.SH,0.1
2020-03-23,002687.SZ,0.1
2020-03-23,603289.SH,0.1
2020-03-23,603988.SH,0.1
2020-03-23,603767.SH,0.1
2020-03-23,002469.SZ,0.1
2020-03-30,300640.SZ,0.1
2020-03-30,603488.SH,0.1
2020-03-30,000573.SZ,0.1
2020-03-30,002687.SZ,0.1
2020-03-30,002843.SZ,0.1
2020-03-30,600051.SH,0.1
2020-03-30,603988.SH,0.1
2020-03-30,603289.SH,0.1
2020-03-30,002469.SZ,0.1
2020-03-30,002150.SZ,0.1
2020-04-13,002553.SZ,0.1
2020-04-13,600051.SH,0.1
2020-04-13,603988.SH,0.1
2020-04-13,000151.SZ,0.1
2020-04-13,002827.SZ,0.1
2020-04-13,300154.SZ,0.1
2020-04-13,603889.SH,0.1
2020-04-13,002788.SZ,0.1
2020-04-13,002532.SZ,0.1
2020-04-13,300179.SZ,0.1
2020-04-20,002553.SZ,0.1
2020-04-20,600051.SH,0.1
2020-04-20,002827.SZ,0.1
2020-04-20,000151.SZ,0.1
2020-04-20,603889.SH,0.1
2020-04-20,300154.SZ,0.1
2020-04-20,002788.SZ,0.1
2020-04-20,600683.SH,0.1
2020-04-20,300179.SZ,0.1
2020-04-20,603855.SH,0.1
2020-04-27,002553.SZ,0.1
2020-04-27,600051.SH,0.1
2020-04-27,002150.SZ,0.1
2020-04-27,000151.SZ,0.1
2020-04-27,002827.SZ,0.1
2020-04-27,603889.SH,0.1
2020-04-27,300154.SZ,0.1
2020-04-27,002788.SZ,0.1
2020-04-27,600982.SH,0.1
2020-04-27,600683.SH,0.1
2020-05-11,002553.SZ,0.1
2020-05-11,002150.SZ,0.1
2020-05-11,000151.SZ,0.1
2020-05-11,300154.SZ,0.1
2020-05-11,600051.SH,0.1
2020-05-11,603889.SH,0.1
2020-05-11,002788.SZ,0.1
2020-05-11,600982.SH,0.1
2020-05-11,300179.SZ,0.1
2020-05-11,600683.SH,0.1
2020-05-18,002553.SZ,0.1
2020-05-18,002150.SZ,0.1
2020-05-18,000151.SZ,0.1
2020-05-18,300154.SZ,0.1
2020-05-18,603889.SH,0.1
2020-05-18,002788.SZ,0.1
2020-05-18,600051.SH,0.1
2020-05-18,300179.SZ,0.1
2020-05-18,600052.SH,0.1
2020-05-18,600683.SH,0.1
2020-05-25,002150.SZ,0.1
2020-05-25,002553.SZ,0.1
2020-05-25,300154.SZ,0.1
2020-05-25,600051.SH,0.1
2020-05-25,002788.SZ,0.1
2020-05-25,603889.SH,0.1
2020-05-25,600052.SH,0.1
2020-05-25,000838.SZ,0.1
2020-05-25,300179.SZ,0.1
2020-05-25,600683.SH,0.1
2020-06-01,300154.SZ,0.1
2020-06-01,000151.SZ,0.1
2020-06-01,600051.SH,0.1
2020-06-01,603889.SH,0.1
2020-06-01,002521.SZ,0.1
2020-06-01,300179.SZ,0.1
2020-06-01,000838.SZ,0.1
2020-06-01,600052.SH,0.1
2020-06-01,300187.SZ,0.1
2020-06-01,300099.SZ,0.1
2020-06-08,300154.SZ,0.1
2020-06-08,600051.SH,0.1
2020-06-08,002521.SZ,0.1
2020-06-08,603889.SH,0.1
2020-06-08,000838.SZ,0.1
2020-06-08,600052.SH,0.1
2020-06-08,300179.SZ,0.1
2020-06-08,300187.SZ,0.1
2020-06-08,002394.SZ,0.1
2020-06-08,300099.SZ,0.1
2020-06-15,300154.SZ,0.1
2020-06-15,600051.SH,0.1
2020-06-15,000151.SZ,0.1
2020-06-15,002521.SZ,0.1
2020-06-15,300179.SZ,0.1
2020-06-15,603889.SH,0.1
2020-06-15,000838.SZ,0.1
2020-06-15,600982.SH,0.1
2020-06-15,601616.SH,0.1
2020-06-15,300187.SZ,0.1
2020-06-22,603088.SH,0.1
2020-06-22,300154.SZ,0.1
2020-06-22,600051.SH,0.1
2020-06-22,300179.SZ,0.1
2020-06-22,000838.SZ,0.1
2020-06-22,603889.SH,0.1
2020-06-22,002394.SZ,0.1
2020-06-22,601616.SH,0.1
2020-06-22,300187.SZ,0.1
2020-06-22,300569.SZ,0.1
2020-06-29,603088.SH,0.1
2020-06-29,300154.SZ,0.1
2020-06-29,600051.SH,0.1
2020-06-29,300179.SZ,0.1
2020-06-29,000838.SZ,0.1
2020-06-29,603889.SH,0.1
2020-06-29,601616.SH,0.1
2020-06-29,600052.SH,0.1
2020-06-29,002394.SZ,0.1
2020-06-29,300187.SZ,0.1
2020-07-06,603088.SH,0.1
2020-07-06,002598.SZ,0.1
2020-07-06,600356.SH,0.1
2020-07-06,002469.SZ,0.1
2020-07-06,000419.SZ,0.1
2020-07-06,000421.SZ,0.1
2020-07-06,300150.SZ,0.1
2020-07-06,300129.SZ,0.1
2020-07-06,601616.SH,0.1
2020-07-06,300187.SZ,0.1
2020-07-13,603088.SH,0.1
2020-07-13,002598.SZ,0.1
2020-07-13,603488.SH,0.1
2020-07-13,002469.SZ,0.1
2020-07-13,300150.SZ,0.1
2020-07-13,000419.SZ,0.1
2020-07-13,300129.SZ,0.1
2020-07-13,601616.SH,0.1
2020-07-13,300187.SZ,0.1
2020-07-13,002406.SZ,0.1
2020-07-20,603088.SH,0.1
2020-07-20,002598.SZ,0.1
2020-07-20,002469.SZ,0.1
2020-07-20,603488.SH,0.1
2020-07-20,300150.SZ,0.1
2020-07-20,000419.SZ,0.1
2020-07-20,300129.SZ,0.1
2020-07-20,300187.SZ,0.1
2020-07-20,002443.SZ,0.1
2020-07-20,603166.SH,0.1
2020-07-27,603088.SH,0.1
2020-07-27,002598.SZ,0.1
2020-07-27,300150.SZ,0.1
2020-07-27,000419.SZ,0.1
2020-07-27,300187.SZ,0.1
2020-07-27,300129.SZ,0.1
2020-07-27,002443.SZ,0.1
2020-07-27,002406.SZ,0.1
2020-07-27,002003.SZ,0.1
2020-07-27,603166.SH,0.1
2020-08-03,002598.SZ,0.1
2020-08-03,300150.SZ,0.1
2020-08-03,000419.SZ,0.1
2020-08-03,300187.SZ,0.1
2020-08-03,300129.SZ,0.1
2020-08-03,002443.SZ,0.1
2020-08-03,002406.SZ,0.1
2020-08-03,603166.SH,0.1
2020-08-03,002003.SZ,0.1
2020-08-03,002441.SZ,0.1
2020-08-10,002598.SZ,0.1
2020-08-10,002469.SZ,0.1
2020-08-10,000419.SZ,0.1
2020-08-10,300150.SZ,0.1
2020-08-10,300187.SZ,0.1
2020-08-10,300129.SZ,0.1
2020-08-10,002443.SZ,0.1
2020-08-10,002060.SZ,0.1
2020-08-10,002406.SZ,0.1
2020-08-10,603166.SH,0.1
2020-08-17,002598.SZ,0.1
2020-08-17,000419.SZ,0.1
2020-08-17,002469.SZ,0.1
2020-08-17,300150.SZ,0.1
2020-08-17,300187.SZ,0.1
2020-08-17,300129.SZ,0.1
2020-08-17,002443.SZ,0.1
2020-08-17,002060.SZ,0.1
2020-08-17,603166.SH,0.1
2020-08-17,002406.SZ,0.1
2020-08-24,002598.SZ,0.1
2020-08-24,000419.SZ,0.1
2020-08-24,002469.SZ,0.1
2020-08-24,300150.SZ,0.1
2020-08-24,300129.SZ,0.1
2020-08-24,300187.SZ,0.1
2020-08-24,002060.SZ,0.1
2020-08-24,002443.SZ,0.1
2020-08-24,002406.SZ,0.1
2020-08-24,002003.SZ,0.1
2020-08-31,002598.SZ,0.1
2020-08-31,600232.SH,0.1
2020-08-31,002469.SZ,0.1
2020-08-31,300150.SZ,0.1
2020-08-31,002060.SZ,0.1
2020-08-31,002443.SZ,0.1
2020-08-31,002406.SZ,0.1
2020-08-31,603166.SH,0.1
2020-08-31,002003.SZ,0.1
2020-08-31,600790.SH,0.1
2020-09-07,002598.SZ,0.1
2020-09-07,600232.SH,0.1
2020-09-07,002469.SZ,0.1
2020-09-07,002060.SZ,0.1
2020-09-07,002443.SZ,0.1
2020-09-07,002406.SZ,0.1
2020-09-07,603166.SH,0.1
2020-09-07,002003.SZ,0.1
2020-09-07,600790.SH,0.1
2020-09-07,600713.SH,0.1
2020-09-14,002598.SZ,0.1
2020-09-14,600232.SH,0.1
2020-09-14,002060.SZ,0.1
2020-09-14,002406.SZ,0.1
2020-09-14,603797.SH,0.1
2020-09-14,002443.SZ,0.1
2020-09-14,603166.SH,0.1
2020-09-14,002441.SZ,0.1
2020-09-14,600594.SH,0.1
2020-09-14,600713.SH,0.1
2020-09-21,002598.SZ,0.1
2020-09-21,600232.SH,0.1
2020-09-21,002469.SZ,0.1
2020-09-21,300150.SZ,0.1
2020-09-21,002060.SZ,0.1
2020-09-21,603797.SH,0.1
2020-09-21,002406.SZ,0.1
2020-09-21,603166.SH,0.1
2020-09-21,002443.SZ,0.1
2020-09-21,002441.SZ,0.1
2020-09-28,603088.SH,0.1
2020-09-28,002598.SZ,0.1
2020-09-28,600232.SH,0.1
2020-09-28,002469.SZ,0.1
2020-09-28,300150.SZ,0.1
2020-09-28,002060.SZ,0.1
2020-09-28,002406.SZ,0.1
2020-09-28,603166.SH,0.1
2020-09-28,002443.SZ,0.1
2020-09-28,002441.SZ,0.1
2020-10-12,603088.SH,0.1
2020-10-12,002598.SZ,0.1
2020-10-12,600232.SH,0.1
2020-10-12,600159.SH,0.1
2020-10-12,002469.SZ,0.1
2020-10-12,000838.SZ,0.1
2020-10-12,002404.SZ,0.1
2020-10-12,600716.SH,0.1
2020-10-12,603797.SH,0.1
2020-10-12,002443.SZ,0.1
2020-10-19,603088.SH,0.1
2020-10-19,002598.SZ,0.1
2020-10-19,600232.SH,0.1
2020-10-19,600159.SH,0.1
2020-10-19,002469.SZ,0.1
2020-10-19,000838.SZ,0.1
2020-10-19,600716.SH,0.1
2020-10-19,002404.SZ,0.1
2020-10-19,002060.SZ,0.1
2020-10-19,603797.SH,0.1
2020-10-26,603088.SH,0.1
2020-10-26,002598.SZ,0.1
2020-10-26,600232.SH,0.1
2020-10-26,600159.SH,0.1
2020-10-26,002469.SZ,0.1
2020-10-26,000838.SZ,0.1
2020-10-26,600716.SH,0.1
2020-10-26,002404.SZ,0.1
2020-10-26,002060.SZ,0.1
2020-10-26,002443.SZ,0.1
2020-11-02,603088.SH,0.1
2020-11-02,002598.SZ,0.1
2020-11-02,600232.SH,0.1
2020-11-02,600159.SH,0.1
2020-11-02,002469.SZ,0.1
2020-11-02,000838.SZ,0.1
2020-11-02,600716.SH,0.1
2020-11-02,002443.SZ,0.1
2020-11-02,603797.SH,0.1
2020-11-02,002060.SZ,0.1
2020-11-09,603088.SH,0.1
2020-11-09,002598.SZ,0.1
2020-11-09,600159.SH,0.1
2020-11-09,600232.SH,0.1
2020-11-09,002469.SZ,0.1
2020-11-09,000838.SZ,0.1
2020-11-09,600716.SH,0.1
2020-11-09,002443.SZ,0.1
2020-11-09,603797.SH,0.1
2020-11-09,002060.SZ,0.1
2020-11-16,603088.SH,0.1
2020-11-16,002598.SZ,0.1
2020-11-16,600232.SH,0.1
2020-11-16,600159.SH,0.1
2020-11-16,002469.SZ,0.1
2020-11-16,000838.SZ,0.1
2020-11-16,600716.SH,0.1
2020-11-16,002443.SZ,0.1
2020-11-16,603797.SH,0.1
2020-11-16,002060.SZ,0.1
2020-11-23,603088.SH,0.1
2020-11-23,002598.SZ,0.1
2020-11-23,600232.SH,0.1
2020-11-23,600159.SH,0.1
2020-11-23,000838.SZ,0.1
2020-11-23,600716.SH,0.1
2020-11-23,603797.SH,0.1
2020-11-23,002443.SZ,0.1
2020-11-23,002060.SZ,0.1
2020-11-23,002300.SZ,0.1
2020-11-30,603088.SH,0.1
2020-11-30,002598.SZ,0.1
2020-11-30,600232.SH,0.1
2020-11-30,600159.SH,0.1
2020-11-30,000838.SZ,0.1
2020-11-30,600716.SH,0.1
2020-11-30,603797.SH,0.1
2020-11-30,002443.SZ,0.1
2020-11-30,002060.SZ,0.1
2020-11-30,002300.SZ,0.1
2020-12-07,603088.SH,0.1
2020-12-07,600159.SH,0.1
2020-12-07,002598.SZ,0.1
2020-12-07,600232.SH,0.1
2020-12-07,000838.SZ,0.1
2020-12-07,002443.SZ,0.1
2020-12-07,002060.SZ,0.1
2020-12-07,603797.SH,0.1
2020-12-07,600716.SH,0.1
2020-12-07,603166.SH,0.1
2020-12-14,603088.SH,0.1
2020-12-14,002598.SZ,0.1
2020-12-14,600159.SH,0.1
2020-12-14,600232.SH,0.1
2020-12-14,600051.SH,0.1
2020-12-14,000838.SZ,0.1
2020-12-14,002443.SZ,0.1
2020-12-14,002060.SZ,0.1
2020-12-14,603797.SH,0.1
2020-12-14,603166.SH,0.1
2020-12-21,603088.SH,0.1
2020-12-21,002598.SZ,0.1
2020-12-21,600232.SH,0.1
2020-12-21,600159.SH,0.1
2020-12-21,000838.SZ,0.1
2020-12-21,603797.SH,0.1
2020-12-21,002443.SZ,0.1
2020-12-21,002381.SZ,0.1
2020-12-21,002060.SZ,0.1
2020-12-21,603166.SH,0.1
2020-12-28,603088.SH,0.1
2020-12-28,002598.SZ,0.1
2020-12-28,600232.SH,0.1
2020-12-28,600159.SH,0.1
2020-12-28,603701.SH,0.1
2020-12-28,600051.SH,0.1
2020-12-28,603326.SH,0.1
2020-12-28,000838.SZ,0.1
2020-12-28,600571.SH,0.1
2020-12-28,002443.SZ,0.1
2021-01-04,603637.SH,0.1
2021-01-04,002598.SZ,0.1
2021-01-04,300509.SZ,0.1
2021-01-04,600232.SH,0.1
2021-01-04,002133.SZ,0.1
2021-01-04,000635.SZ,0.1
2021-01-04,603326.SH,0.1
2021-01-04,002763.SZ,0.1
2021-01-04,002788.SZ,0.1
2021-01-04,002443.SZ,0.1
2021-01-11,300509.SZ,0.1
2021-01-11,002598.SZ,0.1
2021-01-11,603637.SH,0.1
2021-01-11,600232.SH,0.1
2021-01-11,603089.SH,0.1
2021-01-11,000635.SZ,0.1
2021-01-11,002133.SZ,0.1
2021-01-11,603017.SH,0.1
2021-01-11,600051.SH,0.1
2021-01-11,603326.SH,0.1
2021-01-18,300509.SZ,0.1
2021-01-18,603089.SH,0.1
2021-01-18,603637.SH,0.1
2021-01-18,600232.SH,0.1
2021-01-18,002598.SZ,0.1
2021-01-18,000635.SZ,0.1
2021-01-18,002133.SZ,0.1
2021-01-18,600051.SH,0.1
2021-01-18,002763.SZ,0.1
2021-01-18,002788.SZ,0.1
2021-01-25,300509.SZ,0.1
2021-01-25,603089.SH,0.1
2021-01-25,603637.SH,0.1
2021-01-25,002598.SZ,0.1
2021-01-25,600232.SH,0.1
2021-01-25,000635.SZ,0.1
2021-01-25,002133.SZ,0.1
2021-01-25,600051.SH,0.1
2021-01-25,002388.SZ,0.1
2021-01-25,603488.SH,0.1
2021-02-01,603637.SH,0.1
2021-02-01,300509.SZ,0.1
2021-02-01,603089.SH,0.1
2021-02-01,002598.SZ,0.1
2021-02-01,600232.SH,0.1
2021-02-01,002133.SZ,0.1
2021-02-01,000635.SZ,0.1
2021-02-01,603488.SH,0.1
2021-02-01,002388.SZ,0.1
2021-02-01,600051.SH,0.1
2021-02-08,603088.SH,0.1
2021-02-08,603331.SH,0.1
2021-02-08,300509.SZ,0.1
2021-02-08,603089.SH,0.1
2021-02-08,600232.SH,0.1
2021-02-08,603637.SH,0.1
2021-02-08,002598.SZ,0.1
2021-02-08,603701.SH,0.1
2021-02-08,300412.SZ,0.1
2021-02-08,603696.SH,0.1
2021-02-22,300509.SZ,0.1
2021-02-22,603089.SH,0.1
2021-02-22,603637.SH,0.1
2021-02-22,600232.SH,0.1
2021-02-22,002598.SZ,0.1
2021-02-22,002133.SZ,0.1
2021-02-22,002388.SZ,0.1
2021-02-22,603488.SH,0.1
2021-02-22,600051.SH,0.1
2021-02-22,002763.SZ,0.1
2021-03-01,603637.SH,0.1
2021-03-01,600232.SH,0.1
2021-03-01,300509.SZ,0.1
2021-03-01,603089.SH,0.1
2021-03-01,002598.SZ,0.1
2021-03-01,002133.SZ,0.1
2021-03-01,603488.SH,0.1
2021-03-01,002388.SZ,0.1
2021-03-01,600051.SH,0.1
2021-03-01,002763.SZ,0.1
2021-03-08,600232.SH,0.1
2021-03-08,603637.SH,0.1
2021-03-08,300509.SZ,0.1
2021-03-08,002598.SZ,0.1
2021-03-08,002133.SZ,0.1
2021-03-08,603488.SH,0.1
2021-03-08,002388.SZ,0.1
2021-03-08,600051.SH,0.1
2021-03-08,002763.SZ,0.1
2021-03-08,002788.SZ,0.1
2021-03-15,603637.SH,0.1
2021-03-15,300509.SZ,0.1
2021-03-15,600232.SH,0.1
2021-03-15,002598.SZ,0.1
2021-03-15,603696.SH,0.1
2021-03-15,002133.SZ,0.1
2021-03-15,002388.SZ,0.1
2021-03-15,603488.SH,0.1
2021-03-15,600051.SH,0.1
2021-03-15,002788.SZ,0.1
2021-03-22,603637.SH,0.1
2021-03-22,300509.SZ,0.1
2021-03-22,600232.SH,0.1
2021-03-22,002598.SZ,0.1
2021-03-22,002133.SZ,0.1
2021-03-22,603488.SH,0.1
2021-03-22,002388.SZ,0.1
2021-03-22,600051.SH,0.1
2021-03-22,002788.SZ,0.1
2021-03-22,002763.SZ,0.1
2021-03-29,300509.SZ,0.1
2021-03-29,603637.SH,0.1
2021-03-29,600232.SH,0.1
2021-03-29,002598.SZ,0.1
2021-03-29,002133.SZ,0.1
2021-03-29,603488.SH,0.1
2021-03-29,002388.SZ,0.1
2021-03-29,002536.SZ,0.1
2021-03-29,600051.SH,0.1
2021-03-29,002788.SZ,0.1
2021-04-12,002843.SZ,0.1
2021-04-12,300509.SZ,0.1
2021-04-12,603637.SH,0.1
2021-04-12,603089.SH,0.1
2021-04-12,603527.SH,0.1
2021-04-12,300547.SZ,0.1
2021-04-12,002598.SZ,0.1
2021-04-12,603767.SH,0.1
2021-04-12,300412.SZ,0.1
2021-04-12,603701.SH,0.1
2021-04-19,002843.SZ,0.1
2021-04-19,300509.SZ,0.1
2021-04-19,603637.SH,0.1
2021-04-19,603089.SH,0.1
2021-04-19,603527.SH,0.1
2021-04-19,002598.SZ,0.1
2021-04-19,603767.SH,0.1
2021-04-19,603701.SH,0.1
2021-04-19,002811.SZ,0.1
2021-04-19,603900.SH,0.1
2021-04-26,002843.SZ,0.1
2021-04-26,603637.SH,0.1
2021-04-26,603527.SH,0.1
2021-04-26,300509.SZ,0.1
2021-04-26,002598.SZ,0.1
2021-04-26,603089.SH,0.1
2021-04-26,603767.SH,0.1
2021-04-26,002811.SZ,0.1
2021-04-26,603701.SH,0.1
2021-04-26,603900.SH,0.1
2021-05-10,002843.SZ,0.1
2021-05-10,300509.SZ,0.1
2021-05-10,603637.SH,0.1
2021-05-10,300547.SZ,0.1
2021-05-10,002598.SZ,0.1
2021-05-10,603767.SH,0.1
2021-05-10,603488.SH,0.1
2021-05-10,603500.SH,0.1
2021-05-10,603527.SH,0.1
2021-05-10,002811.SZ,0.1
2021-05-17,002843.SZ,0.1
2021-05-17,603637.SH,0.1
2021-05-17,300509.SZ,0.1
2021-05-17,002598.SZ,0.1
2021-05-17,603767.SH,0.1
2021-05-17,603527.SH,0.1
2021-05-17,603500.SH,0.1
2021-05-17,603701.SH,0.1
2021-05-17,002811.SZ,0.1
2021-05-17,002790.SZ,0.1
2021-05-24,002843.SZ,0.1
2021-05-24,603637.SH,0.1
2021-05-24,300509.SZ,0.1
2021-05-24,002687.SZ,0.1
2021-05-24,603527.SH,0.1
2021-05-24,603767.SH,0.1
2021-05-24,002598.SZ,0.1
2021-05-24,603500.SH,0.1
2021-05-24,603701.SH,0.1
2021-05-24,603488.SH,0.1
2021-05-31,002843.SZ,0.1
2021-05-31,603637.SH,0.1
2021-05-31,300509.SZ,0.1
2021-05-31,002687.SZ,0.1
2021-05-31,603527.SH,0.1
2021-05-31,603500.SH,0.1
2021-05-31,002598.SZ,0.1
2021-05-31,603488.SH,0.1
2021-05-31,603701.SH,0.1
2021-05-31,002790.SZ,0.1
2021-06-07,002843.SZ,0.1
2021-06-07,603637.SH,0.1
2021-06-07,300509.SZ,0.1
2021-06-07,002687.SZ,0.1
2021-06-07,603527.SH,0.1
2021-06-07,002598.SZ,0.1
2021-06-07,603488.SH,0.1
2021-06-07,603500.SH,0.1
2021-06-07,002133.SZ,0.1
2021-06-07,002790.SZ,0.1
2021-06-21,603036.SH,0.1
2021-06-21,603637.SH,0.1
2021-06-21,002687.SZ,0.1
2021-06-21,300509.SZ,0.1
2021-06-21,002811.SZ,0.1
2021-06-21,002790.SZ,0.1
2021-06-21,603900.SH,0.1
2021-06-21,002593.SZ,0.1
2021-06-21,603289.SH,0.1
2021-06-21,601086.SH,0.1
2021-06-28,603637.SH,0.1
2021-06-28,002687.SZ,0.1
2021-06-28,603767.SH,0.1
2021-06-28,300509.SZ,0.1
2021-06-28,603500.SH,0.1
2021-06-28,002811.SZ,0.1
2021-06-28,603006.SH,0.1
2021-06-28,601086.SH,0.1
2021-06-28,002116.SZ,0.1
2021-06-28,600683.SH,0.1
2021-07-05,603088.SH,0.1
2021-07-05,300335.SZ,0.1
2021-07-05,300509.SZ,0.1
2021-07-05,000637.SZ,0.1
2021-07-05,603767.SH,0.1
2021-07-05,002687.SZ,0.1
2021-07-05,603006.SH,0.1
2021-07-05,002790.SZ,0.1
2021-07-05,601086.SH,0.1
2021-07-05,600665.SH,0.1
2021-07-12,603088.SH,0.1
2021-07-12,300509.SZ,0.1
2021-07-12,300335.SZ,0.1
2021-07-12,000637.SZ,0.1
2021-07-12,603767.SH,0.1
2021-07-12,002687.SZ,0.1
2021-07-12,002790.SZ,0.1
2021-07-12,601086.SH,0.1
2021-07-12,600665.SH,0.1
2021-07-12,600683.SH,0.1
2021-07-19,603088.SH,0.1
2021-07-19,300335.SZ,0.1
2021-07-19,300509.SZ,0.1
2021-07-19,603767.SH,0.1
2021-07-19,603500.SH,0.1
2021-07-19,002133.SZ,0.1
2021-07-19,603006.SH,0.1
2021-07-19,002790.SZ,0.1
2021-07-19,002687.SZ,0.1
2021-07-19,600665.SH,0.1
2021-07-26,603088.SH,0.1
2021-07-26,600159.SH,0.1
2021-07-26,300509.SZ,0.1
2021-07-26,603767.SH,0.1
2021-07-26,300335.SZ,0.1
2021-07-26,603006.SH,0.1
2021-07-26,002133.SZ,0.1
2021-07-26,002790.SZ,0.1
2021-07-26,600665.SH,0.1
2021-07-26,002687.SZ,0.1
2021-08-02,603088.SH,0.1
2021-08-02,600159.SH,0.1
2021-08-02,300335.SZ,0.1
2021-08-02,002133.SZ,0.1
2021-08-02,603006.SH,0.1
2021-08-02,600665.SH,0.1
2021-08-02,002790.SZ,0.1
2021-08-02,603900.SH,0.1
2021-08-02,601086.SH,0.1
2021-08-02,600683.SH,0.1
2021-08-09,603088.SH,0.1
2021-08-09,600159.SH,0.1
2021-08-09,300335.SZ,0.1
2021-08-09,002133.SZ,0.1
2021-08-09,603006.SH,0.1
2021-08-09,600665.SH,0.1
2021-08-09,603966.SH,0.1
2021-08-09,603900.SH,0.1
2021-08-09,002790.SZ,0.1
2021-08-09,601086.SH,0.1
2021-08-16,603088.SH,0.1
2021-08-16,600159.SH,0.1
2021-08-16,300335.SZ,0.1
2021-08-16,002133.SZ,0.1
2021-08-16,603006.SH,0.1
2021-08-16,603966.SH,0.1
2021-08-16,600665.SH,0.1
2021-08-16,002790.SZ,0.1
2021-08-16,603900.SH,0.1
2021-08-16,601086.SH,0.1
2021-08-23,600159.SH,0.1
2021-08-23,603088.SH,0.1
2021-08-23,603767.SH,0.1
2021-08-23,002133.SZ,0.1
2021-08-23,300335.SZ,0.1
2021-08-23,600665.SH,0.1
2021-08-23,603966.SH,0.1
2021-08-23,002790.SZ,0.1
2021-08-23,603900.SH,0.1
2021-08-23,601086.SH,0.1
2021-08-30,603088.SH,0.1
2021-08-30,600159.SH,0.1
2021-08-30,300335.SZ,0.1
2021-08-30,002133.SZ,0.1
2021-08-30,600665.SH,0.1
2021-08-30,603900.SH,0.1
2021-08-30,002790.SZ,0.1
2021-08-30,601086.SH,0.1
2021-08-30,600683.SH,0.1
2021-08-30,603918.SH,0.1
2021-09-06,603088.SH,0.1
2021-09-06,603767.SH,0.1
2021-09-06,300335.SZ,0.1
2021-09-06,002133.SZ,0.1
2021-09-06,603900.SH,0.1
2021-09-06,002790.SZ,0.1
2021-09-06,600665.SH,0.1
2021-09-06,603918.SH,0.1
2021-09-06,601086.SH,0.1
2021-09-06,002687.SZ,0.1
2021-09-13,603767.SH,0.1
2021-09-13,300335.SZ,0.1
2021-09-13,603088.SH,0.1
2021-09-13,002790.SZ,0.1
2021-09-13,002133.SZ,0.1
2021-09-13,603900.SH,0.1
2021-09-13,603918.SH,0.1
2021-09-13,002687.SZ,0.1
2021-09-13,600665.SH,0.1
2021-09-13,601086.SH,0.1
2021-09-27,603637.SH,0.1
2021-09-27,603767.SH,0.1
2021-09-27,603006.SH,0.1
2021-09-27,603500.SH,0.1
2021-09-27,603088.SH,0.1
2021-09-27,300335.SZ,0.1
2021-09-27,002133.SZ,0.1
2021-09-27,002790.SZ,0.1
2021-09-27,002687.SZ,0.1
2021-09-27,603900.SH,0.1
2021-10-11,002347.SZ,0.1
2021-10-11,603006.SH,0.1
2021-10-11,002999.SZ,0.1
2021-10-11,002687.SZ,0.1
2021-10-11,002790.SZ,0.1
2021-10-11,002133.SZ,0.1
2021-10-11,603966.SH,0.1
2021-10-11,603918.SH,0.1
2021-10-11,002457.SZ,0.1
2021-10-11,603900.SH,0.1
2021-10-18,002347.SZ,0.1
2021-10-18,603500.SH,0.1
2021-10-18,603006.SH,0.1
2021-10-18,002687.SZ,0.1
2021-10-18,002999.SZ,0.1
2021-10-18,601086.SH,0.1
2021-10-18,603966.SH,0.1
2021-10-18,002133.SZ,0.1
2021-10-18,603918.SH,0.1
2021-10-18,600665.SH,0.1
2021-10-25,603637.SH,0.1
2021-10-25,002347.SZ,0.1
2021-10-25,600159.SH,0.1
2021-10-25,603500.SH,0.1
2021-10-25,603006.SH,0.1
2021-10-25,002687.SZ,0.1
2021-10-25,002999.SZ,0.1
2021-10-25,002133.SZ,0.1
2021-10-25,601086.SH,0.1
2021-10-25,603966.SH,0.1
2021-11-01,002347.SZ,0.1
2021-11-01,600159.SH,0.1
2021-11-01,002133.SZ,0.1
2021-11-01,002999.SZ,0.1
2021-11-01,603500.SH,0.1
2021-11-01,601086.SH,0.1
2021-11-01,603900.SH,0.1
2021-11-01,600665.SH,0.1
2021-11-01,002687.SZ,0.1
2021-11-01,603966.SH,0.1
2021-11-08,603637.SH,0.1
2021-11-08,002347.SZ,0.1
2021-11-08,600159.SH,0.1
2021-11-08,002133.SZ,0.1
2021-11-08,002999.SZ,0.1
2021-11-08,603500.SH,0.1
2021-11-08,601086.SH,0.1
2021-11-08,600665.SH,0.1
2021-11-08,603900.SH,0.1
2021-11-08,002687.SZ,0.1
2021-11-15,603637.SH,0.1
2021-11-15,002347.SZ,0.1
2021-11-15,600159.SH,0.1
2021-11-15,002133.SZ,0.1
2021-11-15,002999.SZ,0.1
2021-11-15,601086.SH,0.1
2021-11-15,603900.SH,0.1
2021-11-15,002687.SZ,0.1
2021-11-15,600665.SH,0.1
2021-11-15,002457.SZ,0.1
2021-11-22,600159.SH,0.1
2021-11-22,002133.SZ,0.1
2021-11-22,002999.SZ,0.1
2021-11-22,002347.SZ,0.1
2021-11-22,603900.SH,0.1
2021-11-22,002687.SZ,0.1
2021-11-22,600665.SH,0.1
2021-11-22,601086.SH,0.1
2021-11-22,002457.SZ,0.1
2021-11-22,603918.SH,0.1
2021-11-29,600159.SH,0.1
2021-11-29,002133.SZ,0.1
2021-11-29,002999.SZ,0.1
2021-11-29,002347.SZ,0.1
2021-11-29,603900.SH,0.1
2021-11-29,601086.SH,0.1
2021-11-29,600665.SH,0.1
2021-11-29,002457.SZ,0.1
2021-11-29,603918.SH,0.1
2021-11-29,603966.SH,0.1
2021-12-06,300509.SZ,0.1
2021-12-06,600159.SH,0.1
2021-12-06,002133.SZ,0.1
2021-12-06,002999.SZ,0.1
2021-12-06,002347.SZ,0.1
2021-12-06,601086.SH,0.1
2021-12-06,603900.SH,0.1
2021-12-06,600665.SH,0.1
2021-12-06,002687.SZ,0.1
2021-12-06,002457.SZ,0.1
2021-12-13,300509.SZ,0.1
2021-12-13,600159.SH,0.1
2021-12-13,002133.SZ,0.1
2021-12-13,002999.SZ,0.1
2021-12-13,002347.SZ,0.1
2021-12-13,601086.SH,0.1
2021-12-13,600665.SH,0.1
2021-12-13,002687.SZ,0.1
2021-12-13,603900.SH,0.1
2021-12-13,603918.SH,0.1
2021-12-20,002999.SZ,0.1
2021-12-20,002687.SZ,0.1
2021-12-20,002347.SZ,0.1
2021-12-20,002133.SZ,0.1
2021-12-20,601086.SH,0.1
2021-12-20,603900.SH,0.1
2021-12-20,600665.SH,0.1
2021-12-20,002457.SZ,0.1
2021-12-20,002788.SZ,0.1
2021-12-20,300154.SZ,0.1
2021-12-27,300509.SZ,0.1
2021-12-27,002687.SZ,0.1
2021-12-27,002347.SZ,0.1
2021-12-27,002999.SZ,0.1
2021-12-27,002133.SZ,0.1
2021-12-27,603900.SH,0.1
2021-12-27,601086.SH,0.1
2021-12-27,600665.SH,0.1
2021-12-27,002457.SZ,0.1
2021-12-27,300154.SZ,0.1
2022-01-10,600232.SH,0.1
2022-01-10,002150.SZ,0.1
2022-01-10,603767.SH,0.1
2022-01-10,002999.SZ,0.1
2022-01-10,002687.SZ,0.1
2022-01-10,002133.SZ,0.1
2022-01-10,600665.SH,0.1
2022-01-10,300154.SZ,0.1
2022-01-10,000404.SZ,0.1
2022-01-10,603648.SH,0.1
2022-01-17,600232.SH,0.1
2022-01-17,002150.SZ,0.1
2022-01-17,002999.SZ,0.1
2022-01-17,002133.SZ,0.1
2022-01-17,002687.SZ,0.1
2022-01-17,600665.SH,0.1
2022-01-17,300154.SZ,0.1
2022-01-17,000404.SZ,0.1
2022-01-17,002788.SZ,0.1
2022-01-17,600533.SH,0.1
2022-01-24,600232.SH,0.1
2022-01-24,002150.SZ,0.1
2022-01-24,002999.SZ,0.1
2022-01-24,002687.SZ,0.1
2022-01-24,002133.SZ,0.1
2022-01-24,600665.SH,0.1
2022-01-24,300154.SZ,0.1
2022-01-24,002788.SZ,0.1
2022-01-24,000404.SZ,0.1
2022-01-24,603648.SH,0.1
2022-02-07,600232.SH,0.1
2022-02-07,002150.SZ,0.1
2022-02-07,002687.SZ,0.1
2022-02-07,002999.SZ,0.1
2022-02-07,002133.SZ,0.1
2022-02-07,600665.SH,0.1
2022-02-07,002788.SZ,0.1
2022-02-07,300154.SZ,0.1
2022-02-07,000404.SZ,0.1
2022-02-07,603889.SH,0.1
2022-02-14,600232.SH,0.1
2022-02-14,002150.SZ,0.1
2022-02-14,002687.SZ,0.1
2022-02-14,002133.SZ,0.1
2022-02-14,600665.SH,0.1
2022-02-14,002788.SZ,0.1
2022-02-14,300154.SZ,0.1
2022-02-14,000404.SZ,0.1
2022-02-14,603889.SH,0.1
2022-02-14,603001.SH,0.1
2022-02-21,600232.SH,0.1
2022-02-21,002150.SZ,0.1
2022-02-21,002687.SZ,0.1
2022-02-21,002788.SZ,0.1
2022-02-21,300154.SZ,0.1
2022-02-21,600665.SH,0.1
2022-02-21,000404.SZ,0.1
2022-02-21,603001.SH,0.1
2022-02-21,603889.SH,0.1
2022-02-21,002546.SZ,0.1
2022-02-28,600232.SH,0.1
2022-02-28,002687.SZ,0.1
2022-02-28,002150.SZ,0.1
2022-02-28,002133.SZ,0.1
2022-02-28,002788.SZ,0.1
2022-02-28,600665.SH,0.1
2022-02-28,300154.SZ,0.1
2022-02-28,000404.SZ,0.1
2022-02-28,603648.SH,0.1
2022-02-28,603889.SH,0.1
2022-03-07,600232.SH,0.1
2022-03-07,002150.SZ,0.1
2022-03-07,002687.SZ,0.1
2022-03-07,603966.SH,0.1
2022-03-07,600665.SH,0.1
2022-03-07,300154.SZ,0.1
2022-03-07,002788.SZ,0.1
2022-03-07,603889.SH,0.1
2022-03-07,603001.SH,0.1
2022-03-07,000404.SZ,0.1
2022-03-14,600232.SH,0.1
2022-03-14,002687.SZ,0.1
2022-03-14,002150.SZ,0.1
2022-03-14,603966.SH,0.1
2022-03-14,002133.SZ,0.1
2022-03-14,300154.SZ,0.1
2022-03-14,600665.SH,0.1
2022-03-14,603889.SH,0.1
2022-03-14,603001.SH,0.1
2022-03-14,000404.SZ,0.1
2022-03-21,600232.SH,0.1
2022-03-21,002687.SZ,0.1
2022-03-21,002150.SZ,0.1
2022-03-21,603966.SH,0.1
2022-03-21,603889.SH,0.1
2022-03-21,300154.SZ,0.1
2022-03-21,603001.SH,0.1
2022-03-21,000404.SZ,0.1
2022-03-21,603648.SH,0.1
2022-03-21,002105.SZ,0.1
2022-03-28,002687.SZ,0.1
2022-03-28,600232.SH,0.1
2022-03-28,002150.SZ,0.1
2022-03-28,603966.SH,0.1
2022-03-28,002790.SZ,0.1
2022-03-28,603889.SH,0.1
2022-03-28,300154.SZ,0.1
2022-03-28,002105.SZ,0.1
2022-03-28,603001.SH,0.1
2022-03-28,300403.SZ,0.1
2022-04-11,002843.SZ,0.1
2022-04-11,600232.SH,0.1
2022-04-11,002150.SZ,0.1
2022-04-11,300112.SZ,0.1
2022-04-11,002790.SZ,0.1
2022-04-11,603088.SH,0.1
2022-04-11,603326.SH,0.1
2022-04-11,000419.SZ,0.1
2022-04-11,603889.SH,0.1
2022-04-11,002788.SZ,0.1
2022-04-18,002843.SZ,0.1
2022-04-18,600232.SH,0.1
2022-04-18,002150.SZ,0.1
2022-04-18,002790.SZ,0.1
2022-04-18,603326.SH,0.1
2022-04-18,603088.SH,0.1
2022-04-18,000419.SZ,0.1
2022-04-18,603889.SH,0.1
2022-04-18,002788.SZ,0.1
2022-04-18,002559.SZ,0.1
2022-04-25,002836.SZ,0.1
2022-04-25,002843.SZ,0.1
2022-04-25,600232.SH,0.1
2022-04-25,603088.SH,0.1
2022-04-25,603017.SH,0.1
2022-04-25,300112.SZ,0.1
2022-04-25,603326.SH,0.1
2022-04-25,002790.SZ,0.1
2022-04-25,603682.SH,0.1
2022-04-25,002133.SZ,0.1
2022-05-09,002836.SZ,0.1
2022-05-09,002843.SZ,0.1
2022-05-09,600232.SH,0.1
2022-05-09,002150.SZ,0.1
2022-05-09,003018.SZ,0.1
2022-05-09,002790.SZ,0.1
2022-05-09,603088.SH,0.1
2022-05-09,603682.SH,0.1
2022-05-09,000419.SZ,0.1
2022-05-09,002788.SZ,0.1
2022-05-16,002836.SZ,0.1
2022-05-16,002843.SZ,0.1
2022-05-16,600232.SH,0.1
2022-05-16,002150.SZ,0.1
2022-05-16,002790.SZ,0.1
2022-05-16,603088.SH,0.1
2022-05-16,000419.SZ,0.1
2022-05-16,603758.SH,0.1
2022-05-16,002788.SZ,0.1
2022-05-16,603889.SH,0.1
2022-05-23,002843.SZ,0.1
2022-05-23,600232.SH,0.1
2022-05-23,603682.SH,0.1
2022-05-23,000419.SZ,0.1
2022-05-23,002788.SZ,0.1
2022-05-23,603758.SH,0.1
2022-05-23,002469.SZ,0.1
2022-05-23,601996.SH,0.1
2022-05-23,002559.SZ,0.1
2022-05-23,603797.SH,0.1
2022-05-30,600232.SH,0.1
2022-05-30,002790.SZ,0.1
2022-05-30,000419.SZ,0.1
2022-05-30,300231.SZ,0.1
2022-05-30,603758.SH,0.1
2022-05-30,002469.SZ,0.1
2022-05-30,002559.SZ,0.1
2022-05-30,605162.SH,0.1
2022-05-30,603797.SH,0.1
2022-05-30,603366.SH,0.1
2022-06-06,600232.SH,0.1
2022-06-06,002615.SZ,0.1
2022-06-06,603998.SH,0.1
2022-06-06,000419.SZ,0.1
2022-06-06,002790.SZ,0.1
2022-06-06,603088.SH,0.1
2022-06-06,600113.SH,0.1
2022-06-06,603889.SH,0.1
2022-06-06,603758.SH,0.1
2022-06-06,002469.SZ,0.1
2022-06-13,002843.SZ,0.1
2022-06-13,600232.SH,0.1
2022-06-13,002615.SZ,0.1
2022-06-13,000419.SZ,0.1
2022-06-13,603998.SH,0.1
2022-06-13,002790.SZ,0.1
2022-06-13,603088.SH,0.1
2022-06-13,600113.SH,0.1
2022-06-13,603889.SH,0.1
2022-06-13,603758.SH,0.1
2022-06-20,600232.SH,0.1
2022-06-20,002615.SZ,0.1
2022-06-20,000419.SZ,0.1
2022-06-20,600113.SH,0.1
2022-06-20,002790.SZ,0.1
2022-06-20,603889.SH,0.1
2022-06-20,603758.SH,0.1
2022-06-20,603797.SH,0.1
2022-06-20,600527.SH,0.1
2022-06-20,000404.SZ,0.1
2022-06-27,600232.SH,0.1
2022-06-27,000419.SZ,0.1
2022-06-27,600113.SH,0.1
2022-06-27,002790.SZ,0.1
2022-06-27,603889.SH,0.1
2022-06-27,603797.SH,0.1
2022-06-27,002469.SZ,0.1
2022-06-27,600527.SH,0.1
2022-06-27,000404.SZ,0.1
2022-06-27,002014.SZ,0.1
2022-07-04,600232.SH,0.1
2022-07-04,002615.SZ,0.1
2022-07-04,000419.SZ,0.1
2022-07-04,600113.SH,0.1
2022-07-04,603088.SH,0.1
2022-07-04,603889.SH,0.1
2022-07-04,600683.SH,0.1
2022-07-04,002404.SZ,0.1
2022-07-04,603797.SH,0.1
2022-07-04,002469.SZ,0.1
2022-07-11,600128.SH,0.1
2022-07-11,600232.SH,0.1
2022-07-11,002615.SZ,0.1
2022-07-11,603600.SH,0.1
2022-07-11,000419.SZ,0.1
2022-07-11,600113.SH,0.1
2022-07-11,600683.SH,0.1
2022-07-11,002788.SZ,0.1
2022-07-11,002404.SZ,0.1
2022-07-11,603889.SH,0.1
2022-07-18,600128.SH,0.1
2022-07-18,600232.SH,0.1
2022-07-18,000419.SZ,0.1
2022-07-18,600113.SH,0.1
2022-07-18,002788.SZ,0.1
2022-07-18,603889.SH,0.1
2022-07-18,600683.SH,0.1
2022-07-18,002404.SZ,0.1
2022-07-18,603797.SH,0.1
2022-07-18,002469.SZ,0.1
2022-07-25,600128.SH,0.1
2022-07-25,600232.SH,0.1
2022-07-25,000419.SZ,0.1
2022-07-25,600113.SH,0.1
2022-07-25,002788.SZ,0.1
2022-07-25,603889.SH,0.1
2022-07-25,600683.SH,0.1
2022-07-25,002404.SZ,0.1
2022-07-25,603797.SH,0.1
2022-07-25,002469.SZ,0.1
2022-08-01,600128.SH,0.1
2022-08-01,600232.SH,0.1
2022-08-01,000419.SZ,0.1
2022-08-01,603998.SH,0.1
2022-08-01,600113.SH,0.1
2022-08-01,002788.SZ,0.1
2022-08-01,603889.SH,0.1
2022-08-01,600683.SH,0.1
2022-08-01,002404.SZ,0.1
2022-08-01,603797.SH,0.1
2022-08-08,600232.SH,0.1
2022-08-08,603600.SH,0.1
2022-08-08,000419.SZ,0.1
2022-08-08,603998.SH,0.1
2022-08-08,600113.SH,0.1
2022-08-08,002788.SZ,0.1
2022-08-08,603889.SH,0.1
2022-08-08,600683.SH,0.1
2022-08-08,603797.SH,0.1
2022-08-08,002404.SZ,0.1
2022-08-15,600232.SH,0.1
2022-08-15,000419.SZ,0.1
2022-08-15,603998.SH,0.1
2022-08-15,603600.SH,0.1
2022-08-15,600113.SH,0.1
2022-08-15,002788.SZ,0.1
2022-08-15,600683.SH,0.1
2022-08-15,603889.SH,0.1
2022-08-15,603797.SH,0.1
2022-08-15,002404.SZ,0.1
2022-08-22,600232.SH,0.1
2022-08-22,603998.SH,0.1
2022-08-22,000419.SZ,0.1
2022-08-22,600113.SH,0.1
2022-08-22,002788.SZ,0.1
2022-08-22,600683.SH,0.1
2022-08-22,603889.SH,0.1
2022-08-22,603797.SH,0.1
2022-08-22,002404.SZ,0.1
2022-08-22,600327.SH,0.1
2022-08-29,600232.SH,0.1
2022-08-29,603998.SH,0.1
2022-08-29,000419.SZ,0.1
2022-08-29,600113.SH,0.1
2022-08-29,002788.SZ,0.1
2022-08-29,600683.SH,0.1
2022-08-29,603797.SH,0.1
2022-08-29,603889.SH,0.1
2022-08-29,000404.SZ,0.1
2022-08-29,002404.SZ,0.1
2022-09-05,600232.SH,0.1
2022-09-05,603998.SH,0.1
2022-09-05,000419.SZ,0.1
2022-09-05,600113.SH,0.1
2022-09-05,002788.SZ,0.1
2022-09-05,603797.SH,0.1
2022-09-05,603889.SH,0.1
2022-09-05,000404.SZ,0.1
2022-09-05,600683.SH,0.1
2022-09-05,002404.SZ,0.1
2022-09-19,600232.SH,0.1
2022-09-19,603998.SH,0.1
2022-09-19,002363.SZ,0.1
2022-09-19,600113.SH,0.1
2022-09-19,002788.SZ,0.1
2022-09-19,603797.SH,0.1
2022-09-19,603889.SH,0.1
2022-09-19,002404.SZ,0.1
2022-09-19,000419.SZ,0.1
2022-09-19,000404.SZ,0.1
2022-09-26,600232.SH,0.1
2022-09-26,603998.SH,0.1
2022-09-26,002363.SZ,0.1
2022-09-26,600113.SH,0.1
2022-09-26,000419.SZ,0.1
2022-09-26,002788.SZ,0.1
2022-09-26,603797.SH,0.1
2022-09-26,603889.SH,0.1
2022-09-26,002404.SZ,0.1
2022-09-26,605162.SH,0.1
2022-10-10,600232.SH,0.1
2022-10-10,002363.SZ,0.1
2022-10-10,600113.SH,0.1
2022-10-10,000419.SZ,0.1
2022-10-10,603998.SH,0.1
2022-10-10,603967.SH,0.1
2022-10-10,002788.SZ,0.1
2022-10-10,603797.SH,0.1
2022-10-10,300968.SZ,0.1
2022-10-10,605162.SH,0.1
2022-10-17,600232.SH,0.1
2022-10-17,600113.SH,0.1
2022-10-17,000419.SZ,0.1
2022-10-17,002615.SZ,0.1
2022-10-17,603998.SH,0.1
2022-10-17,603797.SH,0.1
2022-10-17,002788.SZ,0.1
2022-10-17,002404.SZ,0.1
2022-10-17,605162.SH,0.1
2022-10-17,603689.SH,0.1
2022-10-24,600232.SH,0.1
2022-10-24,002615.SZ,0.1
2022-10-24,600113.SH,0.1
2022-10-24,000419.SZ,0.1
2022-10-24,603998.SH,0.1
2022-10-24,603797.SH,0.1
2022-10-24,002788.SZ,0.1
2022-10-24,603689.SH,0.1
2022-10-24,600683.SH,0.1
2022-10-24,000404.SZ,0.1
2022-10-31,600232.SH,0.1
2022-10-31,600113.SH,0.1
2022-10-31,000419.SZ,0.1
2022-10-31,002615.SZ,0.1
2022-10-31,603797.SH,0.1
2022-10-31,600683.SH,0.1
2022-10-31,603889.SH,0.1
2022-10-31,000404.SZ,0.1
2022-10-31,002788.SZ,0.1
2022-10-31,605162.SH,0.1
2022-11-07,600232.SH,0.1
2022-11-07,600113.SH,0.1
2022-11-07,000419.SZ,0.1
2022-11-07,002615.SZ,0.1
2022-11-07,603797.SH,0.1
2022-11-07,002788.SZ,0.1
2022-11-07,600683.SH,0.1
2022-11-07,603889.SH,0.1
2022-11-07,002404.SZ,0.1
2022-11-07,000404.SZ,0.1
2022-11-14,600232.SH,0.1
2022-11-14,000419.SZ,0.1
2022-11-14,600113.SH,0.1
2022-11-14,002615.SZ,0.1
2022-11-14,603797.SH,0.1
2022-11-14,603689.SH,0.1
2022-11-14,002404.SZ,0.1
2022-11-14,603889.SH,0.1
2022-11-14,000404.SZ,0.1
2022-11-14,600683.SH,0.1
2022-11-21,600232.SH,0.1
2022-11-21,000419.SZ,0.1
2022-11-21,600113.SH,0.1
2022-11-21,002615.SZ,0.1
2022-11-21,603797.SH,0.1
2022-11-21,603889.SH,0.1
2022-11-21,603088.SH,0.1
2022-11-21,600683.SH,0.1
2022-11-21,000404.SZ,0.1
2022-11-21,002404.SZ,0.1
2022-11-28,600232.SH,0.1
2022-11-28,002615.SZ,0.1
2022-11-28,000419.SZ,0.1
2022-11-28,600113.SH,0.1
2022-11-28,603088.SH,0.1
2022-11-28,603797.SH,0.1
2022-11-28,002788.SZ,0.1
2022-11-28,002404.SZ,0.1
2022-11-28,603889.SH,0.1
2022-11-28,300968.SZ,0.1
2022-12-05,600232.SH,0.1
2022-12-05,002615.SZ,0.1
2022-12-05,600113.SH,0.1
2022-12-05,000419.SZ,0.1
2022-12-05,603797.SH,0.1
2022-12-05,603088.SH,0.1
2022-12-05,300968.SZ,0.1
2022-12-05,002404.SZ,0.1
2022-12-05,603889.SH,0.1
2022-12-05,000404.SZ,0.1
2022-12-12,600232.SH,0.1
2022-12-12,002615.SZ,0.1
2022-12-12,600113.SH,0.1
2022-12-12,000419.SZ,0.1
2022-12-12,603088.SH,0.1
2022-12-12,603797.SH,0.1
2022-12-12,300968.SZ,0.1
2022-12-12,000404.SZ,0.1
2022-12-12,600683.SH,0.1
2022-12-12,603758.SH,0.1
2022-12-19,600232.SH,0.1
2022-12-19,002615.SZ,0.1
2022-12-19,600113.SH,0.1
2022-12-19,000419.SZ,0.1
2022-12-19,603088.SH,0.1
2022-12-19,603797.SH,0.1
2022-12-19,300968.SZ,0.1
2022-12-19,605162.SH,0.1
2022-12-19,603998.SH,0.1
2022-12-19,603758.SH,0.1
2022-12-26,600232.SH,0.1
2022-12-26,002615.SZ,0.1
2022-12-26,600113.SH,0.1
2022-12-26,603088.SH,0.1
2022-12-26,603797.SH,0.1
2022-12-26,000419.SZ,0.1
2022-12-26,002788.SZ,0.1
2022-12-26,603998.SH,0.1
2022-12-26,300968.SZ,0.1
2022-12-26,605162.SH,0.1
2023-01-09,601086.SH,0.1
2023-01-09,002363.SZ,0.1
2023-01-09,603648.SH,0.1
2023-01-09,603088.SH,0.1
2023-01-09,002788.SZ,0.1
2023-01-09,300968.SZ,0.1
2023-01-09,603998.SH,0.1
2023-01-09,603889.SH,0.1
2023-01-09,603689.SH,0.1
2023-01-09,000404.SZ,0.1
2023-01-16,601086.SH,0.1
2023-01-16,002615.SZ,0.1
2023-01-16,603648.SH,0.1
2023-01-16,002788.SZ,0.1
2023-01-16,300968.SZ,0.1
2023-01-16,002363.SZ,0.1
2023-01-16,603889.SH,0.1
2023-01-16,603689.SH,0.1
2023-01-16,603998.SH,0.1
2023-01-16,002404.SZ,0.1
2023-01-30,601086.SH,0.1
2023-01-30,002615.SZ,0.1
2023-01-30,603648.SH,0.1
2023-01-30,002788.SZ,0.1
2023-01-30,002363.SZ,0.1
2023-01-30,300968.SZ,0.1
2023-01-30,603889.SH,0.1
2023-01-30,603689.SH,0.1
2023-01-30,603998.SH,0.1
2023-01-30,002404.SZ,0.1
2023-02-06,601086.SH,0.1
2023-02-06,002457.SZ,0.1
2023-02-06,002788.SZ,0.1
2023-02-06,002363.SZ,0.1
2023-02-06,300968.SZ,0.1
2023-02-06,603998.SH,0.1
2023-02-06,603689.SH,0.1
2023-02-06,603889.SH,0.1
2023-02-06,002404.SZ,0.1
2023-02-06,000404.SZ,0.1
2023-02-13,601086.SH,0.1
2023-02-13,002788.SZ,0.1
2023-02-13,002363.SZ,0.1
2023-02-13,603689.SH,0.1
2023-02-13,603889.SH,0.1
2023-02-13,002404.SZ,0.1
2023-02-13,000404.SZ,0.1
2023-02-13,600133.SH,0.1
2023-02-13,600629.SH,0.1
2023-02-13,600229.SH,0.1
2023-02-20,601086.SH,0.1
2023-02-20,002457.SZ,0.1
2023-02-20,002363.SZ,0.1
2023-02-20,603889.SH,0.1
2023-02-20,603689.SH,0.1
2023-02-20,002404.SZ,0.1
2023-02-20,000404.SZ,0.1
2023-02-20,600133.SH,0.1
2023-02-20,002391.SZ,0.1
2023-02-20,600229.SH,0.1
2023-02-27,601086.SH,0.1
2023-02-27,002457.SZ,0.1
2023-02-27,002363.SZ,0.1
2023-02-27,002788.SZ,0.1
2023-02-27,002404.SZ,0.1
2023-02-27,603689.SH,0.1
2023-02-27,603889.SH,0.1
2023-02-27,000404.SZ,0.1
2023-02-27,600133.SH,0.1
2023-02-27,600229.SH,0.1
2023-03-06,601086.SH,0.1
2023-03-06,002457.SZ,0.1
2023-03-06,002363.SZ,0.1
2023-03-06,603689.SH,0.1
2023-03-06,002404.SZ,0.1
2023-03-06,603889.SH,0.1
2023-03-06,000404.SZ,0.1
2023-03-06,600133.SH,0.1
2023-03-06,002391.SZ,0.1
2023-03-06,603002.SH,0.1
2023-03-13,601086.SH,0.1
2023-03-13,002457.SZ,0.1
2023-03-13,002363.SZ,0.1
2023-03-13,002788.SZ,0.1
2023-03-13,603088.SH,0.1
2023-03-13,002404.SZ,0.1
2023-03-13,603689.SH,0.1
2023-03-13,000404.SZ,0.1
2023-03-13,603889.SH,0.1
2023-03-13,600133.SH,0.1
2023-03-20,601086.SH,0.1
2023-03-20,002363.SZ,0.1
2023-03-20,603648.SH,0.1
2023-03-20,002788.SZ,0.1
2023-03-20,603088.SH,0.1
2023-03-20,603689.SH,0.1
2023-03-20,002404.SZ,0.1
2023-03-20,000404.SZ,0.1
2023-03-20,603889.SH,0.1
2023-03-20,002391.SZ,0.1
2023-03-27,601086.SH,0.1
2023-03-27,002363.SZ,0.1
2023-03-27,603088.SH,0.1
2023-03-27,603689.SH,0.1
2023-03-27,002404.SZ,0.1
2023-03-27,603889.SH,0.1
2023-03-27,000404.SZ,0.1
2023-03-27,600133.SH,0.1
2023-03-27,002391.SZ,0.1
2023-03-27,600629.SH,0.1
2023-04-03,603196.SH,0.1
2023-04-03,603488.SH,0.1
2023-04-03,301056.SZ,0.1
2023-04-03,603767.SH,0.1
2023-04-03,603121.SH,0.1
2023-04-03,002687.SZ,0.1
2023-04-03,002774.SZ,0.1
2023-04-03,002381.SZ,0.1
2023-04-03,601086.SH,0.1
2023-04-03,300154.SZ,0.1
2023-04-10,603196.SH,0.1
2023-04-10,603488.SH,0.1
2023-04-10,603767.SH,0.1
2023-04-10,301056.SZ,0.1
2023-04-10,002774.SZ,0.1
2023-04-10,603121.SH,0.1
2023-04-10,002687.SZ,0.1
2023-04-10,601086.SH,0.1
2023-04-10,002381.SZ,0.1
2023-04-10,300100.SZ,0.1
2023-04-17,603488.SH,0.1
2023-04-17,603767.SH,0.1
2023-04-17,301056.SZ,0.1
2023-04-17,002774.SZ,0.1
2023-04-17,002687.SZ,0.1
2023-04-17,603121.SH,0.1
2023-04-17,601086.SH,0.1
2023-04-17,002381.SZ,0.1
2023-04-17,300154.SZ,0.1
2023-04-17,300100.SZ,0.1
2023-04-24,603488.SH,0.1
2023-04-24,603767.SH,0.1
2023-04-24,301056.SZ,0.1
2023-04-24,002774.SZ,0.1
2023-04-24,002687.SZ,0.1
2023-04-24,603006.SH,0.1
2023-04-24,603121.SH,0.1
2023-04-24,601086.SH,0.1
2023-04-24,300154.SZ,0.1
2023-04-24,002381.SZ,0.1
2023-05-08,603488.SH,0.1
2023-05-08,301056.SZ,0.1
2023-05-08,603767.SH,0.1
2023-05-08,002774.SZ,0.1
2023-05-08,002687.SZ,0.1
2023-05-08,603121.SH,0.1
2023-05-08,300100.SZ,0.1
2023-05-08,002381.SZ,0.1
2023-05-08,300172.SZ,0.1
2023-05-08,300154.SZ,0.1
2023-05-15,603488.SH,0.1
2023-05-15,301056.SZ,0.1
2023-05-15,002774.SZ,0.1
2023-05-15,002687.SZ,0.1
2023-05-15,603121.SH,0.1
2023-05-15,300100.SZ,0.1
2023-05-15,002381.SZ,0.1
2023-05-15,300154.SZ,0.1
2023-05-15,603088.SH,0.1
2023-05-15,002443.SZ,0.1
2023-05-22,603488.SH,0.1
2023-05-22,603767.SH,0.1
2023-05-22,301056.SZ,0.1
2023-05-22,002774.SZ,0.1
2023-05-22,002687.SZ,0.1
2023-05-22,603121.SH,0.1
2023-05-22,002381.SZ,0.1
2023-05-22,300154.SZ,0.1
2023-05-22,002443.SZ,0.1
2023-05-22,600683.SH,0.1
2023-05-29,603767.SH,0.1
2023-05-29,603488.SH,0.1
2023-05-29,600356.SH,0.1
2023-05-29,002687.SZ,0.1
2023-05-29,002774.SZ,0.1
2023-05-29,603121.SH,0.1
2023-05-29,002381.SZ,0.1
2023-05-29,300154.SZ,0.1
2023-05-29,002443.SZ,0.1
2023-05-29,002404.SZ,0.1
2023-06-05,603767.SH,0.1
2023-06-05,603488.SH,0.1
2023-06-05,600356.SH,0.1
2023-06-05,002774.SZ,0.1
2023-06-05,002687.SZ,0.1
2023-06-05,002381.SZ,0.1
2023-06-05,300154.SZ,0.1
2023-06-05,603088.SH,0.1
2023-06-05,603012.SH,0.1
2023-06-05,002404.SZ,0.1
2023-06-12,300509.SZ,0.1
2023-06-12,603767.SH,0.1
2023-06-12,603488.SH,0.1
2023-06-12,600356.SH,0.1
2023-06-12,002687.SZ,0.1
2023-06-12,002774.SZ,0.1
2023-06-12,002887.SZ,0.1
2023-06-12,002381.SZ,0.1
2023-06-12,601086.SH,0.1
2023-06-12,300154.SZ,0.1
2023-06-19,300509.SZ,0.1
2023-06-19,603488.SH,0.1
2023-06-19,600356.SH,0.1
2023-06-19,002687.SZ,0.1
2023-06-19,603767.SH,0.1
2023-06-19,002774.SZ,0.1
2023-06-19,002887.SZ,0.1
2023-06-19,601086.SH,0.1
2023-06-19,002381.SZ,0.1
2023-06-19,002763.SZ,0.1
2023-06-26,300509.SZ,0.1
2023-06-26,600356.SH,0.1
2023-06-26,603488.SH,0.1
2023-06-26,002687.SZ,0.1
2023-06-26,002774.SZ,0.1
2023-06-26,002887.SZ,0.1
2023-06-26,002381.SZ,0.1
2023-06-26,002412.SZ,0.1
2023-06-26,002763.SZ,0.1
2023-06-26,002788.SZ,0.1
2023-07-03,603488.SH,0.1
2023-07-03,002687.SZ,0.1
2023-07-03,603682.SH,0.1
2023-07-03,002774.SZ,0.1
2023-07-03,002381.SZ,0.1
2023-07-03,002412.SZ,0.1
2023-07-03,002763.SZ,0.1
2023-07-03,603088.SH,0.1
2023-07-03,300193.SZ,0.1
2023-07-03,000529.SZ,0.1
2023-07-10,603488.SH,0.1
2023-07-10,002687.SZ,0.1
2023-07-10,603682.SH,0.1
2023-07-10,002774.SZ,0.1
2023-07-10,002133.SZ,0.1
2023-07-10,002381.SZ,0.1
2023-07-10,002412.SZ,0.1
2023-07-10,603088.SH,0.1
2023-07-10,002763.SZ,0.1
2023-07-10,300193.SZ,0.1
2023-07-17,603488.SH,0.1
2023-07-17,002687.SZ,0.1
2023-07-17,603682.SH,0.1
2023-07-17,002133.SZ,0.1
2023-07-17,002774.SZ,0.1
2023-07-17,002381.SZ,0.1
2023-07-17,002412.SZ,0.1
2023-07-17,002763.SZ,0.1
2023-07-17,603088.SH,0.1
2023-07-17,000529.SZ,0.1
2023-07-24,603488.SH,0.1
2023-07-24,002687.SZ,0.1
2023-07-24,002774.SZ,0.1
2023-07-24,002133.SZ,0.1
2023-07-24,603682.SH,0.1
2023-07-24,002381.SZ,0.1
2023-07-24,002412.SZ,0.1
2023-07-24,603088.SH,0.1
2023-07-24,605066.SH,0.1
2023-07-24,002763.SZ,0.1
2023-07-31,603488.SH,0.1
2023-07-31,002687.SZ,0.1
2023-07-31,002774.SZ,0.1
2023-07-31,002133.SZ,0.1
2023-07-31,002381.SZ,0.1
2023-07-31,002412.SZ,0.1
2023-07-31,605066.SH,0.1
2023-07-31,002763.SZ,0.1
2023-07-31,603088.SH,0.1
2023-07-31,603682.SH,0.1
2023-08-07,603488.SH,0.1
2023-08-07,002687.SZ,0.1
2023-08-07,300335.SZ,0.1
2023-08-07,002774.SZ,0.1
2023-08-07,002381.SZ,0.1
2023-08-07,603682.SH,0.1
2023-08-07,002412.SZ,0.1
2023-08-07,002763.SZ,0.1
2023-08-07,605066.SH,0.1
2023-08-07,603058.SH,0.1
2023-08-14,603488.SH,0.1
2023-08-14,300335.SZ,0.1
2023-08-14,002687.SZ,0.1
2023-08-14,002774.SZ,0.1
2023-08-14,002381.SZ,0.1
2023-08-14,603682.SH,0.1
2023-08-14,002412.SZ,0.1
2023-08-14,002763.SZ,0.1
2023-08-14,605066.SH,0.1
2023-08-14,603058.SH,0.1
2023-08-21,603488.SH,0.1
2023-08-21,002687.SZ,0.1
2023-08-21,002774.SZ,0.1
2023-08-21,002381.SZ,0.1
2023-08-21,603682.SH,0.1
2023-08-21,002412.SZ,0.1
2023-08-21,605066.SH,0.1
2023-08-21,002763.SZ,0.1
2023-08-21,603058.SH,0.1
2023-08-21,600665.SH,0.1
2023-08-28,603488.SH,0.1
2023-08-28,002687.SZ,0.1
2023-08-28,002774.SZ,0.1
2023-08-28,002381.SZ,0.1
2023-08-28,603682.SH,0.1
2023-08-28,002412.SZ,0.1
2023-08-28,605066.SH,0.1
2023-08-28,002763.SZ,0.1
2023-08-28,603058.SH,0.1
2023-08-28,603697.SH,0.1
2023-09-04,603488.SH,0.1
2023-09-04,002687.SZ,0.1
2023-09-04,002774.SZ,0.1
2023-09-04,603682.SH,0.1
2023-09-04,002381.SZ,0.1
2023-09-04,002412.SZ,0.1
2023-09-04,002763.SZ,0.1
2023-09-04,605066.SH,0.1
2023-09-04,603058.SH,0.1
2023-09-04,600665.SH,0.1
2023-09-11,603488.SH,0.1
2023-09-11,002687.SZ,0.1
2023-09-11,002774.SZ,0.1
2023-09-11,603682.SH,0.1
2023-09-11,002381.SZ,0.1
2023-09-11,002412.SZ,0.1
2023-09-11,002763.SZ,0.1
2023-09-11,603058.SH,0.1
2023-09-11,600665.SH,0.1
2023-09-11,605066.SH,0.1
2023-09-18,603488.SH,0.1
2023-09-18,002687.SZ,0.1
2023-09-18,002774.SZ,0.1
2023-09-18,603682.SH,0.1
2023-09-18,002381.SZ,0.1
2023-09-18,603058.SH,0.1
2023-09-18,002412.SZ,0.1
2023-09-18,002763.SZ,0.1
2023-09-18,605066.SH,0.1
2023-09-18,600665.SH,0.1
2023-09-25,603488.SH,0.1
2023-09-25,300335.SZ,0.1
2023-09-25,002687.SZ,0.1
2023-09-25,002774.SZ,0.1
2023-09-25,603682.SH,0.1
2023-09-25,002381.SZ,0.1
2023-09-25,603058.SH,0.1
2023-09-25,600665.SH,0.1
2023-09-25,002763.SZ,0.1
2023-09-25,605066.SH,0.1
2023-10-09,603488.SH,0.1
2023-10-09,600854.SH,0.1
2023-10-09,002687.SZ,0.1
2023-10-09,603682.SH,0.1
2023-10-09,002774.SZ,0.1
2023-10-09,002381.SZ,0.1
2023-10-09,002772.SZ,0.1
2023-10-09,002763.SZ,0.1
2023-10-09,605066.SH,0.1
2023-10-09,603689.SH,0.1
2023-10-16,603488.SH,0.1
2023-10-16,600854.SH,0.1
2023-10-16,002687.SZ,0.1
2023-10-16,002774.SZ,0.1
2023-10-16,603682.SH,0.1
2023-10-16,002381.SZ,0.1
2023-10-16,002772.SZ,0.1
2023-10-16,002763.SZ,0.1
2023-10-16,605066.SH,0.1
2023-10-16,603088.SH,0.1
2023-10-23,603488.SH,0.1
2023-10-23,600854.SH,0.1
2023-10-23,002687.SZ,0.1
2023-10-23,002774.SZ,0.1
2023-10-23,603682.SH,0.1
2023-10-23,002381.SZ,0.1
2023-10-23,002772.SZ,0.1
2023-10-23,002763.SZ,0.1
2023-10-23,605066.SH,0.1
2023-10-23,603088.SH,0.1
2023-10-30,603488.SH,0.1
2023-10-30,002687.SZ,0.1
2023-10-30,002774.SZ,0.1
2023-10-30,603682.SH,0.1
2023-10-30,002381.SZ,0.1
2023-10-30,002772.SZ,0.1
2023-10-30,603088.SH,0.1
2023-10-30,002763.SZ,0.1
2023-10-30,605066.SH,0.1
2023-10-30,002546.SZ,0.1
2023-11-06,002687.SZ,0.1
2023-11-06,002774.SZ,0.1
2023-11-06,603682.SH,0.1
2023-11-06,002381.SZ,0.1
2023-11-06,002772.SZ,0.1
2023-11-06,002763.SZ,0.1
2023-11-06,605066.SH,0.1
2023-11-06,603088.SH,0.1
2023-11-06,603878.SH,0.1
2023-11-06,002546.SZ,0.1
2023-11-13,002687.SZ,0.1
2023-11-13,002774.SZ,0.1
2023-11-13,603682.SH,0.1
2023-11-13,002381.SZ,0.1
2023-11-13,002772.SZ,0.1
2023-11-13,002763.SZ,0.1
2023-11-13,603088.SH,0.1
2023-11-13,002546.SZ,0.1
2023-11-13,000404.SZ,0.1
2023-11-13,603878.SH,0.1
2023-11-20,002687.SZ,0.1
2023-11-20,603682.SH,0.1
2023-11-20,002774.SZ,0.1
2023-11-20,002381.SZ,0.1
2023-11-20,002772.SZ,0.1
2023-11-20,002763.SZ,0.1
2023-11-20,603088.SH,0.1
2023-11-20,603689.SH,0.1
2023-11-20,603878.SH,0.1
2023-11-20,002546.SZ,0.1
2023-11-27,002687.SZ,0.1
2023-11-27,002394.SZ,0.1
2023-11-27,002774.SZ,0.1
2023-11-27,603682.SH,0.1
2023-11-27,002381.SZ,0.1
2023-11-27,002772.SZ,0.1
2023-11-27,002763.SZ,0.1
2023-11-27,603088.SH,0.1
2023-11-27,002546.SZ,0.1
2023-11-27,603878.SH,0.1
2023-12-04,002394.SZ,0.1
2023-12-04,002687.SZ,0.1
2023-12-04,002774.SZ,0.1
2023-12-04,603682.SH,0.1
2023-12-04,002381.SZ,0.1
2023-12-04,002772.SZ,0.1
2023-12-04,002763.SZ,0.1
2023-12-04,603088.SH,0.1
2023-12-04,002546.SZ,0.1
2023-12-04,000404.SZ,0.1
2023-12-11,002394.SZ,0.1
2023-12-11,002687.SZ,0.1
2023-12-11,002774.SZ,0.1
2023-12-11,603682.SH,0.1
2023-12-11,002381.SZ,0.1
2023-12-11,002772.SZ,0.1
2023-12-11,002763.SZ,0.1
2023-12-11,605066.SH,0.1
2023-12-11,603088.SH,0.1
2023-12-11,002546.SZ,0.1
2023-12-18,002774.SZ,0.1
2023-12-18,002687.SZ,0.1
2023-12-18,002394.SZ,0.1
2023-12-18,603682.SH,0.1
2023-12-18,002381.SZ,0.1
2023-12-18,002772.SZ,0.1
2023-12-18,002788.SZ,0.1
2023-12-18,605066.SH,0.1
2023-12-18,603088.SH,0.1
2023-12-18,002763.SZ,0.1
2023-12-25,002687.SZ,0.1
2023-12-25,002394.SZ,0.1
2023-12-25,002774.SZ,0.1
2023-12-25,603682.SH,0.1
2023-12-25,002381.SZ,0.1
2023-12-25,002772.SZ,0.1
2023-12-25,002788.SZ,0.1
2023-12-25,002763.SZ,0.1
2023-12-25,605066.SH,0.1
2023-12-25,603088.SH,0.1
2024-01-08,002687.SZ,0.1
2024-01-08,002774.SZ,0.1
2024-01-08,002381.SZ,0.1
2024-01-08,002615.SZ,0.1
2024-01-08,002412.SZ,0.1
2024-01-08,300105.SZ,0.1
2024-01-08,002788.SZ,0.1
2024-01-08,603088.SH,0.1
2024-01-08,002763.SZ,0.1
2024-01-08,002546.SZ,0.1
2024-01-15,002687.SZ,0.1
2024-01-15,002774.SZ,0.1
2024-01-15,002381.SZ,0.1
2024-01-15,300105.SZ,0.1
2024-01-15,002412.SZ,0.1
2024-01-15,002788.SZ,0.1
2024-01-15,603088.SH,0.1
2024-01-15,002615.SZ,0.1
2024-01-15,002763.SZ,0.1
2024-01-15,002546.SZ,0.1
2024-01-22,603017.SH,0.1
2024-01-22,002774.SZ,0.1
2024-01-22,002687.SZ,0.1
2024-01-22,300105.SZ,0.1
2024-01-22,002412.SZ,0.1
2024-01-22,002788.SZ,0.1
2024-01-22,603088.SH,0.1
2024-01-22,002381.SZ,0.1
2024-01-22,002615.SZ,0.1
2024-01-22,605066.SH,0.1
2024-01-29,002774.SZ,0.1
2024-01-29,002687.SZ,0.1
2024-01-29,002412.SZ,0.1
2024-01-29,300105.SZ,0.1
2024-01-29,300272.SZ,0.1
2024-01-29,603088.SH,0.1
2024-01-29,002381.SZ,0.1
2024-01-29,002788.SZ,0.1
2024-01-29,605066.SH,0.1
2024-01-29,002763.SZ,0.1
2024-02-05,603506.SH,0.1
2024-02-05,002949.SZ,0.1
2024-02-05,002774.SZ,0.1
2024-02-05,600854.SH,0.1
2024-02-05,603017.SH,0.1
2024-02-05,300306.SZ,0.1
2024-02-05,002687.SZ,0.1
2024-02-05,300154.SZ,0.1
2024-02-05,300105.SZ,0.1
2024-02-05,300272.SZ,0.1
2024-02-19,603269.SH,0.1
2024-02-19,603506.SH,0.1
2024-02-19,002774.SZ,0.1
2024-02-19,600854.SH,0.1
2024-02-19,603017.SH,0.1
2024-02-19,603488.SH,0.1
2024-02-19,300306.SZ,0.1
2024-02-19,300154.SZ,0.1
2024-02-19,002687.SZ,0.1
2024-02-19,002412.SZ,0.1
2024-02-26,603506.SH,0.1
2024-02-26,600854.SH,0.1
2024-02-26,603017.SH,0.1
2024-02-26,002774.SZ,0.1
2024-02-26,002687.SZ,0.1
2024-02-26,300272.SZ,0.1
2024-02-26,002412.SZ,0.1
2024-02-26,300105.SZ,0.1
2024-02-26,002615.SZ,0.1
2024-02-26,002688.SZ,0.1
2024-03-04,603506.SH,0.1
2024-03-04,002774.SZ,0.1
2024-03-04,600854.SH,0.1
2024-03-04,603017.SH,0.1
2024-03-04,002687.SZ,0.1
2024-03-04,002412.SZ,0.1
2024-03-04,300272.SZ,0.1
2024-03-04,002688.SZ,0.1
2024-03-04,002615.SZ,0.1
2024-03-04,605066.SH,0.1
2024-03-11,603506.SH,0.1
2024-03-11,600854.SH,0.1
2024-03-11,603017.SH,0.1
2024-03-11,002774.SZ,0.1
2024-03-11,002687.SZ,0.1
2024-03-11,002412.SZ,0.1
2024-03-11,300272.SZ,0.1
2024-03-11,002688.SZ,0.1
2024-03-11,603058.SH,0.1
2024-03-11,002615.SZ,0.1
2024-03-18,603506.SH,0.1
2024-03-18,600854.SH,0.1
2024-03-18,603017.SH,0.1
2024-03-18,002774.SZ,0.1
2024-03-18,002412.SZ,0.1
2024-03-18,002687.SZ,0.1
2024-03-18,300272.SZ,0.1
2024-03-18,002688.SZ,0.1
2024-03-18,002615.SZ,0.1
2024-03-18,300105.SZ,0.1
2024-03-25,603506.SH,0.1
2024-03-25,600854.SH,0.1
2024-03-25,603017.SH,0.1
2024-03-25,002774.SZ,0.1
2024-03-25,002412.SZ,0.1
2024-03-25,300272.SZ,0.1
2024-03-25,002687.SZ,0.1
2024-03-25,300105.SZ,0.1
2024-03-25,002788.SZ,0.1
2024-03-25,603058.SH,0.1
2024-04-01,301081.SZ,0.1
2024-04-01,002887.SZ,0.1
2024-04-01,002286.SZ,0.1
2024-04-01,002774.SZ,0.1
2024-04-01,000419.SZ,0.1
2024-04-01,600865.SH,0.1
2024-04-01,603966.SH,0.1
2024-04-01,002688.SZ,0.1
2024-04-01,002788.SZ,0.1
2024-04-01,300272.SZ,0.1
2024-04-08,301081.SZ,0.1
2024-04-08,002887.SZ,0.1
2024-04-08,002286.SZ,0.1
2024-04-08,002774.SZ,0.1
2024-04-08,000419.SZ,0.1
2024-04-08,600865.SH,0.1
2024-04-08,603966.SH,0.1
2024-04-08,002688.SZ,0.1
2024-04-08,300272.SZ,0.1
2024-04-08,002788.SZ,0.1
2024-04-15,301081.SZ,0.1
2024-04-15,300610.SZ,0.1
2024-04-15,002887.SZ,0.1
2024-04-15,002286.SZ,0.1
2024-04-15,300112.SZ,0.1
2024-04-15,002774.SZ,0.1
2024-04-15,600865.SH,0.1
2024-04-15,603898.SH,0.1
2024-04-15,000419.SZ,0.1
2024-04-15,300272.SZ,0.1
2024-04-22,002836.SZ,0.1
2024-04-22,301081.SZ,0.1
2024-04-22,300610.SZ,0.1
2024-04-22,002887.SZ,0.1
2024-04-22,603216.SH,0.1
2024-04-22,002286.SZ,0.1
2024-04-22,300112.SZ,0.1
2024-04-22,002774.SZ,0.1
2024-04-22,601616.SH,0.1
2024-04-22,000419.SZ,0.1
2024-04-29,002836.SZ,0.1
2024-04-29,301081.SZ,0.1
2024-04-29,002887.SZ,0.1
2024-04-29,002286.SZ,0.1
2024-04-29,002774.SZ,0.1
2024-04-29,002825.SZ,0.1
2024-04-29,000419.SZ,0.1
2024-04-29,600865.SH,0.1
2024-04-29,002412.SZ,0.1
2024-04-29,300272.SZ,0.1
2024-05-06,002836.SZ,0.1
2024-05-06,301081.SZ,0.1
2024-05-06,002887.SZ,0.1
2024-05-06,300112.SZ,0.1
2024-05-06,002774.SZ,0.1
2024-05-06,002825.SZ,0.1
2024-05-06,000419.SZ,0.1
2024-05-06,002412.SZ,0.1
2024-05-06,300272.SZ,0.1
2024-05-06,600865.SH,0.1
2024-05-13,002836.SZ,0.1
2024-05-13,301081.SZ,0.1
2024-05-13,300112.SZ,0.1
2024-05-13,002887.SZ,0.1
2024-05-13,002774.SZ,0.1
2024-05-13,000419.SZ,0.1
2024-05-13,002825.SZ,0.1
2024-05-13,603898.SH,0.1
2024-05-13,603500.SH,0.1
2024-05-13,600865.SH,0.1
2024-05-20,002836.SZ,0.1
2024-05-20,301081.SZ,0.1
2024-05-20,300112.SZ,0.1
2024-05-20,002887.SZ,0.1
2024-05-20,002774.SZ,0.1
2024-05-20,603500.SH,0.1
2024-05-20,002825.SZ,0.1
2024-05-20,000419.SZ,0.1
2024-05-20,600865.SH,0.1
2024-05-20,002412.SZ,0.1
2024-05-27,002836.SZ,0.1
2024-05-27,301081.SZ,0.1
2024-05-27,300112.SZ,0.1
2024-05-27,002887.SZ,0.1
2024-05-27,002774.SZ,0.1
2024-05-27,603500.SH,0.1
2024-05-27,002825.SZ,0.1
2024-05-27,000419.SZ,0.1
2024-05-27,603898.SH,0.1
2024-05-27,600865.SH,0.1
2024-06-03,002836.SZ,0.1
2024-06-03,301081.SZ,0.1
2024-06-03,603903.SH,0.1
2024-06-03,002887.SZ,0.1
2024-06-03,002774.SZ,0.1
2024-06-03,000419.SZ,0.1
2024-06-03,603500.SH,0.1
2024-06-03,002825.SZ,0.1
2024-06-03,002730.SZ,0.1
2024-06-03,603898.SH,0.1
2024-06-17,300564.SZ,0.1
2024-06-17,301081.SZ,0.1
2024-06-17,603903.SH,0.1
2024-06-17,002998.SZ,0.1
2024-06-17,603926.SH,0.1
2024-06-17,002887.SZ,0.1
2024-06-17,002774.SZ,0.1
2024-06-17,002825.SZ,0.1
2024-06-17,000419.SZ,0.1
2024-06-17,603898.SH,0.1
2024-06-24,300564.SZ,0.1
2024-06-24,301081.SZ,0.1
2024-06-24,603903.SH,0.1
2024-06-24,002998.SZ,0.1
2024-06-24,300610.SZ,0.1
2024-06-24,603926.SH,0.1
2024-06-24,300112.SZ,0.1
2024-06-24,603216.SH,0.1
2024-06-24,002774.SZ,0.1
2024-06-24,002825.SZ,0.1
2024-07-01,600232.SH,0.1
2024-07-01,600854.SH,0.1
2024-07-01,002825.SZ,0.1
2024-07-01,002774.SZ,0.1
2024-07-01,000419.SZ,0.1
2024-07-01,600865.SH,0.1
2024-07-01,002040.SZ,0.1
2024-07-01,002969.SZ,0.1
2024-07-01,300230.SZ,0.1
2024-07-01,002381.SZ,0.1
2024-07-08,600232.SH,0.1
2024-07-08,600854.SH,0.1
2024-07-08,603269.SH,0.1
2024-07-08,002825.SZ,0.1
2024-07-08,002774.SZ,0.1
2024-07-08,002972.SZ,0.1
2024-07-08,000419.SZ,0.1
2024-07-08,600865.SH,0.1
2024-07-08,002040.SZ,0.1
2024-07-08,300230.SZ,0.1
2024-07-15,600232.SH,0.1
2024-07-15,603269.SH,0.1
2024-07-15,600854.SH,0.1
2024-07-15,002774.SZ,0.1
2024-07-15,002972.SZ,0.1
2024-07-15,000419.SZ,0.1
2024-07-15,600865.SH,0.1
2024-07-15,000880.SZ,0.1
2024-07-15,300230.SZ,0.1
2024-07-15,603518.SH,0.1
2024-07-22,600232.SH,0.1
2024-07-22,603269.SH,0.1
2024-07-22,600854.SH,0.1
2024-07-22,603216.SH,0.1
2024-07-22,002774.SZ,0.1
2024-07-22,000419.SZ,0.1
2024-07-22,600865.SH,0.1
2024-07-22,000880.SZ,0.1
2024-07-22,603518.SH,0.1
2024-07-22,300230.SZ,0.1
2024-07-29,600232.SH,0.1
2024-07-29,603269.SH,0.1
2024-07-29,600854.SH,0.1
2024-07-29,603216.SH,0.1
2024-07-29,002774.SZ,0.1
2024-07-29,000419.SZ,0.1
2024-07-29,603518.SH,0.1
2024-07-29,600865.SH,0.1
2024-07-29,002381.SZ,0.1
2024-07-29,300230.SZ,0.1
2024-08-05,600232.SH,0.1
2024-08-05,603269.SH,0.1
2024-08-05,600854.SH,0.1
2024-08-05,603216.SH,0.1
2024-08-05,002774.SZ,0.1
2024-08-05,000419.SZ,0.1
2024-08-05,603518.SH,0.1
2024-08-05,600865.SH,0.1
2024-08-05,300230.SZ,0.1
2024-08-05,002381.SZ,0.1
2024-08-12,600232.SH,0.1
2024-08-12,603269.SH,0.1
2024-08-12,600854.SH,0.1
2024-08-12,002774.SZ,0.1
2024-08-12,603518.SH,0.1
2024-08-12,600865.SH,0.1
2024-08-12,002381.SZ,0.1
2024-08-12,300230.SZ,0.1
2024-08-12,002969.SZ,0.1
2024-08-12,601956.SH,0.1
2024-08-19,600232.SH,0.1
2024-08-19,603269.SH,0.1
2024-08-19,600854.SH,0.1
2024-08-19,002774.SZ,0.1
2024-08-19,000419.SZ,0.1
2024-08-19,603518.SH,0.1
2024-08-19,600865.SH,0.1
2024-08-19,002381.SZ,0.1
2024-08-19,300230.SZ,0.1
2024-08-19,002969.SZ,0.1
2024-08-26,603161.SH,0.1
2024-08-26,600232.SH,0.1
2024-08-26,603725.SH,0.1
2024-08-26,603269.SH,0.1
2024-08-26,603819.SH,0.1
2024-08-26,603216.SH,0.1
2024-08-26,600854.SH,0.1
2024-08-26,002774.SZ,0.1
2024-08-26,603518.SH,0.1
2024-08-26,600865.SH,0.1
2024-09-02,603269.SH,0.1
2024-09-02,603161.SH,0.1
2024-09-02,600232.SH,0.1
2024-09-02,301056.SZ,0.1
2024-09-02,603819.SH,0.1
2024-09-02,002774.SZ,0.1
2024-09-02,600854.SH,0.1
2024-09-02,603518.SH,0.1
2024-09-02,600865.SH,0.1
2024-09-02,002381.SZ,0.1
2024-09-09,603269.SH,0.1
2024-09-09,600232.SH,0.1
2024-09-09,301056.SZ,0.1
2024-09-09,603819.SH,0.1
2024-09-09,603161.SH,0.1
2024-09-09,002811.SZ,0.1
2024-09-09,002774.SZ,0.1
2024-09-09,600854.SH,0.1
2024-09-09,603216.SH,0.1
2024-09-09,603518.SH,0.1
2024-09-23,603269.SH,0.1
2024-09-23,600232.SH,0.1
2024-09-23,603161.SH,0.1
2024-09-23,301056.SZ,0.1
2024-09-23,603819.SH,0.1
2024-09-23,002774.SZ,0.1
2024-09-23,002811.SZ,0.1
2024-09-23,603216.SH,0.1
2024-09-23,600854.SH,0.1
2024-09-23,603518.SH,0.1
2024-09-30,600232.SH,0.1
2024-09-30,603269.SH,0.1
2024-09-30,603725.SH,0.1
2024-09-30,301056.SZ,0.1
2024-09-30,002811.SZ,0.1
2024-09-30,002442.SZ,0.1
2024-09-30,300154.SZ,0.1
2024-09-30,600865.SH,0.1
2024-09-30,002734.SZ,0.1
2024-09-30,605162.SH,0.1
2024-10-14,600232.SH,0.1
2024-10-14,603269.SH,0.1
2024-10-14,603725.SH,0.1
2024-10-14,002811.SZ,0.1
2024-10-14,002442.SZ,0.1
2024-10-14,605580.SH,0.1
2024-10-14,300154.SZ,0.1
2024-10-14,600865.SH,0.1
2024-10-14,605162.SH,0.1
2024-10-14,603697.SH,0.1
2024-10-21,600232.SH,0.1
2024-10-21,002811.SZ,0.1
2024-10-21,002442.SZ,0.1
2024-10-21,605580.SH,0.1
2024-10-21,605162.SH,0.1
2024-10-21,600865.SH,0.1
2024-10-21,603697.SH,0.1
2024-10-21,002734.SZ,0.1
2024-10-21,300154.SZ,0.1
2024-10-21,002969.SZ,0.1
2024-10-28,600232.SH,0.1
2024-10-28,603725.SH,0.1
2024-10-28,605162.SH,0.1
2024-10-28,002734.SZ,0.1
2024-10-28,300154.SZ,0.1
2024-10-28,002969.SZ,0.1
2024-10-28,603697.SH,0.1
2024-10-28,600865.SH,0.1
2024-10-28,002228.SZ,0.1
2024-10-28,603166.SH,0.1
2024-11-04,600232.SH,0.1
2024-11-04,603725.SH,0.1
2024-11-04,002811.SZ,0.1
2024-11-04,002734.SZ,0.1
2024-11-04,002969.SZ,0.1
2024-11-04,300154.SZ,0.1
2024-11-04,002228.SZ,0.1
2024-11-04,300774.SZ,0.1
2024-11-04,603167.SH,0.1
2024-11-04,002479.SZ,0.1
2024-11-11,600232.SH,0.1
2024-11-11,603725.SH,0.1
2024-11-11,002734.SZ,0.1
2024-11-11,002969.SZ,0.1
2024-11-11,300154.SZ,0.1
2024-11-11,002228.SZ,0.1
2024-11-11,603167.SH,0.1
2024-11-11,002479.SZ,0.1
2024-11-11,300453.SZ,0.1
2024-11-11,002083.SZ,0.1
2024-11-18,600232.SH,0.1
2024-11-18,603269.SH,0.1
2024-11-18,603725.SH,0.1
2024-11-18,002811.SZ,0.1
2024-11-18,002734.SZ,0.1
2024-11-18,300154.SZ,0.1
2024-11-18,002969.SZ,0.1
2024-11-18,600865.SH,0.1
2024-11-18,002228.SZ,0.1
2024-11-18,300774.SZ,0.1
2024-11-25,600232.SH,0.1
2024-11-25,002811.SZ,0.1
2024-11-25,002734.SZ,0.1
2024-11-25,300154.SZ,0.1
2024-11-25,002969.SZ,0.1
2024-11-25,002228.SZ,0.1
2024-11-25,603167.SH,0.1
2024-11-25,002479.SZ,0.1
2024-11-25,300453.SZ,0.1
2024-11-25,002083.SZ,0.1
2024-12-02,600232.SH,0.1
2024-12-02,002734.SZ,0.1
2024-12-02,002969.SZ,0.1
2024-12-02,002228.SZ,0.1
2024-12-02,603167.SH,0.1
2024-12-02,002479.SZ,0.1
2024-12-02,300453.SZ,0.1
2024-12-02,603166.SH,0.1
2024-12-02,002083.SZ,0.1
2024-12-02,000404.SZ,0.1
2024-12-09,600232.SH,0.1
2024-12-09,002969.SZ,0.1
2024-12-09,002228.SZ,0.1
2024-12-09,603167.SH,0.1
2024-12-09,002479.SZ,0.1
2024-12-09,300453.SZ,0.1
2024-12-09,002083.SZ,0.1
2024-12-09,601566.SH,0.1
2024-12-09,603889.SH,0.1
2024-12-09,000404.SZ,0.1
2024-12-16,600232.SH,0.1
2024-12-16,002734.SZ,0.1
2024-12-16,002969.SZ,0.1
2024-12-16,002228.SZ,0.1
2024-12-16,300453.SZ,0.1
2024-12-16,002479.SZ,0.1
2024-12-16,002083.SZ,0.1
2024-12-16,000404.SZ,0.1
2024-12-16,002538.SZ,0.1
2024-12-16,002206.SZ,0.1
2024-12-23,603725.SH,0.1
2024-12-23,600232.SH,0.1
2024-12-23,002734.SZ,0.1
2024-12-23,002969.SZ,0.1
2024-12-23,002228.SZ,0.1
2024-12-23,603167.SH,0.1
2024-12-23,300453.SZ,0.1
2024-12-23,002479.SZ,0.1
2024-12-23,603166.SH,0.1
2024-12-23,002083.SZ,0.1
2024-12-30,600232.SH,0.1
2024-12-30,603725.SH,0.1
2024-12-30,002811.SZ,0.1
2024-12-30,002734.SZ,0.1
2024-12-30,002969.SZ,0.1
2024-12-30,300774.SZ,0.1
2024-12-30,002228.SZ,0.1
2024-12-30,300453.SZ,0.1
2024-12-30,002479.SZ,0.1
2024-12-30,603167.SH,0.1
2025-01-06,002871.SZ,0.1
2025-01-06,002969.SZ,0.1
2025-01-06,002734.SZ,0.1
2025-01-06,603601.SH,0.1
2025-01-06,300774.SZ,0.1
2025-01-06,603759.SH,0.1
2025-01-06,002546.SZ,0.1
2025-01-06,605268.SH,0.1
2025-01-06,300453.SZ,0.1
2025-01-06,002479.SZ,0.1
2025-01-13,002871.SZ,0.1
2025-01-13,002969.SZ,0.1
2025-01-13,002734.SZ,0.1
2025-01-13,603759.SH,0.1
2025-01-13,600865.SH,0.1
2025-01-13,603601.SH,0.1
2025-01-13,002546.SZ,0.1
2025-01-13,300774.SZ,0.1
2025-01-13,605268.SH,0.1
2025-01-13,300453.SZ,0.1
2025-01-20,002734.SZ,0.1
2025-01-20,002969.SZ,0.1
2025-01-20,603759.SH,0.1
2025-01-20,603601.SH,0.1
2025-01-20,300774.SZ,0.1
2025-01-20,605268.SH,0.1
2025-01-20,002546.SZ,0.1
2025-01-20,300453.SZ,0.1
2025-01-20,002479.SZ,0.1
2025-01-20,603167.SH,0.1
2025-01-27,002734.SZ,0.1
2025-01-27,603759.SH,0.1
2025-01-27,603601.SH,0.1
2025-01-27,300774.SZ,0.1
2025-01-27,605268.SH,0.1
2025-01-27,603167.SH,0.1
2025-01-27,300453.SZ,0.1
2025-01-27,002479.SZ,0.1
2025-01-27,002083.SZ,0.1
2025-01-27,603889.SH,0.1
2025-02-10,002734.SZ,0.1
2025-02-10,603759.SH,0.1
2025-02-10,603601.SH,0.1
2025-02-10,300774.SZ,0.1
2025-02-10,605268.SH,0.1
2025-02-10,603167.SH,0.1
2025-02-10,300453.SZ,0.1
2025-02-10,002479.SZ,0.1
2025-02-10,002083.SZ,0.1
2025-02-10,603889.SH,0.1
2025-02-17,002734.SZ,0.1
2025-02-17,603601.SH,0.1
2025-02-17,603759.SH,0.1
2025-02-17,605268.SH,0.1
2025-02-17,603167.SH,0.1
2025-02-17,002479.SZ,0.1
2025-02-17,300453.SZ,0.1
2025-02-17,002083.SZ,0.1
2025-02-17,603889.SH,0.1
2025-02-17,002538.SZ,0.1
2025-02-24,002734.SZ,0.1
2025-02-24,603759.SH,0.1
2025-02-24,603601.SH,0.1
2025-02-24,603697.SH,0.1
2025-02-24,605268.SH,0.1
2025-02-24,603167.SH,0.1
2025-02-24,002479.SZ,0.1
2025-02-24,300453.SZ,0.1
2025-02-24,002083.SZ,0.1
2025-02-24,603889.SH,0.1
2025-03-03,603601.SH,0.1
2025-03-03,300774.SZ,0.1
2025-03-03,603759.SH,0.1
2025-03-03,603697.SH,0.1
2025-03-03,605268.SH,0.1
2025-03-03,603167.SH,0.1
2025-03-03,300453.SZ,0.1
2025-03-03,002479.SZ,0.1
2025-03-03,002083.SZ,0.1
2025-03-03,603889.SH,0.1
2025-03-10,603601.SH,0.1
2025-03-10,300774.SZ,0.1
2025-03-10,603697.SH,0.1
2025-03-10,603167.SH,0.1
2025-03-10,603759.SH,0.1
2025-03-10,605268.SH,0.1
2025-03-10,300453.SZ,0.1
2025-03-10,002479.SZ,0.1
2025-03-10,002083.SZ,0.1
2025-03-10,603889.SH,0.1
2025-03-17,603601.SH,0.1
2025-03-17,605268.SH,0.1
2025-03-17,603759.SH,0.1
2025-03-17,603167.SH,0.1
2025-03-17,300453.SZ,0.1
2025-03-17,002479.SZ,0.1
2025-03-17,002083.SZ,0.1
2025-03-17,603889.SH,0.1
2025-03-17,002556.SZ,0.1
2025-03-17,002538.SZ,0.1
2025-03-24,600865.SH,0.1
2025-03-24,300774.SZ,0.1
2025-03-24,603601.SH,0.1
2025-03-24,605268.SH,0.1
2025-03-24,300453.SZ,0.1
2025-03-24,603167.SH,0.1
2025-03-24,603759.SH,0.1
2025-03-24,002479.SZ,0.1
2025-03-24,603889.SH,0.1
2025-03-24,002083.SZ,0.1
2025-03-31,603725.SH,0.1
2025-03-31,603326.SH,0.1
2025-03-31,600854.SH,0.1
2025-03-31,603682.SH,0.1
2025-03-31,002107.SZ,0.1
2025-03-31,002772.SZ,0.1
2025-03-31,601218.SH,0.1
2025-03-31,603101.SH,0.1
2025-03-31,600731.SH,0.1
2025-03-31,605268.SH,0.1
2025-04-07,002871.SZ,0.1
2025-04-07,600854.SH,0.1
2025-04-07,603682.SH,0.1
2025-04-07,603326.SH,0.1
2025-04-07,002107.SZ,0.1
2025-04-07,002772.SZ,0.1
2025-04-07,601218.SH,0.1
2025-04-07,300824.SZ,0.1
2025-04-07,603101.SH,0.1
2025-04-07,600731.SH,0.1
2025-04-14,600854.SH,0.1
2025-04-14,603682.SH,0.1
2025-04-14,002107.SZ,0.1
2025-04-14,603326.SH,0.1
2025-04-14,601218.SH,0.1
2025-04-14,603966.SH,0.1
2025-04-14,002772.SZ,0.1
2025-04-14,002615.SZ,0.1
2025-04-14,002228.SZ,0.1
2025-04-14,605268.SH,0.1
2025-04-21,600854.SH,0.1
2025-04-21,603682.SH,0.1
2025-04-21,002107.SZ,0.1
2025-04-21,603326.SH,0.1
2025-04-21,601218.SH,0.1
2025-04-21,603966.SH,0.1
2025-04-21,002772.SZ,0.1
2025-04-21,002615.SZ,0.1
2025-04-21,605268.SH,0.1
2025-04-21,002228.SZ,0.1
2025-04-28,600854.SH,0.1
2025-04-28,603682.SH,0.1
2025-04-28,002107.SZ,0.1
2025-04-28,603326.SH,0.1
2025-04-28,002852.SZ,0.1
2025-04-28,002772.SZ,0.1
2025-04-28,002615.SZ,0.1
2025-04-28,601218.SH,0.1
2025-04-28,603101.SH,0.1
2025-04-28,605268.SH,0.1
2025-05-12,600854.SH,0.1
2025-05-12,603682.SH,0.1
2025-05-12,603326.SH,0.1
2025-05-12,002107.SZ,0.1
2025-05-12,002772.SZ,0.1
2025-05-12,600382.SH,0.1
2025-05-12,002615.SZ,0.1
2025-05-12,600731.SH,0.1
2025-05-12,603101.SH,0.1
2025-05-12,603759.SH,0.1
2025-05-19,300335.SZ,0.1
2025-05-19,600854.SH,0.1
2025-05-19,603682.SH,0.1
2025-05-19,002107.SZ,0.1
2025-05-19,002772.SZ,0.1
2025-05-19,600382.SH,0.1
2025-05-19,002615.SZ,0.1
2025-05-19,600731.SH,0.1
2025-05-19,603759.SH,0.1
2025-05-19,605066.SH,0.1
2025-05-26,600854.SH,0.1
2025-05-26,603682.SH,0.1
2025-05-26,002772.SZ,0.1
2025-05-26,002107.SZ,0.1
2025-05-26,600382.SH,0.1
2025-05-26,002615.SZ,0.1
2025-05-26,600731.SH,0.1
2025-05-26,603759.SH,0.1
2025-05-26,605066.SH,0.1
2025-05-26,300105.SZ,0.1
2025-06-09,603725.SH,0.1
2025-06-09,600854.SH,0.1
2025-06-09,603682.SH,0.1
2025-06-09,603326.SH,0.1
2025-06-09,002772.SZ,0.1
2025-06-09,002615.SZ,0.1
2025-06-09,600382.SH,0.1
2025-06-09,600731.SH,0.1
2025-06-09,603101.SH,0.1
2025-06-09,605066.SH,0.1
2025-06-16,300509.SZ,0.1
2025-06-16,603326.SH,0.1
2025-06-16,603682.SH,0.1
2025-06-16,002772.SZ,0.1
2025-06-16,603101.SH,0.1
2025-06-16,605066.SH,0.1
2025-06-16,600382.SH,0.1
2025-06-16,600731.SH,0.1
2025-06-16,000655.SZ,0.1
2025-06-16,603889.SH,0.1
2025-06-23,002836.SZ,0.1
2025-06-23,300509.SZ,0.1
2025-06-23,603682.SH,0.1
2025-06-23,603326.SH,0.1
2025-06-23,603269.SH,0.1
2025-06-23,603811.SH,0.1
2025-06-23,002772.SZ,0.1
2025-06-23,603101.SH,0.1
2025-06-23,600382.SH,0.1
2025-06-23,605066.SH,0.1
2025-06-30,300509.SZ,0.1
2025-06-30,002887.SZ,0.1
2025-06-30,603326.SH,0.1
2025-06-30,603682.SH,0.1
2025-06-30,002772.SZ,0.1
2025-06-30,603101.SH,0.1
2025-06-30,605066.SH,0.1
2025-06-30,600382.SH,0.1
2025-06-30,300453.SZ,0.1
2025-06-30,002479.SZ,0.1
2025-07-07,300509.SZ,0.1
2025-07-07,002887.SZ,0.1
2025-07-07,603682.SH,0.1
2025-07-07,603326.SH,0.1
2025-07-07,002772.SZ,0.1
2025-07-07,603101.SH,0.1
2025-07-07,600382.SH,0.1
2025-07-07,605066.SH,0.1
2025-07-07,600731.SH,0.1
2025-07-07,300664.SZ,0.1
2025-07-14,002887.SZ,0.1
2025-07-14,300509.SZ,0.1
2025-07-14,603326.SH,0.1
2025-07-14,603682.SH,0.1
2025-07-14,002772.SZ,0.1
2025-07-14,605066.SH,0.1
2025-07-14,600382.SH,0.1
2025-07-14,600731.SH,0.1
2025-07-14,300664.SZ,0.1
2025-07-14,300453.SZ,0.1
2025-07-21,600493.SH,0.1
2025-07-21,002887.SZ,0.1
2025-07-21,603326.SH,0.1
2025-07-21,603682.SH,0.1
2025-07-21,002772.SZ,0.1
2025-07-21,600731.SH,0.1
2025-07-21,300664.SZ,0.1
2025-07-21,300453.SZ,0.1
2025-07-21,600261.SH,0.1
2025-07-21,002479.SZ,0.1
2025-07-28,002887.SZ,0.1
2025-07-28,603326.SH,0.1
2025-07-28,603682.SH,0.1
2025-07-28,002772.SZ,0.1
2025-07-28,605066.SH,0.1
2025-07-28,300664.SZ,0.1
2025-07-28,300453.SZ,0.1
2025-07-28,600261.SH,0.1
2025-07-28,002479.SZ,0.1
2025-07-28,600731.SH,0.1
2025-08-04,002887.SZ,0.1
2025-08-04,603682.SH,0.1
2025-08-04,603326.SH,0.1
2025-08-04,002772.SZ,0.1
2025-08-04,605066.SH,0.1
2025-08-04,002228.SZ,0.1
2025-08-04,600731.SH,0.1
2025-08-04,600261.SH,0.1
2025-08-04,002479.SZ,0.1
2025-08-04,002083.SZ,0.1
2025-08-11,002887.SZ,0.1
2025-08-11,603682.SH,0.1
2025-08-11,002772.SZ,0.1
2025-08-11,002228.SZ,0.1
2025-08-11,300272.SZ,0.1
2025-08-11,600731.SH,0.1
2025-08-11,600261.SH,0.1
2025-08-11,002479.SZ,0.1
2025-08-11,002083.SZ,0.1
2025-08-11,600558.SH,0.1
2025-08-18,603682.SH,0.1
2025-08-18,002772.SZ,0.1
2025-08-18,300272.SZ,0.1
2025-08-18,002228.SZ,0.1
2025-08-18,600731.SH,0.1
2025-08-18,002479.SZ,0.1
2025-08-18,600261.SH,0.1
2025-08-18,002083.SZ,0.1
2025-08-18,000789.SZ,0.1
2025-08-18,600681.SH,0.1
2025-08-25,603682.SH,0.1
2025-08-25,002772.SZ,0.1
2025-08-25,300272.SZ,0.1
2025-08-25,002228.SZ,0.1
2025-08-25,600731.SH,0.1
2025-08-25,002479.SZ,0.1
2025-08-25,600261.SH,0.1
2025-08-25,002083.SZ,0.1
2025-08-25,000789.SZ,0.1
2025-08-25,600681.SH,0.1
2025-09-01,603326.SH,0.1
2025-09-01,603682.SH,0.1
2025-09-01,002772.SZ,0.1
2025-09-01,002228.SZ,0.1
2025-09-01,300272.SZ,0.1
2025-09-01,600731.SH,0.1
2025-09-01,000850.SZ,0.1
2025-09-01,002479.SZ,0.1
2025-09-01,600261.SH,0.1
2025-09-01,002083.SZ,0.1
2025-09-08,603682.SH,0.1
2025-09-08,002772.SZ,0.1
2025-09-08,002228.SZ,0.1
2025-09-08,600731.SH,0.1
2025-09-08,000850.SZ,0.1
2025-09-08,002479.SZ,0.1
2025-09-08,600261.SH,0.1
2025-09-08,002083.SZ,0.1
2025-09-08,000789.SZ,0.1
2025-09-08,601566.SH,0.1
2025-09-15,603326.SH,0.1
2025-09-15,603682.SH,0.1
2025-09-15,605066.SH,0.1
2025-09-15,600731.SH,0.1
2025-09-15,300272.SZ,0.1
2025-09-15,002228.SZ,0.1
2025-09-15,000850.SZ,0.1
2025-09-15,002479.SZ,0.1
2025-09-15,002083.SZ,0.1
2025-09-15,000789.SZ,0.1
2025-09-22,603326.SH,0.1
2025-09-22,603682.SH,0.1
2025-09-22,605066.SH,0.1
2025-09-22,600731.SH,0.1
2025-09-22,300272.SZ,0.1
2025-09-22,002228.SZ,0.1
2025-09-22,000850.SZ,0.1
2025-09-22,002479.SZ,0.1
2025-09-22,002083.SZ,0.1
2025-09-22,000789.SZ,0.1
2025-09-29,603682.SH,0.1
2025-09-29,603326.SH,0.1
2025-09-29,605001.SH,0.1
2025-09-29,605066.SH,0.1
2025-09-29,002228.SZ,0.1
2025-09-29,300272.SZ,0.1
2025-09-29,600731.SH,0.1
2025-09-29,000850.SZ,0.1
2025-09-29,002479.SZ,0.1
2025-09-29,002083.SZ,0.1
2025-10-13,603682.SH,0.1
2025-10-13,605001.SH,0.1
2025-10-13,000850.SZ,0.1
2025-10-13,600558.SH,0.1
2025-10-13,601566.SH,0.1
2025-10-13,002616.SZ,0.1
2025-10-13,600982.SH,0.1
2025-10-13,002658.SZ,0.1
2025-10-13,002746.SZ,0.1
2025-10-13,600681.SH,0.1
2025-10-20,603682.SH,0.1
2025-10-20,605001.SH,0.1
2025-10-20,002758.SZ,0.1
2025-10-20,002616.SZ,0.1
2025-10-20,600558.SH,0.1
2025-10-20,601566.SH,0.1
2025-10-20,002746.SZ,0.1
2025-10-20,002367.SZ,0.1
2025-10-20,600982.SH,0.1
2025-10-20,002658.SZ,0.1
2025-10-27,603682.SH,0.1
2025-10-27,605001.SH,0.1
2025-10-27,002616.SZ,0.1
2025-10-27,601566.SH,0.1
2025-10-27,600982.SH,0.1
2025-10-27,002367.SZ,0.1
2025-10-27,002746.SZ,0.1
2025-10-27,002658.SZ,0.1
2025-10-27,600558.SH,0.1
2025-10-27,600681.SH,0.1
2025-11-03,603682.SH,0.1
2025-11-03,603326.SH,0.1
2025-11-03,605001.SH,0.1
2025-11-03,600982.SH,0.1
2025-11-03,002616.SZ,0.1
2025-11-03,002658.SZ,0.1
2025-11-03,002746.SZ,0.1
2025-11-03,600558.SH,0.1
2025-11-03,000726.SZ,0.1
2025-11-03,002367.SZ,0.1
2025-11-10,603682.SH,0.1
2025-11-10,605001.SH,0.1
2025-11-10,600982.SH,0.1
2025-11-10,002616.SZ,0.1
2025-11-10,600558.SH,0.1
2025-11-10,002746.SZ,0.1
2025-11-10,002367.SZ,0.1
2025-11-10,000726.SZ,0.1
2025-11-10,600681.SH,0.1
2025-11-10,002376.SZ,0.1
2025-11-17,603682.SH,0.1
2025-11-17,605001.SH,0.1
2025-11-17,600558.SH,0.1
2025-11-17,002616.SZ,0.1
2025-11-17,600982.SH,0.1
2025-11-17,002746.SZ,0.1
2025-11-17,002367.SZ,0.1
2025-11-17,600551.SH,0.1
2025-11-17,000726.SZ,0.1
2025-11-17,002376.SZ,0.1
2025-11-24,603682.SH,0.1
2025-11-24,605001.SH,0.1
2025-11-24,300187.SZ,0.1
2025-11-24,600558.SH,0.1
2025-11-24,600982.SH,0.1
2025-11-24,002616.SZ,0.1
2025-11-24,002454.SZ,0.1
2025-11-24,002746.SZ,0.1
2025-11-24,002658.SZ,0.1
2025-11-24,000655.SZ,0.1
2025-12-01,605001.SH,0.1
2025-12-01,603682.SH,0.1
2025-12-01,300187.SZ,0.1
2025-12-01,600558.SH,0.1
2025-12-01,600982.SH,0.1
2025-12-01,002616.SZ,0.1
2025-12-01,002746.SZ,0.1
2025-12-01,002454.SZ,0.1
2025-12-01,002658.SZ,0.1
2025-12-01,002367.SZ,0.1
2025-12-08,605001.SH,0.1
2025-12-08,603682.SH,0.1
2025-12-08,300187.SZ,0.1
2025-12-08,002616.SZ,0.1
2025-12-08,600982.SH,0.1
2025-12-08,600558.SH,0.1
2025-12-08,002746.SZ,0.1
2025-12-08,002454.SZ,0.1
2025-12-08,002658.SZ,0.1
2025-12-08,600551.SH,0.1
2025-12-15,603326.SH,0.1
2025-12-15,605001.SH,0.1
2025-12-15,603682.SH,0.1
2025-12-15,000554.SZ,0.1
2025-12-15,300187.SZ,0.1
2025-12-15,300453.SZ,0.1
2025-12-15,002616.SZ,0.1
2025-12-15,600982.SH,0.1
2025-12-15,600283.SH,0.1
2025-12-15,002746.SZ,0.1
2025-12-22,605001.SH,0.1
2025-12-22,603682.SH,0.1
2025-12-22,000554.SZ,0.1
2025-12-22,300187.SZ,0.1
2025-12-22,300453.SZ,0.1
2025-12-22,002616.SZ,0.1
2025-12-22,600982.SH,0.1
2025-12-22,600558.SH,0.1
2025-12-22,002746.SZ,0.1
2025-12-22,002454.SZ,0.1
2025-12-29,603326.SH,0.1
2025-12-29,605001.SH,0.1
2025-12-29,603682.SH,0.1
2025-12-29,000554.SZ,0.1
2025-12-29,300187.SZ,0.1
2025-12-29,300453.SZ,0.1
2025-12-29,002616.SZ,0.1
2025-12-29,600982.SH,0.1
2025-12-29,002746.SZ,0.1
2025-12-29,600558.SH,0.1
2026-01-05,603326.SH,0.1
2026-01-05,605001.SH,0.1
2026-01-05,000554.SZ,0.1
2026-01-05,300187.SZ,0.1
2026-01-05,002404.SZ,0.1
2026-01-05,000789.SZ,0.1
2026-01-05,600351.SH,0.1
2026-01-05,002521.SZ,0.1
2026-01-05,002616.SZ,0.1
2026-01-05,000404.SZ,0.1
2026-01-12,605001.SH,0.1
2026-01-12,000554.SZ,0.1
2026-01-12,300187.SZ,0.1
2026-01-12,002404.SZ,0.1
2026-01-12,000789.SZ,0.1
2026-01-12,600351.SH,0.1
2026-01-12,000404.SZ,0.1
2026-01-12,002616.SZ,0.1
2026-01-12,002521.SZ,0.1
2026-01-12,600982.SH,0.1
2026-01-19,605001.SH,0.1
2026-01-19,000554.SZ,0.1
2026-01-19,300187.SZ,0.1
2026-01-19,002404.SZ,0.1
2026-01-19,000789.SZ,0.1
2026-01-19,600351.SH,0.1
2026-01-19,002521.SZ,0.1
2026-01-19,002616.SZ,0.1
2026-01-19,000404.SZ,0.1
2026-01-19,600982.SH,0.1
2026-01-26,605001.SH,0.1
2026-01-26,300187.SZ,0.1
2026-01-26,002404.SZ,0.1
2026-01-26,000789.SZ,0.1
2026-01-26,600351.SH,0.1
2026-01-26,002521.SZ,0.1
2026-01-26,002616.SZ,0.1
2026-01-26,000404.SZ,0.1
2026-01-26,600982.SH,0.1
2026-01-26,002746.SZ,0.1
2026-02-02,605001.SH,0.1
2026-02-02,300187.SZ,0.1
2026-02-02,002404.SZ,0.1
2026-02-02,000789.SZ,0.1
2026-02-02,600351.SH,0.1
2026-02-02,002521.SZ,0.1
2026-02-02,000404.SZ,0.1
2026-02-02,002616.SZ,0.1
2026-02-02,600982.SH,0.1
2026-02-02,000601.SZ,0.1
2026-02-09,605001.SH,0.1
2026-02-09,300187.SZ,0.1
2026-02-09,002404.SZ,0.1
2026-02-09,000789.SZ,0.1
2026-02-09,600351.SH,0.1
2026-02-09,002521.SZ,0.1
2026-02-09,000404.SZ,0.1
2026-02-09,002616.SZ,0.1
2026-02-09,600982.SH,0.1
2026-02-09,002746.SZ,0.1
2026-03-02,605001.SH,0.1
2026-03-02,300187.SZ,0.1
2026-03-02,002404.SZ,0.1
2026-03-02,000789.SZ,0.1
2026-03-02,600351.SH,0.1
2026-03-02,002521.SZ,0.1
2026-03-02,000404.SZ,0.1
2026-03-02,002616.SZ,0.1
2026-03-02,002746.SZ,0.1
2026-03-02,600982.SH,0.1
2026-03-09,605001.SH,0.1
2026-03-09,300187.SZ,0.1
2026-03-09,002404.SZ,0.1
2026-03-09,002107.SZ,0.1
2026-03-09,002521.SZ,0.1
2026-03-09,000789.SZ,0.1
2026-03-09,600351.SH,0.1
2026-03-09,000404.SZ,0.1
2026-03-09,002616.SZ,0.1
2026-03-09,002454.SZ,0.1
2026-03-16,605001.SH,0.1
2026-03-16,300187.SZ,0.1
2026-03-16,002107.SZ,0.1
2026-03-16,002404.SZ,0.1
2026-03-16,002521.SZ,0.1
2026-03-16,600351.SH,0.1
2026-03-16,000789.SZ,0.1
2026-03-16,000404.SZ,0.1
2026-03-16,002616.SZ,0.1
2026-03-16,600558.SH,0.1
2026-03-23,603326.SH,0.1
2026-03-23,605001.SH,0.1
2026-03-23,300187.SZ,0.1
2026-03-23,002107.SZ,0.1
2026-03-23,002404.SZ,0.1
2026-03-23,000789.SZ,0.1
2026-03-23,600351.SH,0.1
2026-03-23,002521.SZ,0.1
2026-03-23,000404.SZ,0.1
2026-03-23,300453.SZ,0.1
2026-03-30,605001.SH,0.1
2026-03-30,300187.SZ,0.1
2026-03-30,002107.SZ,0.1
2026-03-30,002404.SZ,0.1
2026-03-30,000789.SZ,0.1
2026-03-30,002521.SZ,0.1
2026-03-30,600351.SH,0.1
2026-03-30,000404.SZ,0.1
2026-03-30,600558.SH,0.1
2026-03-30,002746.SZ,0.1
2026-04-13,603321.SH,0.1
2026-04-13,603518.SH,0.1
2026-04-13,002998.SZ,0.1
2026-04-13,300187.SZ,0.1
2026-04-13,000419.SZ,0.1
2026-04-13,002404.SZ,0.1
2026-04-13,000731.SZ,0.1
2026-04-13,002107.SZ,0.1
2026-04-13,603689.SH,0.1
2026-04-13,601010.SH,0.1
2026-04-20,603321.SH,0.1
2026-04-20,000419.SZ,0.1
2026-04-20,300187.SZ,0.1
2026-04-20,000731.SZ,0.1
2026-04-20,002404.SZ,0.1
2026-04-20,603689.SH,0.1
2026-04-20,002107.SZ,0.1
2026-04-20,601010.SH,0.1
2026-04-20,002521.SZ,0.1
2026-04-20,600558.SH,0.1
2026-04-27,603321.SH,0.1
2026-04-27,000419.SZ,0.1
2026-04-27,300187.SZ,0.1
2026-04-27,000731.SZ,0.1
2026-04-27,002404.SZ,0.1
2026-04-27,603689.SH,0.1
2026-04-27,002107.SZ,0.1
2026-04-27,601010.SH,0.1
2026-04-27,002479.SZ,0.1
2026-04-27,600558.SH,0.1
2026-05-11,603321.SH,0.1
2026-05-11,000419.SZ,0.1
2026-05-11,300187.SZ,0.1
2026-05-11,002404.SZ,0.1
2026-05-11,000850.SZ,0.1
2026-05-11,002107.SZ,0.1
2026-05-11,603689.SH,0.1
2026-05-11,002521.SZ,0.1
2026-05-11,002479.SZ,0.1
2026-05-11,002616.SZ,0.1
2026-05-18,603321.SH,0.1
2026-05-18,000419.SZ,0.1
2026-05-18,002763.SZ,0.1
2026-05-18,002404.SZ,0.1
2026-05-18,300187.SZ,0.1
2026-05-18,002107.SZ,0.1
2026-05-18,000850.SZ,0.1
2026-05-18,002521.SZ,0.1
2026-05-18,603689.SH,0.1
2026-05-18,002479.SZ,0.1
2026-05-25,603321.SH,0.1
2026-05-25,000419.SZ,0.1
2026-05-25,002998.SZ,0.1
2026-05-25,002763.SZ,0.1
2026-05-25,002404.SZ,0.1
2026-05-25,300187.SZ,0.1
2026-05-25,002107.SZ,0.1
2026-05-25,603689.SH,0.1
2026-05-25,002479.SZ,0.1
2026-05-25,002033.SZ,0.1
2026-06-01,300412.SZ,0.1
2026-06-01,603321.SH,0.1
2026-06-01,000419.SZ,0.1
2026-06-01,002998.SZ,0.1
2026-06-01,002763.SZ,0.1
2026-06-01,002404.SZ,0.1
2026-06-01,002107.SZ,0.1
2026-06-01,002521.SZ,0.1
2026-06-01,603689.SH,0.1
2026-06-01,002033.SZ,0.1
2026-06-08,603321.SH,0.1
2026-06-08,002998.SZ,0.1
2026-06-08,000419.SZ,0.1
2026-06-08,002763.SZ,0.1
2026-06-08,002107.SZ,0.1
2026-06-08,002404.SZ,0.1
2026-06-08,002521.SZ,0.1
2026-06-08,600526.SH,0.1
2026-06-08,603689.SH,0.1
2026-06-08,002616.SZ,0.1
2026-06-15,603321.SH,0.1
2026-06-15,002998.SZ,0.1
2026-06-15,000419.SZ,0.1
2026-06-15,002763.SZ,0.1
2026-06-15,002107.SZ,0.1
2026-06-15,002404.SZ,0.1
2026-06-15,000850.SZ,0.1
2026-06-15,002521.SZ,0.1
2026-06-15,603689.SH,0.1
2026-06-15,002616.SZ,0.1
2026-06-22,603321.SH,0.1
2026-06-22,002998.SZ,0.1
2026-06-22,000419.SZ,0.1
2026-06-22,002763.SZ,0.1
2026-06-22,002107.SZ,0.1
2026-06-22,002391.SZ,0.1
2026-06-22,002404.SZ,0.1
2026-06-22,000850.SZ,0.1
2026-06-22,002521.SZ,0.1
2026-06-22,603689.SH,0.1
