week,ret
2019-01-07,0.024633741577926315
2019-01-14,-0.0090691380458785
2019-01-21,-0.017530002885904384
2019-01-28,-0.008991102245976046
2019-02-11,0.06571232150418137
2019-02-18,0.07983289387354764
2019-02-25,0.013503414959536676
2019-03-04,0.04910845492153544
2019-03-11,0.031972260359917695
2019-03-18,0.011207387730340957
2019-03-25,0.021505808097685767
2019-04-01,0.04343665635479281
2019-04-08,-0.03910188098459902
2019-04-15,0.09171655255725983
2019-04-22,-0.08780483327944155
2019-04-29,-0.0630026145102418
2019-05-06,0.06027034017898291
2019-05-13,-0.021577029079117727
2019-05-20,0.011434470177795064
2019-05-27,-0.04217833455739067
2019-06-03,-0.03025116359465798
2019-06-10,0.037353389098429876
2019-06-17,0.05567693322312113
2019-06-24,0.007075313354498326
2019-07-01,-0.04380871671613897
2019-07-08,0.04399794367531852
2019-07-15,-0.033500457558692534
2019-07-22,0.022558350085945637
2019-07-29,-0.03527121242361221
2019-08-05,-0.02760056455994107
2019-08-12,0.028729947066416118
2019-08-19,0.016414955791593886
2019-08-26,0.029598324882741896
2019-09-02,0.04219517799741821
2019-09-09,0.025652054549000335
2019-09-16,-0.02017715965698441
2019-09-23,-0.0314092480569132
2019-09-30,0.05685196904681852
2019-10-14,-0.014480890035218678
2019-10-21,0.036788457797194626
2019-10-28,-0.02873199689925747
2019-11-04,-0.04345285207799277
2019-11-11,-0.0008702016969814652
2019-11-18,0.006946109430184789
2019-11-25,0.002134607318425264
2019-12-02,0.023169103089287657
2019-12-09,0.015634325885410673
2019-12-16,0.017623360478073634
2019-12-23,0.02474975678142425
2019-12-30,0.028505394681848116
2020-01-06,0.009613260041147965
2020-01-13,-0.002905358520678714
2020-01-20,-0.1451728100750426
2020-02-03,0.042804684441951894
2020-02-10,0.010207322363860362
2020-02-17,0.04771683845804089
2020-02-24,-0.008904524460404462
2020-03-02,0.015853168107629156
2020-03-09,-0.03943448458706509
2020-03-16,0.018894492843924096
2020-03-23,0.011940856934352562
2020-03-30,0.013856246799419682
2020-04-13,0.04011790144120195
2020-04-20,-0.02516379522044157
2020-04-27,0.04537428744177785
2020-05-11,0.01505203829834369
2020-05-18,0.012848129925653751
2020-05-25,0.02307050748691175
2020-06-01,-0.00222694693316906
2020-06-08,0.008814629660713169
2020-06-15,0.013570074071853323
2020-06-22,-0.03149367539043556
2020-06-29,0.11013319293213814
2020-07-06,0.059668850127426
2020-07-13,0.01741966353989224
2020-07-20,-0.04811449811751388
2020-07-27,0.07363049697047652
2020-08-03,0.05140753212082704
2020-08-10,-0.003939958327144778
2020-08-17,0.010017303713070216
2020-08-24,0.07390203849317897
2020-08-31,-0.004177842496793217
2020-09-07,-0.007045326396062191
2020-09-14,0.011279468593369214
2020-09-21,-0.045720977378551374
2020-09-28,0.06070217621830197
2020-10-12,0.004633805664615066
2020-10-19,-0.01105250085631173
2020-10-26,-0.03076691231925024
2020-11-02,0.035031496702122064
2020-11-09,0.005747215969404186
2020-11-16,0.024323484066370308
2020-11-23,-0.006877715678990237
2020-11-30,0.016995765520368637
2020-12-07,-0.028207619593923376
2020-12-14,-0.005832488143475024
2020-12-21,-0.038456174143252156
2020-12-28,0.016700957659525315
2021-01-04,-0.07121595270862659
2021-01-11,0.06365328627706257
2021-01-18,-0.032380131313630336
2021-01-25,-0.03488775196647667
2021-02-01,-0.04804675771602022
2021-02-08,0.10022744656354736
2021-02-22,0.015564638647622652
2021-03-01,0.003873671169052706
2021-03-08,-0.0026172824138808956
2021-03-15,0.017313394350133317
2021-03-22,-0.01561852574800301
2021-03-29,0.01160607487778953
2021-04-12,0.01992603896046885
2021-04-19,-0.02565319854477437
2021-04-26,-0.009931541326096636
2021-05-10,0.04691914355549512
2021-05-17,0.018568938307314712
2021-05-24,0.014056701525540685
2021-05-31,0.005437103800120179
2021-06-07,0.010987573652713821
2021-06-21,0.014438600098347602
2021-06-28,-0.0004576848206737103
2021-07-05,0.019628873241571202
2021-07-12,-0.021337659466153226
2021-07-19,0.0037708615244834375
2021-07-26,0.003895095432986974
2021-08-02,0.00818888716988655
2021-08-09,0.011300087381124467
2021-08-16,0.006814559853187062
2021-08-23,0.025385105711831314
2021-08-30,0.06950622032436633
2021-09-06,0.04744543647151449
2021-09-13,-0.06329935770359349
2021-09-27,0.05909099622592584
2021-10-11,0.0037887770673964666
2021-10-18,-0.037342779758494364
2021-10-25,-0.004587582751890652
2021-11-01,-0.0032551414209519786
2021-11-08,0.037044232074982184
2021-11-15,0.009555042726439778
2021-11-22,-0.005684259292809602
2021-11-29,0.02121684640823928
2021-12-06,0.02252003107620837
2021-12-13,0.09190725430442434
2021-12-20,0.015562546885139208
2021-12-27,0.06821259149790669
2022-01-10,0.010658983322694592
2022-01-17,-0.052163987161011935
2022-01-24,-0.008199492815080013
2022-02-07,0.03778167729087218
2022-02-14,0.06506226367873147
2022-02-21,-0.013234476844069943
2022-02-28,0.03527058969706367
2022-03-07,-0.030068349765997197
2022-03-14,0.04255992866381049
2022-03-21,0.009091364664290735
2022-03-28,-0.029995121677801943
2022-04-11,0.011891465677131065
2022-04-18,-0.04994678240190918
2022-04-25,0.034756807124247634
2022-05-09,0.039342220083882516
2022-05-16,0.02639255595300779
2022-05-23,0.005683492765766773
2022-05-30,0.0411607942867869
2022-06-06,-0.011426816875356838
2022-06-13,0.051668718926820525
2022-06-20,0.07194072979095985
2022-06-27,0.017309896135582037
2022-07-04,0.025695352222350587
2022-07-11,0.021635741796999265
2022-07-18,0.007734687091577276
2022-07-25,0.004781529912124037
2022-08-01,-0.03517822353810501
2022-08-08,0.013330703960971236
2022-08-15,0.02493711512949871
2022-08-22,0.01878784243222218
2022-08-29,-0.002554263991392203
2022-09-05,-0.057315364440719274
2022-09-19,-0.044816980755019345
2022-09-26,0.00821622586471069
2022-10-10,0.08097764157924749
2022-10-17,-0.016756877298585906
2022-10-24,0.015224066962453221
2022-10-31,0.06073161507135714
2022-11-07,0.028984998501120973
2022-11-14,-0.0028129851768414977
2022-11-21,-0.009133673558136825
2022-11-28,0.05105139042245076
2022-12-05,-0.0077066557412643
2022-12-12,-0.01901150915528023
2022-12-19,-0.012050752945202336
2022-12-26,0.07005927307114988
2023-01-09,0.01008394056751554
2023-01-16,0.02256404098805193
2023-01-30,0.026173061180030786
2023-02-06,0.030472503863408676
2023-02-13,-0.010876239131301712
2023-02-20,0.002609141893910572
2023-02-27,0.016472984077908915
2023-03-06,-0.04017631893038478
2023-03-13,-0.015425071073888356
2023-03-20,0.019470456824267714
2023-03-27,-0.00015523484512125311
2023-04-03,-0.036992612491629086
2023-04-10,0.026879428739064362
2023-04-17,0.0058066591196318535
2023-04-24,0.055259274374585915
2023-05-08,0.013194023213188657
2023-05-15,0.021161325947969
2023-05-22,0.0013504088171903401
2023-05-29,0.023331125860164146
2023-06-05,-0.01274394763279565
2023-06-12,0.01632027313490162
2023-06-19,0.016295393643653337
2023-06-26,0.06436882804160439
2023-07-03,-0.002213695968156371
2023-07-10,0.007340112687046463
2023-07-17,0.0037614505705911515
2023-07-24,0.024356932198616038
2023-07-31,-0.026466952348931684
2023-08-07,-0.0035914368669895612
2023-08-14,0.0039060772272808252
2023-08-21,-0.02092781243558114
2023-08-28,0.039225334759512245
2023-09-04,-0.016849034769192785
2023-09-11,0.004834341727502567
2023-09-18,-0.013326316604729584
2023-09-25,0.0018184561246790134
2023-10-09,-0.021045338943384066
2023-10-16,-0.03923041320999535
2023-10-23,0.0754481217623215
2023-10-30,0.014475661520925298
2023-11-06,0.020049259440137277
2023-11-13,0.013872591267597703
2023-11-20,-0.002424534300498271
2023-11-27,0.010586440549240395
2023-12-04,-0.03408759313886143
2023-12-11,0.00012154418850787328
2023-12-18,-0.017431398447762793
2023-12-25,0.021326437228096344
2024-01-08,0.013006848445208575
2024-01-15,-0.10536846667389736
2024-01-22,0.04046474404597731
2024-01-29,-0.2231630778980525
2024-02-05,0.09786985592651627
2024-02-19,0.14898253122515914
2024-02-26,-0.03174903972948347
2024-03-04,0.02766898824524678
2024-03-11,0.048472983604986745
2024-03-18,-0.016681709546171864
2024-03-25,0.05117061861557371
2024-04-01,-0.021034291038554347
2024-04-08,-0.04712312840789791
2024-04-15,0.0046805880117068
2024-04-22,0.09096440329732326
2024-04-29,0.029842655280534834
2024-05-06,-0.006623818943279215
2024-05-13,0.017166276355943137
2024-05-20,-0.029948191472639454
2024-05-27,-0.03497809849386117
2024-06-03,-0.05090720379863267
2024-06-17,-0.016359940436467813
2024-06-24,0.058635154803712536
2024-07-01,-0.05113473083349761
2024-07-08,-0.012341194120135006
2024-07-15,-0.013609040840144936
2024-07-22,0.0018771657798190458
2024-07-29,-0.004466943628871145
2024-08-05,0.028494373516820007
2024-08-12,-0.005568516364104381
2024-08-19,-0.008468708577130345
2024-08-26,-0.01378656762664998
2024-09-02,-0.017937097411949633
2024-09-09,-0.0020183573850053194
2024-09-23,0.215554314560077
2024-09-30,-0.030512015043736393
2024-10-14,0.016104552428276773
2024-10-21,0.09676386556864291
2024-10-28,0.02201739097340767
2024-11-04,0.06775293089658556
2024-11-11,-0.04567459026530586
2024-11-18,0.05388039447832002
2024-11-25,0.0654784762396473
2024-12-02,0.018358934826912136
2024-12-09,0.025469776086514854
2024-12-16,-0.08115548084401379
2024-12-23,0.017610554668461446
2024-12-30,-0.06036431009817462
2025-01-06,0.019106494608598656
2025-01-13,0.07723463519640394
2025-01-20,-0.0004274840950554194
2025-01-27,0.014820000161728134
2025-02-10,8.109393794319985e-05
2025-02-17,-0.00444864437984165
2025-02-24,0.0030578646818926417
2025-03-03,0.02316639547578865
2025-03-10,0.04453298715929397
2025-03-17,-0.014530211433785335
2025-03-24,-0.00807132586623086
2025-03-31,-0.08729411746442677
2025-04-07,0.09547695658961014
2025-04-14,0.020301054553611187
2025-04-21,0.007010650571007205
2025-04-28,0.0671244320593512
2025-05-12,0.033079793482064676
2025-05-19,-0.019257313567059064
2025-05-26,0.08521955993295349
2025-06-09,0.010873549958566528
2025-06-16,-0.03341388473440465
2025-06-23,0.04712322558675941
2025-06-30,0.016214239405216716
2025-07-07,0.01713430531737592
2025-07-14,0.009276640854442141
2025-07-21,0.01603617590772034
2025-07-28,-0.01452732610250218
2025-08-04,0.022851619423666435
2025-08-11,-0.0017521175512164257
2025-08-18,0.016091131948555607
2025-08-25,-0.03617183507751868
2025-09-01,0.004194969433873252
2025-09-08,0.020191986885019535
2025-09-15,-0.033358263875132216
2025-09-22,0.014455658631200796
2025-09-29,0.01955610223569756
2025-10-13,0.02637259964153785
2025-10-20,0.024944333621962956
2025-10-27,-0.005878834631551234
2025-11-03,0.04144249121557918
2025-11-10,0.011135432694217939
2025-11-17,-0.07007124763078766
2025-11-24,0.02222829259036377
2025-12-01,0.002882062164152277
2025-12-08,-0.023816763475293625
2025-12-15,0.013940282580514541
2025-12-22,0.0006629284927216919
2025-12-29,0.00558518815134972
2026-01-05,0.02355625676057824
2026-01-12,0.029798396575508725
2026-01-19,0.0270592958069625
2026-01-26,-0.02338113146578861
2026-02-02,0.01987571458570636
2026-02-09,0.035201032666642276
2026-03-02,0.0027396692229826004
2026-03-09,0.00036829891362436516
2026-03-16,-0.08997127010864987
2026-03-23,0.08792187547824433
2026-03-30,0.008545671418978563
2026-04-13,0.020780388425770412
2026-04-20,-0.009650357754556471
2026-04-27,0.03344811319382062
2026-05-11,-0.025608994189236237
2026-05-18,-0.024086358702945645
2026-05-25,0.005022602397092457
2026-06-01,-0.060528406614241234
2026-06-08,-0.015505686874684742
2026-06-15,-0.03293385425533029
2026-06-22,-0.044849109751434066
