date,factor,ic
2018-01-31,BP行业中性z,0.06741
2018-01-31,ROE,0.02323
2018-01-31,动量1m,0.01981
2018-01-31,VWAP量价相关,0.07762
2018-02-28,BP行业中性z,-0.15326
2018-02-28,ROE,0.08013
2018-02-28,动量1m,-0.1929
2018-02-28,VWAP量价相关,-0.1975
2018-03-30,BP行业中性z,0.04329
2018-03-30,ROE,0.00825
2018-03-30,动量1m,-0.09803
2018-03-30,VWAP量价相关,-0.14084
2018-04-27,BP行业中性z,0.01736
2018-04-27,ROE,0.04893
2018-04-27,动量1m,-0.09275
2018-04-27,波动率60d,-0.06309
2018-04-27,VWAP量价相关,0.06167
2018-05-31,BP行业中性z,-0.06624
2018-05-31,ROE,0.04072
2018-05-31,动量1m,-0.15011
2018-05-31,波动率60d,0.12835
2018-05-31,VWAP量价相关,0.12419
2018-06-29,BP行业中性z,0.31869
2018-06-29,ROE,-0.13917
2018-06-29,动量1m,-0.12614
2018-06-29,波动率60d,-0.3237
2018-06-29,VWAP量价相关,0.14724
2018-07-31,BP行业中性z,0.24296
2018-07-31,ROE,-0.07828
2018-07-31,动量1m,0.24374
2018-07-31,波动率60d,-0.30796
2018-07-31,VWAP量价相关,-0.10308
2018-08-31,BP行业中性z,0.27139
2018-08-31,ROE,-0.19395
2018-08-31,动量1m,-0.06622
2018-08-31,波动率60d,-0.17189
2018-08-31,VWAP量价相关,0.03122
2018-09-28,BP行业中性z,-0.04178
2018-09-28,ROE,0.01195
2018-09-28,动量1m,-0.05045
2018-09-28,波动率60d,-0.01055
2018-09-28,VWAP量价相关,-0.00419
2018-10-31,BP行业中性z,0.23745
2018-10-31,ROE,-0.15129
2018-10-31,动量1m,-0.18218
2018-10-31,波动率60d,-0.20111
2018-10-31,VWAP量价相关,-0.08076
2018-11-30,BP行业中性z,-0.08577
2018-11-30,ROE,0.09766
2018-11-30,动量1m,-0.2007
2018-11-30,波动率60d,-0.03224
2018-11-30,VWAP量价相关,0.07001
2018-12-28,BP行业中性z,0.1762
2018-12-28,ROE,0.10572
2018-12-28,动量1m,-0.12719
2018-12-28,波动率60d,-0.34459
2018-12-28,VWAP量价相关,0.14925
2019-01-31,BP行业中性z,0.06924
2019-01-31,BP历史分位,0.16473
2019-01-31,ROE,-0.19629
2019-01-31,动量1m,-0.2687
2019-01-31,波动率60d,0.31945
2019-01-31,VWAP量价相关,0.18689
2019-02-28,BP行业中性z,0.12574
2019-02-28,BP历史分位,0.06716
2019-02-28,ROE,-0.1455
2019-02-28,动量1m,0.07526
2019-02-28,波动率60d,-0.12815
2019-02-28,VWAP量价相关,-0.05776
2019-03-29,BP行业中性z,0.25996
2019-03-29,BP历史分位,0.10258
2019-03-29,ROE,-0.10479
2019-03-29,动量1m,-0.05242
2019-03-29,波动率60d,-0.35237
2019-03-29,VWAP量价相关,0.12769
2019-04-30,BP行业中性z,-0.02959
2019-04-30,BP历史分位,0.05019
2019-04-30,ROE,-0.06156
2019-04-30,动量1m,-0.12188
2019-04-30,波动率60d,0.13247
2019-04-30,VWAP量价相关,0.0431
2019-05-31,BP行业中性z,0.11791
2019-05-31,BP历史分位,0.12753
2019-05-31,ROE,0.01383
2019-05-31,动量1m,-0.1373
2019-05-31,波动率60d,-0.05607
2019-05-31,VWAP量价相关,0.10341
2019-06-28,BP行业中性z,0.05364
2019-06-28,BP历史分位,0.05783
2019-06-28,ROE,0.03274
2019-06-28,动量1m,-0.04506
2019-06-28,波动率60d,-0.09611
2019-06-28,VWAP量价相关,-0.01374
2019-07-31,BP行业中性z,-0.09814
2019-07-31,BP历史分位,-0.14214
2019-07-31,ROE,0.03296
2019-07-31,动量1m,-0.00597
2019-07-31,波动率60d,0.05041
2019-07-31,VWAP量价相关,-0.07145
2019-08-30,BP行业中性z,0.05465
2019-08-30,BP历史分位,0.05134
2019-08-30,ROE,0.07911
2019-08-30,动量1m,-0.0567
2019-08-30,波动率60d,0.01242
2019-08-30,VWAP量价相关,-0.00246
2019-09-30,BP行业中性z,0.17603
2019-09-30,BP历史分位,0.22696
2019-09-30,ROE,0.00706
2019-09-30,动量1m,-0.00283
2019-09-30,波动率60d,-0.25198
2019-09-30,VWAP量价相关,0.071
2019-10-31,BP行业中性z,0.1334
2019-10-31,BP历史分位,0.11293
2019-10-31,ROE,0.02658
2019-10-31,动量1m,-0.01251
2019-10-31,波动率60d,-0.10386
2019-10-31,VWAP量价相关,0.05898
2019-11-29,BP行业中性z,0.03338
2019-11-29,BP历史分位,0.0042
2019-11-29,ROE,0.06425
2019-11-29,动量1m,-0.14149
2019-11-29,波动率60d,0.08604
2019-11-29,VWAP量价相关,0.15672
2019-12-31,BP行业中性z,0.02488
2019-12-31,BP历史分位,-0.03509
2019-12-31,ROE,0.10693
2019-12-31,动量1m,0.03124
2019-12-31,波动率60d,0.00599
2019-12-31,VWAP量价相关,0.02726
2020-01-23,BP行业中性z,0.00465
2020-01-23,BP历史分位,-0.11355
2020-01-23,ROE,0.02129
2020-01-23,动量1m,0.29347
2020-01-23,波动率60d,0.1704
2020-01-23,VWAP量价相关,-0.18091
2020-02-28,BP行业中性z,0.22064
2020-02-28,BP历史分位,0.37223
2020-02-28,ROE,-0.14321
2020-02-28,动量1m,-0.28495
2020-02-28,波动率60d,-0.46288
2020-02-28,VWAP量价相关,-0.03853
2020-03-31,BP行业中性z,-0.07692
2020-03-31,BP历史分位,-0.04675
2020-03-31,ROE,0.10455
2020-03-31,动量1m,-0.18095
2020-03-31,波动率60d,0.04057
2020-03-31,VWAP量价相关,0.13476
2020-04-30,BP行业中性z,-0.00724
2020-04-30,BP历史分位,-0.01442
2020-04-30,ROE,0.04881
2020-04-30,动量1m,-0.06656
2020-04-30,波动率60d,-0.06004
2020-04-30,VWAP量价相关,-0.03033
2020-05-29,BP行业中性z,-0.06706
2020-05-29,BP历史分位,-0.21127
2020-05-29,ROE,0.13909
2020-05-29,动量1m,-0.02006
2020-05-29,波动率60d,0.14031
2020-05-29,VWAP量价相关,0.13753
2020-06-30,BP行业中性z,0.2205
2020-06-30,BP历史分位,0.24727
2020-06-30,ROE,-0.03047
2020-06-30,动量1m,-0.09611
2020-06-30,波动率60d,-0.09409
2020-06-30,VWAP量价相关,0.16462
2020-07-31,BP行业中性z,0.17811
2020-07-31,BP历史分位,0.20355
2020-07-31,ROE,-0.05204
2020-07-31,动量1m,-0.01677
2020-07-31,波动率60d,-0.21755
2020-07-31,VWAP量价相关,-0.06542
2020-08-31,BP行业中性z,0.1177
2020-08-31,BP历史分位,0.14566
2020-08-31,ROE,-0.19497
2020-08-31,动量1m,0.17136
2020-08-31,波动率60d,-0.07372
2020-08-31,VWAP量价相关,-0.24763
2020-09-30,BP行业中性z,0.07809
2020-09-30,BP历史分位,0.02583
2020-09-30,ROE,-0.05958
2020-09-30,动量1m,0.11775
2020-09-30,波动率60d,0.05874
2020-09-30,VWAP量价相关,-0.00432
2020-10-30,BP行业中性z,0.20845
2020-10-30,BP历史分位,0.13888
2020-10-30,ROE,-0.07407
2020-10-30,动量1m,-0.26975
2020-10-30,波动率60d,-0.36887
2020-10-30,VWAP量价相关,0.16811
2020-11-30,BP行业中性z,0.1945
2020-11-30,BP历史分位,0.23632
2020-11-30,ROE,-0.00769
2020-11-30,动量1m,0.09272
2020-11-30,波动率60d,-0.23766
2020-11-30,VWAP量价相关,0.0281
2020-12-31,BP行业中性z,0.00799
2020-12-31,BP历史分位,-0.01062
2020-12-31,ROE,0.17196
2020-12-31,动量1m,-0.08439
2020-12-31,波动率60d,-0.09086
2020-12-31,VWAP量价相关,0.08738
2021-01-29,BP行业中性z,0.19197
2021-01-29,BP历史分位,0.24317
2021-01-29,ROE,-0.10768
2021-01-29,动量1m,-0.07766
2021-01-29,波动率60d,-0.11662
2021-01-29,VWAP量价相关,0.11661
2021-02-26,BP行业中性z,0.13005
2021-02-26,BP历史分位,0.12433
2021-02-26,ROE,-0.02328
2021-02-26,动量1m,-0.04464
2021-02-26,波动率60d,-0.19263
2021-02-26,VWAP量价相关,0.09606
2021-03-31,BP行业中性z,0.1209
2021-03-31,BP历史分位,0.12043
2021-03-31,ROE,-0.059
2021-03-31,动量1m,-0.15323
2021-03-31,波动率60d,-0.15358
2021-03-31,VWAP量价相关,0.03891
2021-04-30,BP行业中性z,0.00034
2021-04-30,BP历史分位,-0.05036
2021-04-30,ROE,-0.01455
2021-04-30,动量1m,0.13031
2021-04-30,波动率60d,0.11468
2021-04-30,VWAP量价相关,-0.06542
2021-05-31,BP行业中性z,0.1124
2021-05-31,BP历史分位,0.18799
2021-05-31,ROE,-0.10366
2021-05-31,动量1m,-0.02296
2021-05-31,波动率60d,-0.09118
2021-05-31,VWAP量价相关,-0.02715
2021-06-30,BP行业中性z,0.1329
2021-06-30,BP历史分位,0.07509
2021-06-30,ROE,-0.05251
2021-06-30,动量1m,0.21672
2021-06-30,波动率60d,-0.12312
2021-06-30,VWAP量价相关,0.04091
2021-07-30,BP行业中性z,0.14701
2021-07-30,BP历史分位,0.16376
2021-07-30,ROE,-0.0061
2021-07-30,动量1m,0.0444
2021-07-30,波动率60d,-0.18872
2021-07-30,VWAP量价相关,0.08764
2021-08-31,BP行业中性z,0.22945
2021-08-31,BP历史分位,0.38777
2021-08-31,ROE,-0.10637
2021-08-31,动量1m,-0.19295
2021-08-31,波动率60d,-0.29794
2021-08-31,VWAP量价相关,0.09219
2021-09-30,BP行业中性z,-0.06983
2021-09-30,BP历史分位,0.04577
2021-09-30,ROE,0.07859
2021-09-30,动量1m,-0.17295
2021-09-30,波动率60d,-0.02388
2021-09-30,VWAP量价相关,0.06859
2021-10-29,BP行业中性z,-0.12265
2021-10-29,BP历史分位,-0.20251
2021-10-29,ROE,0.11676
2021-10-29,动量1m,-0.17412
2021-10-29,波动率60d,0.28594
2021-10-29,VWAP量价相关,-0.10935
2021-11-30,BP行业中性z,0.31608
2021-11-30,BP历史分位,0.39018
2021-11-30,ROE,-0.19373
2021-11-30,动量1m,-0.40011
2021-11-30,波动率60d,-0.39113
2021-11-30,VWAP量价相关,0.15261
2021-12-31,BP行业中性z,0.23906
2021-12-31,BP历史分位,0.35219
2021-12-31,ROE,-0.21126
2021-12-31,动量1m,0.03235
2021-12-31,波动率60d,-0.40425
2021-12-31,VWAP量价相关,-0.14421
2022-01-28,BP行业中性z,0.08468
2022-01-28,BP历史分位,0.25821
2022-01-28,ROE,-0.10241
2022-01-28,动量1m,-0.02067
2022-01-28,波动率60d,-0.18032
2022-01-28,VWAP量价相关,0.00579
2022-02-28,BP行业中性z,0.23462
2022-02-28,BP历史分位,0.23739
2022-02-28,ROE,-0.22804
2022-02-28,动量1m,0.09258
2022-02-28,波动率60d,-0.04398
2022-02-28,VWAP量价相关,0.16579
2022-03-31,BP行业中性z,0.05975
2022-03-31,BP历史分位,0.0838
2022-03-31,ROE,0.04104
2022-03-31,动量1m,-0.07655
2022-03-31,波动率60d,-0.21775
2022-03-31,VWAP量价相关,-0.05026
2022-04-29,BP行业中性z,-0.00377
2022-04-29,BP历史分位,0.10364
2022-04-29,ROE,-0.09668
2022-04-29,动量1m,-0.18946
2022-04-29,波动率60d,-0.00847
2022-04-29,VWAP量价相关,-0.03134
2022-05-31,BP行业中性z,-0.07087
2022-05-31,BP历史分位,0.08619
2022-05-31,ROE,0.03282
2022-05-31,动量1m,0.05534
2022-05-31,波动率60d,-0.02984
2022-05-31,VWAP量价相关,0.17633
2022-06-30,BP行业中性z,-0.02603
2022-06-30,BP历史分位,0.13358
2022-06-30,ROE,-0.01125
2022-06-30,动量1m,0.14157
2022-06-30,波动率60d,-0.00166
2022-06-30,VWAP量价相关,0.12499
2022-07-29,BP行业中性z,0.14271
2022-07-29,BP历史分位,0.16829
2022-07-29,ROE,-0.09577
2022-07-29,动量1m,-0.16793
2022-07-29,波动率60d,-0.22565
2022-07-29,VWAP量价相关,-0.01491
2022-08-31,BP行业中性z,0.16237
2022-08-31,BP历史分位,0.11677
2022-08-31,ROE,-0.02435
2022-08-31,动量1m,0.08448
2022-08-31,波动率60d,-0.23738
2022-08-31,VWAP量价相关,-0.07417
2022-09-30,BP行业中性z,-0.0517
2022-09-30,BP历史分位,0.12726
2022-09-30,ROE,-0.09158
2022-09-30,动量1m,-0.13708
2022-09-30,波动率60d,0.10724
2022-09-30,VWAP量价相关,-0.00879
2022-10-31,BP行业中性z,0.12152
2022-10-31,BP历史分位,0.213
2022-10-31,ROE,-0.06737
2022-10-31,动量1m,-0.22831
2022-10-31,波动率60d,-0.19895
2022-10-31,VWAP量价相关,0.09176
2022-11-30,BP行业中性z,0.01378
2022-11-30,BP历史分位,0.19835
2022-11-30,ROE,-0.03323
2022-11-30,动量1m,0.01723
2022-11-30,波动率60d,-0.08607
2022-11-30,VWAP量价相关,-0.04379
2022-12-30,BP行业中性z,-0.04739
2022-12-30,BP历史分位,0.00396
2022-12-30,ROE,0.03997
2022-12-30,动量1m,-0.2235
2022-12-30,波动率60d,0.04864
2022-12-30,VWAP量价相关,-0.06957
2023-01-31,BP行业中性z,-0.00305
2023-01-31,BP历史分位,0.26493
2023-01-31,ROE,-0.1214
2023-01-31,动量1m,0.05579
2023-01-31,波动率60d,-0.02746
2023-01-31,VWAP量价相关,-0.0601
2023-02-28,BP行业中性z,0.10638
2023-02-28,BP历史分位,0.17649
2023-02-28,ROE,-0.11487
2023-02-28,动量1m,-0.027
2023-02-28,波动率60d,-0.14018
2023-02-28,VWAP量价相关,0.13466
2023-03-31,BP行业中性z,0.09011
2023-03-31,BP历史分位,0.07702
2023-03-31,ROE,-0.07712
2023-03-31,动量1m,-0.01685
2023-03-31,波动率60d,-0.10291
2023-03-31,VWAP量价相关,0.10081
2023-04-28,BP行业中性z,0.05352
2023-04-28,BP历史分位,0.03764
2023-04-28,ROE,-0.0989
2023-04-28,动量1m,-0.18724
2023-04-28,波动率60d,0.01263
2023-04-28,VWAP量价相关,0.07123
2023-05-31,BP行业中性z,-0.11326
2023-05-31,BP历史分位,0.13623
2023-05-31,ROE,-0.00638
2023-05-31,动量1m,0.17586
2023-05-31,波动率60d,0.10302
2023-05-31,VWAP量价相关,0.01765
2023-06-30,BP行业中性z,0.21908
2023-06-30,BP历史分位,0.27973
2023-06-30,ROE,-0.04262
2023-06-30,动量1m,-0.15475
2023-06-30,波动率60d,-0.40248
2023-06-30,VWAP量价相关,-0.257
2023-07-31,BP行业中性z,-0.00399
2023-07-31,BP历史分位,-0.05412
2023-07-31,ROE,-0.08164
2023-07-31,动量1m,-0.02136
2023-07-31,波动率60d,0.03619
2023-07-31,VWAP量价相关,0.09586
2023-08-31,BP行业中性z,0.19434
2023-08-31,BP历史分位,0.30731
2023-08-31,ROE,-0.06238
2023-08-31,动量1m,-0.07834
2023-08-31,波动率60d,-0.1984
2023-08-31,VWAP量价相关,-0.14939
2023-09-28,BP行业中性z,0.02982
2023-09-28,BP历史分位,0.23322
2023-09-28,ROE,-0.21936
2023-09-28,动量1m,0.13248
2023-09-28,波动率60d,-0.11832
2023-09-28,VWAP量价相关,0.06274
2023-10-31,BP行业中性z,0.26981
2023-10-31,BP历史分位,0.0396
2023-10-31,ROE,0.09186
2023-10-31,动量1m,-0.15741
2023-10-31,波动率60d,-0.22019
2023-10-31,VWAP量价相关,-0.00943
2023-11-30,BP行业中性z,0.18278
2023-11-30,BP历史分位,-0.20436
2023-11-30,ROE,0.08341
2023-11-30,动量1m,0.37426
2023-11-30,波动率60d,0.16927
2023-11-30,VWAP量价相关,-0.30779
2023-12-29,BP行业中性z,0.10898
2023-12-29,BP历史分位,0.10555
2023-12-29,ROE,0.09454
2023-12-29,动量1m,0.12565
2023-12-29,波动率60d,-0.27232
2023-12-29,VWAP量价相关,0.05592
2024-01-31,BP行业中性z,-0.09536
2024-01-31,BP历史分位,-0.21781
2024-01-31,ROE,0.22889
2024-01-31,动量1m,-0.39843
2024-01-31,波动率60d,0.26423
2024-01-31,VWAP量价相关,0.34795
2024-02-29,BP行业中性z,0.15835
2024-02-29,BP历史分位,0.43043
2024-02-29,ROE,-0.19304
2024-02-29,动量1m,-0.3173
2024-02-29,波动率60d,-0.15418
2024-02-29,VWAP量价相关,-0.04157
2024-03-29,BP行业中性z,0.11483
2024-03-29,BP历史分位,0.15979
2024-03-29,ROE,0.06925
2024-03-29,动量1m,-0.0658
2024-03-29,波动率60d,-0.28885
2024-03-29,VWAP量价相关,0.02369
2024-04-30,BP行业中性z,0.03771
2024-04-30,BP历史分位,0.1447
2024-04-30,ROE,0.00376
2024-04-30,动量1m,0.14054
2024-04-30,波动率60d,0.08189
2024-04-30,VWAP量价相关,-0.11224
2024-05-31,BP行业中性z,0.10165
2024-05-31,BP历史分位,-0.12028
2024-05-31,ROE,-0.00756
2024-05-31,动量1m,-0.02909
2024-05-31,波动率60d,0.01782
2024-05-31,VWAP量价相关,-0.0505
2024-06-28,BP行业中性z,0.0933
2024-06-28,BP历史分位,0.06719
2024-06-28,ROE,-0.07537
2024-06-28,动量1m,-0.1212
2024-06-28,波动率60d,-0.10036
2024-06-28,VWAP量价相关,-0.06385
2024-07-31,BP行业中性z,0.16159
2024-07-31,BP历史分位,0.33553
2024-07-31,ROE,-0.06655
2024-07-31,动量1m,0.01345
2024-07-31,波动率60d,-0.20741
2024-07-31,VWAP量价相关,-0.19607
2024-08-30,BP行业中性z,-0.05467
2024-08-30,BP历史分位,-0.26801
2024-08-30,ROE,0.00749
2024-08-30,动量1m,-0.23033
2024-08-30,波动率60d,0.2834
2024-08-30,VWAP量价相关,0.19153
2024-09-30,BP行业中性z,0.02406
2024-09-30,BP历史分位,-0.14608
2024-09-30,ROE,0.05235
2024-09-30,动量1m,0.08822
2024-09-30,波动率60d,0.01458
2024-09-30,VWAP量价相关,0.09905
2024-10-31,BP行业中性z,0.07892
2024-10-31,BP历史分位,0.04478
2024-10-31,ROE,-0.01449
2024-10-31,动量1m,-0.00727
2024-10-31,波动率60d,-0.01163
2024-10-31,VWAP量价相关,-0.11731
2024-11-29,BP行业中性z,0.27208
2024-11-29,BP历史分位,0.31498
2024-11-29,ROE,0.03719
2024-11-29,动量1m,-0.16975
2024-11-29,波动率60d,-0.40095
2024-11-29,VWAP量价相关,-0.04348
2024-12-31,BP行业中性z,0.03453
2024-12-31,BP历史分位,0.06436
2024-12-31,ROE,0.1022
2024-12-31,动量1m,-0.19504
2024-12-31,波动率60d,-0.003
2024-12-31,VWAP量价相关,0.07829
2025-01-27,BP行业中性z,-0.12193
2025-01-27,BP历史分位,-0.31425
2025-01-27,ROE,0.08207
2025-01-27,动量1m,-0.00022
2025-01-27,波动率60d,0.39632
2025-01-27,VWAP量价相关,0.02574
2025-02-28,BP行业中性z,0.1397
2025-02-28,BP历史分位,0.19338
2025-02-28,ROE,0.06585
2025-02-28,动量1m,-0.16726
2025-02-28,波动率60d,-0.23581
2025-02-28,VWAP量价相关,0.00629
2025-03-31,BP行业中性z,0.01282
2025-03-31,BP历史分位,0.03332
2025-03-31,ROE,-0.03454
2025-03-31,动量1m,0.08684
2025-03-31,波动率60d,0.01064
2025-03-31,VWAP量价相关,-0.07951
2025-04-30,BP行业中性z,0.12451
2025-04-30,BP历史分位,0.18413
2025-04-30,ROE,-0.12833
2025-04-30,动量1m,0.02472
2025-04-30,波动率60d,-0.15926
2025-04-30,VWAP量价相关,-0.03658
2025-05-30,BP行业中性z,0.09735
2025-05-30,BP历史分位,0.08572
2025-05-30,ROE,-0.1167
2025-05-30,动量1m,-0.03763
2025-05-30,波动率60d,-0.05421
2025-05-30,VWAP量价相关,0.09576
2025-06-30,BP行业中性z,0.24211
2025-06-30,BP历史分位,0.28084
2025-06-30,ROE,-0.03482
2025-06-30,动量1m,-0.0855
2025-06-30,波动率60d,-0.26182
2025-06-30,VWAP量价相关,-0.04497
2025-07-31,BP行业中性z,-0.02737
2025-07-31,BP历史分位,-0.01396
2025-07-31,ROE,0.11004
2025-07-31,动量1m,-0.19088
2025-07-31,波动率60d,0.05491
2025-07-31,VWAP量价相关,0.02848
2025-08-29,BP行业中性z,0.28149
2025-08-29,BP历史分位,0.24432
2025-08-29,ROE,-0.1344
2025-08-29,动量1m,-0.05599
2025-08-29,波动率60d,-0.22313
2025-08-29,VWAP量价相关,0.02245
2025-09-30,BP行业中性z,0.11449
2025-09-30,BP历史分位,0.13315
2025-09-30,ROE,-0.02539
2025-09-30,动量1m,-0.02782
2025-09-30,波动率60d,-0.14649
2025-09-30,VWAP量价相关,-0.03869
2025-10-31,BP行业中性z,0.31378
2025-10-31,BP历史分位,0.33927
2025-10-31,ROE,-0.26968
2025-10-31,动量1m,0.16396
2025-10-31,波动率60d,-0.40705
2025-10-31,VWAP量价相关,0.31292
2025-11-28,BP行业中性z,0.04585
2025-11-28,BP历史分位,-0.13043
2025-11-28,ROE,0.15764
2025-11-28,动量1m,-0.24346
2025-11-28,波动率60d,0.15829
2025-11-28,VWAP量价相关,-0.02544
2025-12-31,BP行业中性z,0.17166
2025-12-31,BP历史分位,0.1463
2025-12-31,ROE,-0.07993
2025-12-31,动量1m,-0.15257
2025-12-31,波动率60d,-0.12356
2025-12-31,VWAP量价相关,0.03817
2026-01-30,BP行业中性z,0.18888
2026-01-30,BP历史分位,0.04661
2026-01-30,ROE,-0.18379
2026-01-30,动量1m,0.05433
2026-01-30,波动率60d,-0.00276
2026-01-30,VWAP量价相关,0.04798
2026-02-27,BP行业中性z,0.20413
2026-02-27,BP历史分位,0.05622
2026-02-27,ROE,-0.14946
2026-02-27,动量1m,0.25543
2026-02-27,波动率60d,-0.26674
2026-02-27,VWAP量价相关,-0.07997
2026-03-31,BP行业中性z,0.08015
2026-03-31,BP历史分位,-0.00986
2026-03-31,ROE,-0.15695
2026-03-31,动量1m,-0.01419
2026-03-31,波动率60d,0.04714
2026-03-31,VWAP量价相关,-0.04351
2026-04-30,BP行业中性z,-0.07508
2026-04-30,BP历史分位,-0.12512
2026-04-30,ROE,0.1562
2026-04-30,动量1m,0.12882
2026-04-30,波动率60d,0.06358
2026-04-30,VWAP量价相关,0.01698
