entry_date,exit_date,stocks,n_stocks,period_return
2018-08-01,2018-09-03,600926.SH;000030.SZ;600655.SH;603116.SH;600126.SH...(10),10,-0.10622442695183254
2018-09-03,2018-10-08,000488.SZ;600418.SH;002029.SZ;601107.SH;600655.SH...(10),10,-0.00493986597668958
2018-10-08,2018-11-01,600926.SH;002100.SZ;600382.SH;600064.SH;600020.SH...(10),10,-0.06943035446727384
2018-11-01,2018-12-03,002309.SZ;600567.SH;600525.SH;600966.SH;600409.SH...(10),10,0.10021420926503033
2018-12-03,2019-01-02,600782.SH;002110.SZ;600282.SH;600569.SH;601997.SH...(10),10,-0.05173404772627943
2019-01-02,2019-02-01,600525.SH;000900.SZ;600569.SH;600269.SH;600231.SH...(10),10,0.013647250598880969
2019-02-01,2019-03-01,600508.SH;000516.SZ;600269.SH;600966.SH;600382.SH...(10),10,0.17144069182478125
2019-03-01,2019-04-01,000926.SZ;600269.SH;600548.SH;600510.SH;600708.SH...(10),10,0.08204020611690721
2019-04-01,2019-05-06,600782.SH;000932.SZ;002110.SZ;600508.SH;600569.SH...(9),9,-0.05727405485175466
2019-05-06,2019-06-03,600657.SH;600808.SH;600782.SH;600569.SH;000791.SZ...(10),10,-0.05011771315105748
2019-06-03,2019-07-01,600269.SH;002110.SZ;600327.SH;600508.SH;000926.SZ...(10),10,0.0014049649983552326
2019-07-01,2019-08-01,601997.SH;600266.SH;600269.SH;000932.SZ;600717.SH...(10),10,-0.03879153321784368
2019-08-01,2019-09-02,000665.SZ;600376.SH;600269.SH;000415.SZ;600266.SH...(10),10,-0.047059855877758114
2019-09-02,2019-10-08,600782.SH;600350.SH;000932.SZ;600508.SH;600997.SH...(10),10,0.0060473627500939355
2019-10-08,2019-11-01,600282.SH;600269.SH;000926.SZ;600508.SH;600350.SH...(10),10,0.0075409410348726644
2019-11-01,2019-12-02,600269.SH;000900.SZ;600282.SH;600123.SH;600782.SH...(10),10,0.03678472105408091
2019-12-02,2020-01-02,600382.SH;603323.SH;002344.SZ;600335.SH;600368.SH...(10),10,0.06398009131753435
2020-01-02,2020-02-03,601918.SH;600266.SH;600269.SH;000059.SZ;600017.SH...(10),10,-0.1533019434131429
2020-02-03,2020-03-02,601101.SH;600269.SH;600123.SH;000900.SZ;000926.SZ...(10),10,0.02033944779791757
2020-03-02,2020-04-01,600782.SH;600269.SH;000402.SZ;600153.SH;000926.SZ...(10),10,-0.056759891053591194
2020-04-01,2020-05-06,600782.SH;000825.SZ;601333.SH;002064.SZ;600269.SH...(10),10,0.0026044688534764973
2020-05-06,2020-06-01,600782.SH;600123.SH;601077.SH;600508.SH;600348.SH...(10),10,-0.007624384838227935
2020-06-01,2020-07-01,601916.SH;601077.SH;600282.SH;601005.SH;600777.SH...(10),10,0.03052796074558874
2020-07-01,2020-08-03,601997.SH;600717.SH;601077.SH;600376.SH;600508.SH...(10),10,0.10851468300074041
2020-08-03,2020-09-01,601658.SH;000900.SZ;601997.SH;000402.SZ;600743.SH...(10),10,0.007581727521398433
2020-09-01,2020-10-09,600508.SH;600782.SH;601077.SH;600123.SH;600623.SH...(10),10,-0.0281768867715478
2020-10-09,2020-11-02,000959.SZ;600782.SH;000778.SZ;601077.SH;600153.SH...(10),10,-0.05454894936070254
2020-11-02,2020-12-01,601077.SH;600376.SH;000543.SZ;002582.SZ;601588.SH...(10),10,0.045281057734379015
2020-12-01,2021-01-04,002582.SZ;603301.SH;300206.SZ;600094.SH;002838.SZ...(10),10,-0.0020750036749714283
2021-01-04,2021-02-01,600751.SH;600657.SH;002146.SZ;002100.SZ;600694.SH...(10),10,-0.08388508969855724
2021-02-01,2021-03-01,601077.SH;000937.SZ;000537.SZ;000543.SZ;601699.SH...(10),10,0.039920616522992614
2021-03-01,2021-04-01,600340.SH;601077.SH;002582.SZ;600376.SH;600649.SH...(10),10,0.004265948791315236
2021-04-01,2021-05-06,002582.SZ;002146.SZ;600340.SH;002131.SZ;600657.SH...(10),10,-0.06093904602773351
2021-05-06,2021-06-01,002146.SZ;002131.SZ;000543.SZ;000537.SZ;300418.SZ...(10),10,0.0005032045777295024
2021-06-01,2021-07-01,000048.SZ;601077.SH;600269.SH;601997.SH;601107.SH...(10),10,-0.04673281856384527
2021-07-01,2021-08-02,601997.SH;601077.SH;000090.SZ;601107.SH;000900.SZ...(10),10,-0.08865351972488676
2021-08-02,2021-09-01,002146.SZ;601077.SH;600694.SH;000900.SZ;000537.SZ...(10),10,0.04662359993111366
2021-09-01,2021-10-08,601997.SH;002146.SZ;000900.SZ;002936.SZ;002382.SZ...(10),10,0.22614867747595752
2021-10-08,2021-11-01,002382.SZ;600694.SH;601077.SH;002146.SZ;002936.SZ...(10),10,-0.0648285343838276
2021-11-01,2021-12-01,002382.SZ;002110.SZ;000932.SZ;000709.SZ;300677.SZ...(10),10,0.03078357779684995
2021-12-01,2022-01-04,601077.SH;601997.SH;601916.SH;002936.SZ;600269.SH...(10),10,0.027056516462184568
2022-01-04,2022-02-07,601997.SH;000898.SZ;002936.SZ;601577.SH;600269.SH...(10),10,-0.005535030268388149
2022-02-07,2022-03-01,000877.SZ;000898.SZ;601077.SH;601997.SH;600390.SH...(10),10,0.026820253978392765
2022-03-01,2022-04-01,601997.SH;601077.SH;601577.SH;002958.SZ;601916.SH...(10),10,-0.0036381775156322537
2022-04-01,2022-05-05,601577.SH;600928.SH;601997.SH;601916.SH;002958.SZ...(10),10,-0.02443042070000698
2022-05-05,2022-06-01,300677.SZ;601828.SH;002936.SZ;600390.SH;601916.SH...(10),10,0.04514236009377687
2022-06-01,2022-07-01,002966.SZ;601997.SH;601077.SH;601916.SH;002958.SZ...(10),10,0.0048371008888770245
2022-07-01,2022-08-01,601077.SH;601997.SH;600782.SH;601916.SH;601577.SH...(10),10,-0.0422093575376665
2022-08-01,2022-09-01,601577.SH;601077.SH;600782.SH;002936.SZ;601916.SH...(10),10,-0.03465622457412794
2022-09-01,2022-10-10,601825.SH;601577.SH;600782.SH;600649.SH;601916.SH...(10),10,-0.06514626446329398
2022-10-10,2022-11-01,000959.SZ;600782.SH;601916.SH;000425.SZ;002936.SZ...(10),10,-0.040745506198670525
2022-11-01,2022-12-01,601997.SH;601916.SH;601577.SH;002958.SZ;600782.SH...(10),10,0.16900859244418975
2022-12-01,2023-01-03,002030.SZ;601077.SH;600269.SH;601577.SH;601997.SH...(10),10,-0.04377991702378002
2023-01-03,2023-02-01,300639.SZ;000402.SZ;601860.SH;002958.SZ;601997.SH...(10),10,0.026970846565008748
2023-02-01,2023-03-01,601825.SH;601077.SH;002958.SZ;601997.SH;601577.SH...(10),10,0.02327064101975172
2023-03-01,2023-04-03,002936.SZ;601825.SH;600928.SH;601997.SH;601077.SH...(10),10,-0.03334180184839781
2023-04-03,2023-05-04,601997.SH;601825.SH;600269.SH;603323.SH;002936.SZ...(10),10,0.01609368274285118
2023-05-04,2023-06-01,002432.SZ;002030.SZ;601997.SH;601828.SH;600649.SH...(10),10,-0.09164601642445058
2023-06-01,2023-07-03,002958.SZ;601825.SH;603323.SH;002936.SZ;601860.SH...(10),10,-0.041193171963904
2023-07-03,2023-08-01,601997.SH;601077.SH;601825.SH;002807.SZ;002958.SZ...(10),10,0.07315444085338056
2023-08-01,2023-09-01,600508.SH;600483.SH;603599.SH;601918.SH;600728.SH...(10),10,-0.020967534310673292
2023-09-01,2023-10-09,002948.SZ;002958.SZ;002807.SZ;002936.SZ;603323.SH...(10),10,0.023295005857734568
2023-10-09,2023-11-01,601577.SH;601825.SH;603323.SH;600928.SH;601155.SH...(10),10,-0.050537272209848674
2023-11-01,2023-12-01,601577.SH;601825.SH;603323.SH;601997.SH;600928.SH...(10),10,-0.036899271179918314
2023-12-01,2024-01-02,600153.SH;601825.SH;601577.SH;002958.SZ;601997.SH...(10),10,-0.01121234865112701
2024-01-02,2024-02-01,600153.SH;600208.SH;002958.SZ;001227.SZ;002948.SZ...(10),10,-0.003184069624590621
2024-02-01,2024-03-01,600153.SH;600682.SH;000959.SZ;002807.SZ;603323.SH...(10),10,0.05044686309138009
2024-03-01,2024-04-01,603323.SH;601825.SH;002807.SZ;600153.SH;601577.SH...(10),10,-0.0008876293482529907
2024-04-01,2024-05-06,001227.SZ;603323.SH;601577.SH;600153.SH;002936.SZ...(10),10,0.03954402870791773
2024-05-06,2024-06-03,601825.SH;601577.SH;600153.SH;601963.SH;002807.SZ...(10),10,0.017029555789993416
2024-06-03,2024-07-01,002936.SZ;600928.SH;002958.SZ;601860.SH;601963.SH...(10),10,-0.07498051906544696
2024-07-01,2024-08-01,600928.SH;601997.SH;002958.SZ;000709.SZ;600739.SH...(10),10,0.013929084031839883
2024-08-01,2024-09-02,601577.SH;002958.SZ;600153.SH;601997.SH;001227.SZ...(10),10,-0.04644240173176105
2024-09-02,2024-10-08,002958.SZ;601997.SH;601577.SH;600928.SH;600739.SH...(10),10,0.3339081485320857
2024-10-08,2024-11-01,601187.SH;600928.SH;601577.SH;601860.SH;002958.SZ...(10),10,-0.12046308476102854
2024-11-01,2024-12-02,603323.SH;600908.SH;002807.SZ;002948.SZ;601860.SH...(10),10,0.03440964480028212
2024-12-02,2025-01-02,603323.SH;601997.SH;601963.SH;601577.SH;601665.SH...(10),10,0.007714425320160805
2025-01-02,2025-02-05,000932.SZ;603323.SH;600325.SH;601860.SH;600739.SH...(10),10,-0.01887870867071255
2025-02-05,2025-03-03,601860.SH;601963.SH;000778.SZ;600928.SH;601528.SH...(10),10,-0.04211346786826882
2025-03-03,2025-04-01,603323.SH;601528.SH;601997.SH;002807.SZ;002839.SZ...(10),10,0.022409473383454098
2025-04-01,2025-05-06,601528.SH;601860.SH;001227.SZ;601997.SH;600908.SH...(10),10,-0.023932734938565032
2025-05-06,2025-06-03,601528.SH;601577.SH;601997.SH;002807.SZ;601860.SH...(10),10,0.04596915783905266
2025-06-03,2025-07-01,600248.SH;001227.SZ;600782.SH;000709.SZ;600153.SH...(10),10,-0.007530940631781043
2025-07-01,2025-08-01,000932.SZ;603323.SH;601333.SH;600248.SH;601860.SH...(10),10,0.038293091937354126
2025-08-01,2025-09-01,600908.SH;603323.SH;601577.SH;002839.SZ;600064.SH...(10),10,-0.0027593005708927607
2025-09-01,2025-10-09,603323.SH;002958.SZ;601577.SH;600269.SH;601860.SH...(10),10,-0.06624986463925885
2025-10-09,2025-11-03,601577.SH;601963.SH;603323.SH;600908.SH;002807.SZ...(10),10,0.06458877427404783
2025-11-03,2025-12-01,603323.SH;601860.SH;600248.SH;601528.SH;002936.SZ...(10),10,-0.006343831742082992
2025-12-01,2026-01-05,603323.SH;601997.SH;601528.SH;600248.SH;601860.SH...(10),10,-0.017737802471905505
2026-01-05,2026-02-02,002958.SZ;600908.SH;002936.SZ;600269.SH;600248.SH...(10),10,0.007516115493636658
2026-02-02,2026-03-02,603323.SH;002936.SZ;600908.SH;600269.SH;600248.SH...(10),10,-0.006824885127604116
2026-03-02,2026-04-01,600908.SH;601997.SH;002807.SZ;601577.SH;002958.SZ...(10),10,0.006217244575846673
2026-04-01,2026-05-06,603323.SH;600908.SH;601577.SH;601997.SH;001227.SZ...(10),10,-0.013726336010341652
2026-05-06,2026-06-01,600269.SH;601577.SH;002807.SZ;000401.SZ;600704.SH...(10),10,-0.06479682934207934
