date,total_value,cash,position_value
2018-12-25,100000.0,100000.0,0.0
2018-12-26,100000.0,100000.0,0.0
2018-12-27,100000.0,100000.0,0.0
2018-12-28,100000.0,100000.0,0.0
2019-01-02,100000.0,100000.0,0.0
2019-01-03,100000.0,100000.0,0.0
2019-01-04,100000.0,100000.0,0.0
2019-01-07,100000.0,100000.0,0.0
2019-01-08,100000.0,100000.0,0.0
2019-01-09,100000.0,100000.0,0.0
2019-01-10,100000.0,100000.0,0.0
2019-01-11,100000.0,100000.0,0.0
2019-01-14,100000.0,100000.0,0.0
2019-01-15,100000.0,100000.0,0.0
2019-01-16,100000.0,100000.0,0.0
2019-01-17,100000.0,100000.0,0.0
2019-01-18,100000.0,100000.0,0.0
2019-01-21,100000.0,100000.0,0.0
2019-01-22,100000.0,100000.0,0.0
2019-01-23,100000.0,100000.0,0.0
2019-01-24,100000.0,100000.0,0.0
2019-01-25,100000.0,100000.0,0.0
2019-01-28,100000.0,100000.0,0.0
2019-01-29,100000.0,100000.0,0.0
2019-01-30,100000.0,100000.0,0.0
2019-01-31,100000.0,100000.0,0.0
2019-02-01,100000.0,100000.0,0.0
2019-02-11,100000.0,100000.0,0.0
2019-02-12,100000.0,100000.0,0.0
2019-02-13,100000.0,100000.0,0.0
2019-02-14,100000.0,100000.0,0.0
2019-02-15,100000.0,100000.0,0.0
2019-02-18,100000.0,100000.0,0.0
2019-02-19,100000.0,100000.0,0.0
2019-02-20,100000.0,100000.0,0.0
2019-02-21,100000.0,100000.0,0.0
2019-02-22,100000.0,100000.0,0.0
2019-02-25,100000.0,100000.0,0.0
2019-02-26,100000.0,100000.0,0.0
2019-02-27,100000.0,100000.0,0.0
2019-02-28,100000.0,100000.0,0.0
2019-03-01,100000.0,100000.0,0.0
2019-03-04,100000.0,100000.0,0.0
2019-03-05,100000.0,100000.0,0.0
2019-03-06,100000.0,100000.0,0.0
2019-03-07,100000.0,100000.0,0.0
2019-03-08,100000.0,100000.0,0.0
2019-03-11,100000.0,100000.0,0.0
2019-03-12,100000.0,100000.0,0.0
2019-03-13,100000.0,100000.0,0.0
2019-03-14,100000.0,100000.0,0.0
2019-03-15,100000.0,100000.0,0.0
2019-03-18,100000.0,100000.0,0.0
2019-03-19,100000.0,100000.0,0.0
2019-03-20,100000.0,100000.0,0.0
2019-03-21,100000.0,100000.0,0.0
2019-03-22,100000.0,100000.0,0.0
2019-03-25,100000.0,100000.0,0.0
2019-03-26,100000.0,100000.0,0.0
2019-03-27,100000.0,100000.0,0.0
2019-03-28,100000.0,100000.0,0.0
2019-03-29,100000.0,100000.0,0.0
2019-04-01,100000.0,100000.0,0.0
2019-04-02,100000.0,100000.0,0.0
2019-04-03,100000.0,100000.0,0.0
2019-04-04,100000.0,100000.0,0.0
2019-04-08,100000.0,100000.0,0.0
2019-04-09,100000.0,100000.0,0.0
2019-04-10,100000.0,100000.0,0.0
2019-04-11,98940.74165,50346.94164999999,48593.8
2019-04-12,98866.14165,50346.94164999999,48519.200000000004
2019-04-15,98260.74165,50346.94164999999,47913.8
2019-04-16,99397.74165,50346.94164999999,49050.8
2019-04-17,99394.84165,50346.94164999999,49047.90000000001
2019-04-18,99147.74164999998,50346.94164999999,48800.799999999996
2019-04-19,99662.14164999999,50346.94164999999,49315.2
2019-04-22,98746.34165,50346.94164999999,48399.40000000001
2019-04-23,98430.74165,50346.94164999999,48083.8
2019-04-24,98778.24165,50346.94164999999,48431.3
2019-04-25,97433.34164999999,50346.94164999999,47086.399999999994
2019-04-26,97008.04165,50346.94164999999,46661.1
2019-04-29,96258.04165,50346.94164999999,45911.1
2019-04-30,96460.34164999999,50346.94164999999,46113.4
2019-05-06,93067.44165,50346.94164999999,42720.5
2019-05-07,93751.14164999999,50346.94164999999,43404.2
2019-05-08,93361.14164999999,50346.94164999999,43014.2
2019-05-09,92699.54165,50346.94164999999,42352.600000000006
2019-05-10,94215.04165,50346.94164999999,43868.1
2019-05-13,93037.09407,804.494069999997,92232.6
2019-05-14,92464.39407,804.494069999997,91659.9
2019-05-15,94368.89407,804.494069999997,93564.4
2019-05-16,95096.69407,804.494069999997,94292.2
2019-05-17,92443.49407,804.494069999997,91639.0
2019-05-20,92037.79407000002,804.494069999997,91233.30000000002
2019-05-21,93353.59406999999,804.494069999997,92549.09999999999
2019-05-22,93063.29406999999,804.494069999997,92258.79999999999
2019-05-23,91417.79406999999,804.494069999997,90613.29999999999
2019-05-24,90547.99407,804.494069999997,89743.5
2019-05-27,92533.29407,804.494069999997,91728.8
2019-05-28,92615.79406999999,804.494069999997,91811.29999999999
2019-05-29,92753.99407,804.494069999997,91949.5
2019-05-30,92313.09407,804.494069999997,91508.6
2019-05-31,92198.79407,804.494069999997,91394.3
2019-06-03,91716.59406999999,804.494069999997,90912.09999999999
2019-06-04,90214.49407,804.494069999997,89410.0
2019-06-05,89443.49407,804.494069999997,88639.0
2019-06-06,87816.69407000001,804.494069999997,87012.20000000001
2019-06-10,88851.29407,804.494069999997,88046.8
2019-06-11,90477.53515000001,44707.13515,45770.4
2019-06-12,89959.73515,44707.13515,45252.59999999999
2019-06-13,90154.53515,44707.13515,45447.399999999994
2019-06-14,89499.73515,44707.13515,44792.6
2019-06-17,89419.53515000001,44707.13515,44712.4
2019-06-18,89427.13515,44707.13515,44720.0
2019-06-19,90148.93515,44707.13515,45441.8
2019-06-20,91472.93515,44707.13515,46765.8
2019-06-21,92154.73515000001,44707.13515,47447.600000000006
2019-06-24,91989.33515,44707.13515,47282.2
2019-06-25,91653.73515,44707.13515,46946.6
2019-06-26,91623.13515,44707.13515,46916.0
2019-06-27,92112.53515000001,44707.13515,47405.4
2019-06-28,91765.93515,44707.13515,47058.8
2019-07-01,93088.73515,44707.13515,48381.6
2019-07-02,93091.33515,44707.13515,48384.2
2019-07-03,92711.93515,44707.13515,48004.8
2019-07-04,92665.53515000001,44707.13515,47958.4
2019-07-05,92808.73515000001,44707.13515,48101.600000000006
2019-07-08,91369.93515,44707.13515,46662.8
2019-07-09,91563.53515000001,44707.13515,46856.4
2019-07-10,91385.13515,44707.13515,46678.0
2019-07-11,91342.24797000001,556.6479700000036,90785.6
2019-07-12,91714.64797,556.6479700000036,91158.0
2019-07-15,92925.84797000002,556.6479700000036,92369.20000000001
2019-07-16,92688.74797000001,556.6479700000036,92132.1
2019-07-17,92600.44797,556.6479700000036,92043.79999999999
2019-07-18,91454.94797000001,556.6479700000036,90898.3
2019-07-19,92299.64797,556.6479700000036,91743.0
2019-07-22,90946.44797000001,556.6479700000036,90389.8
2019-07-23,91687.24797000001,556.6479700000036,91130.6
2019-07-24,92604.94797000001,556.6479700000036,92048.3
2019-07-25,93122.74797000001,556.6479700000036,92566.1
2019-07-26,93424.64797,556.6479700000036,92868.0
2019-07-29,93001.94797000001,556.6479700000036,92445.3
2019-07-30,93526.04797,556.6479700000036,92969.4
2019-07-31,93146.74797000001,556.6479700000036,92590.1
2019-08-01,92367.34797,556.6479700000036,91810.7
2019-08-02,90842.34797,556.6479700000036,90285.7
2019-08-05,89435.64797,556.6479700000036,88879.0
2019-08-06,88375.24797000001,556.6479700000036,87818.6
2019-08-07,87718.64797,556.6479700000036,87162.0
2019-08-08,89094.84797000002,556.6479700000036,88538.20000000001
2019-08-09,88246.94797,556.6479700000036,87690.29999999999
2019-08-12,89774.64797,556.6479700000036,89218.0
2019-08-13,89154.14797,556.6479700000036,88597.5
2019-08-14,89869.74797000001,556.6479700000036,89313.1
2019-08-15,90212.04797,556.6479700000036,89655.4
2019-08-16,90669.14797,556.6479700000036,90112.5
2019-08-19,93885.74797000001,556.6479700000036,93329.1
2019-08-20,93383.14797,556.6479700000036,92826.5
2019-08-21,93145.94797000001,556.6479700000036,92589.3
2019-08-22,93688.04797,556.6479700000036,93131.4
2019-08-23,94289.84797,556.6479700000036,93733.2
2019-08-26,93649.74797000001,556.6479700000036,93093.1
2019-08-27,95014.14797,556.6479700000036,94457.5
2019-08-28,94627.54797000001,556.6479700000036,94070.90000000001
2019-08-29,94401.74797000001,556.6479700000036,93845.1
2019-08-30,94783.04797000001,556.6479700000036,94226.40000000001
2019-09-02,97085.64797,556.6479700000036,96529.0
2019-09-03,97033.64797,556.6479700000036,96477.0
2019-09-04,97560.64797,556.6479700000036,97004.0
2019-09-05,98639.54797,556.6479700000036,98082.9
2019-09-06,99330.94797,556.6479700000036,98774.29999999999
2019-09-09,100441.44797,556.6479700000036,99884.79999999999
2019-09-10,100289.34797,556.6479700000036,99732.7
2019-09-11,98949.5533,462.5533000000032,98487.0
2019-09-12,99363.0533,462.5533000000032,98900.5
2019-09-16,99404.8533,462.5533000000032,98942.3
2019-09-17,97377.6533,462.5533000000032,96915.1
2019-09-18,97326.0533,462.5533000000032,96863.5
2019-09-19,98450.6533,462.5533000000032,97988.1
2019-09-20,98432.5533,462.5533000000032,97970.0
2019-09-23,97684.4533,462.5533000000032,97221.9
2019-09-24,97965.7533,462.5533000000032,97503.2
2019-09-25,96505.5533,462.5533000000032,96043.0
2019-09-26,93854.4533,462.5533000000032,93391.9
2019-09-27,94673.6533,462.5533000000032,94211.1
2019-09-30,93710.8533,462.5533000000032,93248.3
2019-10-08,93438.5533,462.5533000000032,92976.0
2019-10-09,93785.0533,462.5533000000032,93322.5
2019-10-10,95618.6533,462.5533000000032,95156.1
2019-10-11,95997.34046,496.140460000006,95501.2
2019-10-14,96932.44046000001,496.140460000006,96436.3
2019-10-15,96313.54046,496.140460000006,95817.4
2019-10-16,95976.84046000002,496.140460000006,95480.70000000001
2019-10-17,96002.84046,496.140460000006,95506.7
2019-10-18,95135.04046000002,496.140460000006,94638.90000000001
2019-10-21,94752.64046000001,496.140460000006,94256.5
2019-10-22,95715.04046,496.140460000006,95218.9
2019-10-23,94907.94046000001,496.140460000006,94411.8
2019-10-24,94780.04046,496.140460000006,94283.9
2019-10-25,95928.44046,496.140460000006,95432.29999999999
2019-10-28,97473.84046,496.140460000006,96977.7
2019-10-29,96775.14046000001,496.140460000006,96279.0
2019-10-30,96083.34046000002,496.140460000006,95587.20000000001
2019-10-31,95851.84046,496.140460000006,95355.7
2019-11-01,97072.94046000001,496.140460000006,96576.8
2019-11-04,97490.94046000001,496.140460000006,96994.8
2019-11-05,98035.34046000002,496.140460000006,97539.20000000001
2019-11-06,97409.84046,496.140460000006,96913.7
2019-11-07,97896.54046,496.140460000006,97400.4
2019-11-08,97762.34046,496.140460000006,97266.2
2019-11-11,95634.74046000002,496.140460000006,95138.6
2019-11-12,95808.14046000001,496.140460000006,95312.0
2019-11-13,96107.34046,496.140460000006,95611.2
2019-11-14,96737.74046000002,496.140460000006,96241.6
2019-11-15,95966.14046000001,496.140460000006,95470.0
2019-11-18,96530.34046,496.140460000006,96034.2
2019-11-19,98377.84046,496.140460000006,97881.7
2019-11-20,97668.64046000001,496.140460000006,97172.5
2019-11-21,97180.64046000001,496.140460000006,96684.5
2019-11-22,95472.64046000001,496.140460000006,94976.5
2019-11-25,95176.54046000002,496.140460000006,94680.40000000001
2019-11-26,95364.94046000001,496.140460000006,94868.8
2019-11-27,95452.34046,496.140460000006,94956.2
2019-11-28,95374.54046,496.140460000006,94878.4
2019-11-29,94400.24046000002,496.140460000006,93904.1
2019-12-02,94363.04046,496.140460000006,93866.9
2019-12-03,94726.14046000001,496.140460000006,94230.0
2019-12-04,94849.84046,496.140460000006,94353.7
2019-12-05,95896.94046000001,496.140460000006,95400.8
2019-12-06,96644.24046000002,496.140460000006,96148.1
2019-12-09,96163.94046,496.140460000006,95667.79999999999
2019-12-10,96701.94046000001,496.140460000006,96205.8
2019-12-11,96228.97712000003,350.577120000009,95878.40000000001
2019-12-12,96184.17712000001,350.577120000009,95833.6
2019-12-13,98095.37712000002,350.577120000009,97744.8
2019-12-16,99584.97712,350.577120000009,99234.4
2019-12-17,101169.07712,350.577120000009,100818.5
2019-12-18,100928.97712,350.577120000009,100578.4
2019-12-19,101137.37712000002,350.577120000009,100786.8
2019-12-20,100305.47712,350.577120000009,99954.9
2019-12-23,97941.17712000001,350.577120000009,97590.6
2019-12-24,99422.77712000001,350.577120000009,99072.2
2019-12-25,99881.67712000001,350.577120000009,99531.1
2019-12-26,100981.17712000001,350.577120000009,100630.59999999999
2019-12-27,99881.37711999999,350.577120000009,99530.79999999999
2019-12-30,101978.27712000001,350.577120000009,101627.70000000001
2019-12-31,102081.87712000002,350.577120000009,101731.3
2020-01-02,103788.77712000001,350.577120000009,103438.20000000001
2020-01-03,104156.97712,350.577120000009,103806.4
2020-01-06,105098.37712000002,350.577120000009,104747.8
2020-01-07,106290.67712000001,350.577120000009,105940.09999999999
2020-01-08,105016.97712,350.577120000009,104666.4
2020-01-09,106232.27712000001,350.577120000009,105881.70000000001
2020-01-10,105883.37712000002,350.577120000009,105532.8
2020-01-13,107352.06226,618.5622600000089,106733.5
2020-01-14,106594.16226000001,618.5622600000089,105975.6
2020-01-15,106179.56226,618.5622600000089,105561.0
2020-01-16,106504.26226000002,618.5622600000089,105885.70000000001
2020-01-17,106290.66226000001,618.5622600000089,105672.1
2020-01-20,108197.86226,618.5622600000089,107579.29999999999
2020-01-21,107020.16226,618.5622600000089,106401.59999999999
2020-01-22,107844.06226,618.5622600000089,107225.5
2020-01-23,104364.16226000001,618.5622600000089,103745.6
2020-02-03,94857.16226000001,618.5622600000089,94238.6
2020-02-04,96873.76226,618.5622600000089,96255.2
2020-02-05,99310.16226000001,618.5622600000089,98691.6
2020-02-06,102318.76226,618.5622600000089,101700.2
2020-02-07,103297.96226000001,618.5622600000089,102679.40000000001
2020-02-10,104334.56226,618.5622600000089,103716.0
2020-02-11,104067.03291000001,52761.93291,51305.100000000006
2020-02-12,105160.13291,52761.93291,52398.2
2020-02-13,104730.03291000001,52761.93291,51968.1
2020-02-14,104813.63291,52761.93291,52051.7
2020-02-17,106927.33291,52761.93291,54165.399999999994
2020-02-18,107640.53291,52761.93291,54878.59999999999
2020-02-19,106884.63291,52761.93291,54122.7
2020-02-20,107770.43291,52761.93291,55008.5
2020-02-21,108750.53291000001,52761.93291,55988.6
2020-02-24,109311.83291,52761.93291,56549.899999999994
2020-02-25,109617.63291,52761.93291,56855.7
2020-02-26,107912.93291,52761.93291,55151.00000000001
2020-02-27,107915.23291,52761.93291,55153.3
2020-02-28,105081.83291,52761.93291,52319.899999999994
2020-03-02,107004.83291,52761.93291,54242.899999999994
2020-03-03,107883.93291,52761.93291,55122.00000000001
2020-03-04,107948.23291,52761.93291,55186.3
2020-03-05,108856.13291,52761.93291,56094.2
2020-03-06,108581.13291,52761.93291,55819.2
2020-03-09,106319.23291,52761.93291,53557.3
2020-03-10,107755.83291,52761.93291,54993.9
2020-03-11,105991.37114999999,231.67114999999285,105759.7
2020-03-12,103501.37114999999,231.67114999999285,103269.7
2020-03-13,102533.57114999999,231.67114999999285,102301.9
2020-03-16,97351.87114999999,231.67114999999285,97120.2
2020-03-17,97437.57114999999,231.67114999999285,97205.9
2020-03-18,95591.37114999999,231.67114999999285,95359.7
2020-03-19,96160.27115,231.67114999999285,95928.6
2020-03-20,97508.87115,231.67114999999285,97277.20000000001
2020-03-23,93536.77114999999,231.67114999999285,93305.09999999999
2020-03-24,95739.27115,231.67114999999285,95507.6
2020-03-25,97965.07114999999,231.67114999999285,97733.4
2020-03-26,97555.77115,231.67114999999285,97324.1
2020-03-27,97371.67115,231.67114999999285,97140.0
2020-03-30,95773.77114999999,231.67114999999285,95542.09999999999
2020-03-31,95717.67115,231.67114999999285,95486.0
2020-04-01,95111.97114999998,231.67114999999285,94880.29999999999
2020-04-02,97330.37115,231.67114999999285,97098.70000000001
2020-04-03,96849.87115,231.67114999999285,96618.20000000001
2020-04-07,99958.67115,231.67114999999285,99727.0
2020-04-08,100052.47115,231.67114999999285,99820.8
2020-04-09,101322.47115,231.67114999999285,101090.8
2020-04-10,99727.57114999999,231.67114999999285,99495.9
2020-04-13,99608.17606999999,99608.17606999999,0.0
2020-04-14,99608.17606999999,99608.17606999999,0.0
2020-04-15,99608.17606999999,99608.17606999999,0.0
2020-04-16,99608.17606999999,99608.17606999999,0.0
2020-04-17,99608.17606999999,99608.17606999999,0.0
2020-04-20,99608.17606999999,99608.17606999999,0.0
2020-04-21,99608.17606999999,99608.17606999999,0.0
2020-04-22,99608.17606999999,99608.17606999999,0.0
2020-04-23,99608.17606999999,99608.17606999999,0.0
2020-04-24,99608.17606999999,99608.17606999999,0.0
2020-04-27,99608.17606999999,99608.17606999999,0.0
2020-04-28,99608.17606999999,99608.17606999999,0.0
2020-04-29,99608.17606999999,99608.17606999999,0.0
2020-04-30,99608.17606999999,99608.17606999999,0.0
2020-05-06,99608.17606999999,99608.17606999999,0.0
2020-05-07,99608.17606999999,99608.17606999999,0.0
2020-05-08,99608.17606999999,99608.17606999999,0.0
2020-05-11,99608.17606999999,99608.17606999999,0.0
2020-05-12,99608.17606999999,99608.17606999999,0.0
2020-05-13,99608.17606999999,99608.17606999999,0.0
2020-05-14,99608.17606999999,99608.17606999999,0.0
2020-05-15,99608.17606999999,99608.17606999999,0.0
2020-05-18,99608.17606999999,99608.17606999999,0.0
2020-05-19,99608.17606999999,99608.17606999999,0.0
2020-05-20,99608.17606999999,99608.17606999999,0.0
2020-05-21,99608.17606999999,99608.17606999999,0.0
2020-05-22,99608.17606999999,99608.17606999999,0.0
2020-05-25,99608.17606999999,99608.17606999999,0.0
2020-05-26,99608.17606999999,99608.17606999999,0.0
2020-05-27,99608.17606999999,99608.17606999999,0.0
2020-05-28,99608.17606999999,99608.17606999999,0.0
2020-05-29,99608.17606999999,99608.17606999999,0.0
2020-06-01,99608.17606999999,99608.17606999999,0.0
2020-06-02,99608.17606999999,99608.17606999999,0.0
2020-06-03,99608.17606999999,99608.17606999999,0.0
2020-06-04,99608.17606999999,99608.17606999999,0.0
2020-06-05,99608.17606999999,99608.17606999999,0.0
2020-06-08,99608.17606999999,99608.17606999999,0.0
2020-06-09,99608.17606999999,99608.17606999999,0.0
2020-06-10,99608.17606999999,99608.17606999999,0.0
2020-06-11,99394.362,50450.462,48943.9
2020-06-12,99616.662,50450.462,49166.2
2020-06-15,99299.962,50450.462,48849.5
2020-06-16,100240.662,50450.462,49790.2
2020-06-17,100559.16200000001,50450.462,50108.700000000004
2020-06-18,100720.962,50450.462,50270.5
2020-06-19,101451.162,50450.462,51000.7
2020-06-22,102095.462,50450.462,51644.99999999999
2020-06-23,102608.162,50450.462,52157.7
2020-06-24,102805.462,50450.462,52354.99999999999
2020-06-29,102447.06199999999,50450.462,51996.59999999999
2020-06-30,103314.162,50450.462,52863.7
2020-07-01,103353.062,50450.462,52902.600000000006
2020-07-02,103892.562,50450.462,53442.1
2020-07-03,104516.562,50450.462,54066.1
2020-07-06,106944.16200000001,50450.462,56493.700000000004
2020-07-07,107953.762,50450.462,57503.3
2020-07-08,108942.762,50450.462,58492.3
2020-07-09,110913.062,50450.462,60462.6
2020-07-10,111182.762,50450.462,60732.3
2020-07-13,114408.84869999999,304.54869999999937,114104.29999999999
2020-07-14,114512.24869999998,304.54869999999937,114207.69999999998
2020-07-15,111542.1487,304.54869999999937,111237.6
2020-07-16,104956.0487,304.54869999999937,104651.5
2020-07-17,105064.4487,304.54869999999937,104759.9
2020-07-20,109599.0487,304.54869999999937,109294.5
2020-07-21,108920.4487,304.54869999999937,108615.9
2020-07-22,110085.94870000001,304.54869999999937,109781.40000000001
2020-07-23,111955.1487,304.54869999999937,111650.6
2020-07-24,105852.54869999998,304.54869999999937,105547.99999999999
2020-07-27,106316.6487,304.54869999999937,106012.1
2020-07-28,106994.3487,304.54869999999937,106689.8
2020-07-29,110964.4487,304.54869999999937,110659.9
2020-07-30,110191.34869999999,304.54869999999937,109886.79999999999
2020-07-31,111751.4487,304.54869999999937,111446.9
2020-08-03,116187.24869999998,304.54869999999937,115882.69999999998
2020-08-04,114142.6487,304.54869999999937,113838.1
2020-08-05,115724.9487,304.54869999999937,115420.4
2020-08-06,116611.94870000001,304.54869999999937,116307.40000000001
2020-08-07,115184.94870000001,304.54869999999937,114880.40000000001
2020-08-10,114289.1487,304.54869999999937,113984.6
2020-08-11,112086.48322000001,922.7832199999975,111163.70000000001
2020-08-12,109591.28322,922.7832199999975,108668.5
2020-08-13,109629.58322,922.7832199999975,108706.8
2020-08-14,111567.08322,922.7832199999975,110644.3
2020-08-17,114431.08322,922.7832199999975,113508.3
2020-08-18,114967.78322,922.7832199999975,114045.0
2020-08-19,112403.98322000001,922.7832199999975,111481.20000000001
2020-08-20,110466.58321999999,922.7832199999975,109543.79999999999
2020-08-21,111323.98322,922.7832199999975,110401.2
2020-08-24,111824.38322,922.7832199999975,110901.6
2020-08-25,110987.98322,922.7832199999975,110065.2
2020-08-26,108847.58322,922.7832199999975,107924.8
2020-08-27,109961.28322,922.7832199999975,109038.5
2020-08-28,112469.28322,922.7832199999975,111546.5
2020-08-31,112249.58322,922.7832199999975,111326.8
2020-09-01,113052.48322,922.7832199999975,112129.7
2020-09-02,112835.68321999999,922.7832199999975,111912.9
2020-09-03,111921.78322,922.7832199999975,110999.0
2020-09-04,111056.48322,922.7832199999975,110133.7
2020-09-07,108168.78322,922.7832199999975,107246.0
2020-09-08,108970.88322,922.7832199999975,108048.1
2020-09-09,106145.98322000001,922.7832199999975,105223.20000000001
2020-09-10,103879.98322000001,922.7832199999975,102957.20000000001
2020-09-11,104830.47616000002,666.7761600000013,104163.70000000001
2020-09-14,105178.57616,666.7761600000013,104511.8
2020-09-15,105878.77616000001,666.7761600000013,105212.0
2020-09-16,105046.87616000001,666.7761600000013,104380.1
2020-09-17,104401.17616,666.7761600000013,103734.4
2020-09-18,107100.37616000001,666.7761600000013,106433.6
2020-09-21,106493.27616000001,666.7761600000013,105826.5
2020-09-22,105636.57616,666.7761600000013,104969.79999999999
2020-09-23,106408.97615999999,666.7761600000013,105742.2
2020-09-24,104524.57616,666.7761600000013,103857.79999999999
2020-09-25,104725.47616000002,666.7761600000013,104058.70000000001
2020-09-28,104036.47616000002,666.7761600000013,103369.70000000001
2020-09-29,104734.47615999999,666.7761600000013,104067.7
2020-09-30,104300.77615999998,666.7761600000013,103633.99999999999
2020-10-09,106910.97615999999,666.7761600000013,106244.19999999998
2020-10-12,110439.27616000001,666.7761600000013,109772.5
2020-10-13,110413.97615999999,666.7761600000013,109747.2
2020-10-14,109630.27616000001,666.7761600000013,108963.5
2020-10-15,109041.77616000001,666.7761600000013,108375.0
2020-10-16,109041.87615999999,666.7761600000013,108375.09999999999
2020-10-19,107692.77616000001,666.7761600000013,107026.0
2020-10-20,108446.17616,666.7761600000013,107779.40000000001
2020-10-21,107896.77615999998,666.7761600000013,107229.99999999999
2020-10-22,107365.27616000001,666.7761600000013,106698.5
2020-10-23,105488.87615999999,666.7761600000013,104822.09999999999
2020-10-26,104601.47615999999,666.7761600000013,103934.7
2020-10-27,105308.77616000001,666.7761600000013,104642.0
2020-10-28,105938.67616,666.7761600000013,105271.90000000001
2020-10-29,106749.87615999999,666.7761600000013,106083.09999999999
2020-10-30,104253.07616,666.7761600000013,103586.3
2020-11-02,104153.97615999999,666.7761600000013,103487.2
2020-11-03,105887.97616000002,666.7761600000013,105221.20000000001
2020-11-04,105954.57616,666.7761600000013,105287.8
2020-11-05,107434.37616000001,666.7761600000013,106767.6
2020-11-06,106575.77616000001,666.7761600000013,105909.0
2020-11-09,109082.77616000001,666.7761600000013,108416.0
2020-11-10,108103.57616,666.7761600000013,107436.79999999999
2020-11-11,105062.29020999999,455.99020999999465,104606.3
2020-11-12,105295.59021,455.99020999999465,104839.6
2020-11-13,104984.69020999999,455.99020999999465,104528.7
2020-11-16,105186.69020999999,455.99020999999465,104730.7
2020-11-17,104599.79020999999,455.99020999999465,104143.8
2020-11-18,103835.29020999998,455.99020999999465,103379.29999999999
2020-11-19,104412.09020999998,455.99020999999465,103956.09999999999
2020-11-20,104670.19020999999,455.99020999999465,104214.2
2020-11-23,105477.99020999999,455.99020999999465,105022.0
2020-11-24,105158.59021,455.99020999999465,104702.6
2020-11-25,103570.49020999999,455.99020999999465,103114.5
2020-11-26,103358.19020999999,455.99020999999465,102902.2
2020-11-27,104422.79020999999,455.99020999999465,103966.8
2020-11-30,104836.89020999998,455.99020999999465,104380.9
2020-12-01,107259.09021,455.99020999999465,106803.1
2020-12-02,107483.99020999999,455.99020999999465,107028.0
2020-12-03,107982.19020999999,455.99020999999465,107526.2
2020-12-04,108210.29020999999,455.99020999999465,107754.3
2020-12-07,107234.99020999999,455.99020999999465,106779.0
2020-12-08,107404.69020999999,455.99020999999465,106948.7
2020-12-09,105182.89020999998,455.99020999999465,104726.9
2020-12-10,105496.99020999999,455.99020999999465,105041.0
2020-12-11,103679.79487,441.4948699999986,103238.3
2020-12-14,104859.69486999999,441.4948699999986,104418.2
2020-12-15,105042.59487,441.4948699999986,104601.1
2020-12-16,104459.09486999999,441.4948699999986,104017.59999999999
2020-12-17,105162.79487,441.4948699999986,104721.3
2020-12-18,104756.09487,441.4948699999986,104314.6
2020-12-21,107413.99487,441.4948699999986,106972.5
2020-12-22,105215.49487,441.4948699999986,104774.0
2020-12-23,107347.09487,441.4948699999986,106905.6
2020-12-24,106848.69486999999,441.4948699999986,106407.2
2020-12-25,107431.49487,441.4948699999986,106990.0
2020-12-28,106883.69486999999,441.4948699999986,106442.2
2020-12-29,106588.49487,441.4948699999986,106147.0
2020-12-30,108478.09487,441.4948699999986,108036.6
2020-12-31,111297.99487,441.4948699999986,110856.5
2021-01-04,114928.79486999998,441.4948699999986,114487.29999999999
2021-01-05,116366.19486999999,441.4948699999986,115924.7
2021-01-06,116484.39486999999,441.4948699999986,116042.9
2021-01-07,117961.09486999999,441.4948699999986,117519.59999999999
2021-01-08,117004.89486999999,441.4948699999986,116563.4
2021-01-11,115464.19487,441.4948699999986,115022.70000000001
2021-01-12,118266.59487,441.4948699999986,117825.1
2021-01-13,117767.49487,441.4948699999986,117326.0
2021-01-14,115566.69486999999,441.4948699999986,115125.2
2021-01-15,114884.09487,441.4948699999986,114442.6
2021-01-18,117031.89486999999,441.4948699999986,116590.4
2021-01-19,115038.19487,441.4948699999986,114596.70000000001
2021-01-20,116857.69486999999,441.4948699999986,116416.2
2021-01-21,118412.59487,441.4948699999986,117971.1
2021-01-22,118421.69487,441.4948699999986,117980.20000000001
2021-01-25,118750.79487,441.4948699999986,118309.3
2021-01-26,115085.89486999999,441.4948699999986,114644.4
2021-01-27,115059.89486999999,441.4948699999986,114618.4
2021-01-28,112339.89486999999,441.4948699999986,111898.4
2021-01-29,110513.19486999999,441.4948699999986,110071.7
2021-02-01,111124.99487,441.4948699999986,110683.5
2021-02-02,112756.49487,441.4948699999986,112315.0
2021-02-03,110953.39486999999,441.4948699999986,110511.9
2021-02-04,110378.69487,441.4948699999986,109937.20000000001
2021-02-05,109039.39486999999,441.4948699999986,108597.9
2021-02-08,110043.69486999999,441.4948699999986,109602.2
2021-02-09,113818.49487,441.4948699999986,113377.0
2021-02-10,114934.79487000001,441.4948699999986,114493.30000000002
2021-02-18,114284.87636,24236.876360000002,90048.0
2021-02-19,114649.47636,24236.876360000002,90412.6
2021-02-22,111807.57636,24236.876360000002,87570.7
2021-02-23,112261.77635999999,24236.876360000002,88024.9
2021-02-24,110614.67636000001,24236.876360000002,86377.8
2021-02-25,110966.47636,24236.876360000002,86729.6
2021-02-26,108659.57635999998,24236.876360000002,84422.69999999998
2021-03-01,110370.77635999999,24236.876360000002,86133.9
2021-03-02,109821.67636000001,24236.876360000002,85584.8
2021-03-03,110789.27635999999,24236.876360000002,86552.4
2021-03-04,108384.27635999999,24236.876360000002,84147.4
2021-03-05,108037.47636,24236.876360000002,83800.6
2021-03-08,104262.67635999998,24236.876360000002,80025.79999999999
2021-03-09,101749.57636,24236.876360000002,77512.7
2021-03-10,101783.97636,24236.876360000002,77547.09999999999
2021-03-11,102999.40829000002,51347.20829000001,51652.200000000004
2021-03-12,102804.50829,51347.20829000001,51457.299999999996
2021-03-15,101768.40829,51347.20829000001,50421.2
2021-03-16,101999.80829000002,51347.20829000001,50652.6
2021-03-17,102356.60829,51347.20829000001,51009.4
2021-03-18,102499.50829,51347.20829000001,51152.299999999996
2021-03-19,101988.90829,51347.20829000001,50641.7
2021-03-22,102625.70829000001,51347.20829000001,51278.5
2021-03-23,102358.60829,51347.20829000001,51011.4
2021-03-24,101720.90829000002,51347.20829000001,50373.700000000004
2021-03-25,101729.20829000001,51347.20829000001,50382.0
2021-03-26,102305.90829000002,51347.20829000001,50958.700000000004
2021-03-29,97591.00829,51347.20829000001,46243.799999999996
2021-03-30,97671.50829,51347.20829000001,46324.299999999996
2021-03-31,97470.60829,51347.20829000001,46123.4
2021-04-01,97988.00829,51347.20829000001,46640.799999999996
2021-04-02,98453.30829000002,51347.20829000001,47106.1
2021-04-06,98489.50829000001,51347.20829000001,47142.3
2021-04-07,98446.10829,51347.20829000001,47098.9
2021-04-08,98479.70829000001,51347.20829000001,47132.5
2021-04-09,98180.30829000002,51347.20829000001,46833.1
2021-04-12,97310.80829000002,51347.20829000001,45963.6
2021-04-13,97175.40829,51347.20829000001,45828.2
2021-04-14,97611.90829,51347.20829000001,46264.7
2021-04-15,97434.60829,51347.20829000001,46087.4
2021-04-16,97795.40829,51347.20829000001,46448.2
2021-04-19,98619.90829,51347.20829000001,47272.7
2021-04-20,98431.50829000001,51347.20829000001,47084.3
2021-04-21,98430.60829,51347.20829000001,47083.4
2021-04-22,98621.90829000002,51347.20829000001,47274.700000000004
2021-04-23,98749.60829,51347.20829000001,47402.4
2021-04-26,98392.80829000002,51347.20829000001,47045.6
2021-04-27,98283.60829,51347.20829000001,46936.4
2021-04-28,98654.50829000001,51347.20829000001,47307.3
2021-04-29,98972.80829000002,51347.20829000001,47625.600000000006
2021-04-30,98774.60829,51347.20829000001,47427.4
2021-05-06,98526.20829000001,51347.20829000001,47179.0
2021-05-07,97831.00829000001,51347.20829000001,46483.8
2021-05-10,97679.50829,51347.20829000001,46332.299999999996
2021-05-11,97835.50855,49711.90855,48123.59999999999
2021-05-12,98459.90855,49711.90855,48748.0
2021-05-13,98143.80855,49711.90855,48431.9
2021-05-14,99263.90855,49711.90855,49552.0
2021-05-17,99821.90855,49711.90855,50110.0
2021-05-18,99759.10855,49711.90855,50047.2
2021-05-19,99744.90855,49711.90855,50033.0
2021-05-20,99814.20855000001,49711.90855,50102.3
2021-05-21,99453.10855,49711.90855,49741.2
2021-05-24,99636.40855,49711.90855,49924.5
2021-05-25,100746.80854999999,49711.90855,51034.899999999994
2021-05-26,100722.60855,49711.90855,51010.700000000004
2021-05-27,101115.00855,49711.90855,51403.1
2021-05-28,100827.60855,49711.90855,51115.700000000004
2021-05-31,101538.60855,49711.90855,51826.7
2021-06-01,101770.00855,49711.90855,52058.09999999999
2021-06-02,101083.50855,49711.90855,51371.600000000006
2021-06-03,100764.90855,49711.90855,51053.0
2021-06-04,101135.10855,49711.90855,51423.200000000004
2021-06-07,101261.90855,49711.90855,51550.0
2021-06-08,100850.40855,49711.90855,51138.5
2021-06-09,100851.10855,49711.90855,51139.2
2021-06-10,101661.80855,49711.90855,51949.9
2021-06-11,100286.06014000002,636.9601400000047,99649.1
2021-06-15,99844.36014,636.9601400000047,99207.4
2021-06-16,97171.96014000002,636.9601400000047,96535.00000000001
2021-06-17,99816.16014000002,636.9601400000047,99179.20000000001
2021-06-18,101141.96014000001,636.9601400000047,100505.0
2021-06-21,102644.96014000001,636.9601400000047,102008.0
2021-06-22,103028.56014000002,636.9601400000047,102391.6
2021-06-23,104511.66014000002,636.9601400000047,103874.70000000001
2021-06-24,102929.56014,636.9601400000047,102292.59999999999
2021-06-25,103839.26014,636.9601400000047,103202.29999999999
2021-06-28,90540.46014000001,636.9601400000047,89903.5
2021-06-29,89683.96014000001,636.9601400000047,89047.0
2021-06-30,91849.06014,636.9601400000047,91212.09999999999
2021-07-01,90048.56014,636.9601400000047,89411.59999999999
2021-07-02,87781.36014,636.9601400000047,87144.4
2021-07-05,89492.76014000001,636.9601400000047,88855.8
2021-07-06,88480.26014,636.9601400000047,87843.29999999999
2021-07-07,90564.36014,636.9601400000047,89927.4
2021-07-08,92240.26014000001,636.9601400000047,91603.3
2021-07-09,91735.56014000002,636.9601400000047,91098.6
2021-07-12,93671.96014000001,636.9601400000047,93035.0
2021-07-13,92288.36014,636.9601400000047,91651.4
2021-07-14,91267.06014000002,636.9601400000047,90630.1
2021-07-15,91645.56014,636.9601400000047,91008.59999999999
2021-07-16,91476.06014000002,636.9601400000047,90839.1
2021-07-19,91545.86014,636.9601400000047,90908.9
2021-07-20,92663.16014,636.9601400000047,92026.2
2021-07-21,94953.76014,636.9601400000047,94316.79999999999
2021-07-22,95538.26014000003,636.9601400000047,94901.30000000002
2021-07-23,95356.16014000002,636.9601400000047,94719.20000000001
2021-07-26,94735.46014000001,636.9601400000047,94098.5
2021-07-27,93090.86014000002,636.9601400000047,92453.90000000001
2021-07-28,91189.26014000001,636.9601400000047,90552.3
2021-07-29,95898.36014000002,636.9601400000047,95261.40000000001
2021-07-30,96300.86014,636.9601400000047,95663.9
2021-08-02,97583.56014000002,636.9601400000047,96946.6
2021-08-03,94998.86014,636.9601400000047,94361.9
2021-08-04,97614.16014000002,636.9601400000047,96977.20000000001
2021-08-05,98189.06014000002,636.9601400000047,97552.1
2021-08-06,97823.76014000001,636.9601400000047,97186.8
2021-08-09,96853.86014,636.9601400000047,96216.9
2021-08-10,97824.46014000001,636.9601400000047,97187.5
2021-08-11,97815.21162000002,49403.51162000001,48411.700000000004
2021-08-12,97615.21162000002,49403.51162000001,48211.7
2021-08-13,97063.81162000002,49403.51162000001,47660.3
2021-08-16,96689.51162,49403.51162000001,47286.0
2021-08-17,95446.61162000001,49403.51162000001,46043.1
2021-08-18,95969.71162000002,49403.51162000001,46566.2
2021-08-19,96504.51162,49403.51162000001,47101.0
2021-08-20,96353.01162,49403.51162000001,46949.5
2021-08-23,97539.71162000002,49403.51162000001,48136.2
2021-08-24,97957.21162000002,49403.51162000001,48553.7
2021-08-25,97904.11162000001,49403.51162000001,48500.6
2021-08-26,97256.41162000001,49403.51162000001,47852.9
2021-08-27,97205.91162000001,49403.51162000001,47802.4
2021-08-30,97405.01162,49403.51162000001,48001.5
2021-08-31,97007.91162000001,49403.51162000001,47604.4
2021-09-01,96451.41162000001,49403.51162000001,47047.9
2021-09-02,96246.71162000002,49403.51162000001,46843.2
2021-09-03,95642.11162000001,49403.51162000001,46238.6
2021-09-06,96578.81162000001,49403.51162000001,47175.299999999996
2021-09-07,97161.11162000001,49403.51162000001,47757.600000000006
2021-09-08,97008.61162000001,49403.51162000001,47605.1
2021-09-09,97213.71162000002,49403.51162000001,47810.200000000004
2021-09-10,97615.41162000001,49403.51162000001,48211.9
2021-09-13,97557.55734000001,97557.55734000001,0.0
2021-09-14,97557.55734000001,97557.55734000001,0.0
2021-09-15,97557.55734000001,97557.55734000001,0.0
2021-09-16,97557.55734000001,97557.55734000001,0.0
2021-09-17,97557.55734000001,97557.55734000001,0.0
2021-09-22,97557.55734000001,97557.55734000001,0.0
2021-09-23,97557.55734000001,97557.55734000001,0.0
2021-09-24,97557.55734000001,97557.55734000001,0.0
2021-09-27,97557.55734000001,97557.55734000001,0.0
2021-09-28,97557.55734000001,97557.55734000001,0.0
2021-09-29,97557.55734000001,97557.55734000001,0.0
2021-09-30,97557.55734000001,97557.55734000001,0.0
2021-10-08,97557.55734000001,97557.55734000001,0.0
2021-10-11,97557.55734000001,97557.55734000001,0.0
2021-10-12,97557.55734000001,97557.55734000001,0.0
2021-10-13,97557.55734000001,97557.55734000001,0.0
2021-10-14,97557.55734000001,97557.55734000001,0.0
2021-10-15,97557.55734000001,97557.55734000001,0.0
2021-10-18,97557.55734000001,97557.55734000001,0.0
2021-10-19,97557.55734000001,97557.55734000001,0.0
2021-10-20,97557.55734000001,97557.55734000001,0.0
2021-10-21,97557.55734000001,97557.55734000001,0.0
2021-10-22,97557.55734000001,97557.55734000001,0.0
2021-10-25,97557.55734000001,97557.55734000001,0.0
2021-10-26,97557.55734000001,97557.55734000001,0.0
2021-10-27,97557.55734000001,97557.55734000001,0.0
2021-10-28,97557.55734000001,97557.55734000001,0.0
2021-10-29,97557.55734000001,97557.55734000001,0.0
2021-11-01,97557.55734000001,97557.55734000001,0.0
2021-11-02,97557.55734000001,97557.55734000001,0.0
2021-11-03,97557.55734000001,97557.55734000001,0.0
2021-11-04,97557.55734000001,97557.55734000001,0.0
2021-11-05,97557.55734000001,97557.55734000001,0.0
2021-11-08,97557.55734000001,97557.55734000001,0.0
2021-11-09,97557.55734000001,97557.55734000001,0.0
2021-11-10,97557.55734000001,97557.55734000001,0.0
2021-11-11,97557.55734000001,97557.55734000001,0.0
2021-11-12,97557.55734000001,97557.55734000001,0.0
2021-11-15,97557.55734000001,97557.55734000001,0.0
2021-11-16,97557.55734000001,97557.55734000001,0.0
2021-11-17,97557.55734000001,97557.55734000001,0.0
2021-11-18,97557.55734000001,97557.55734000001,0.0
2021-11-19,97557.55734000001,97557.55734000001,0.0
2021-11-22,97557.55734000001,97557.55734000001,0.0
2021-11-23,97557.55734000001,97557.55734000001,0.0
2021-11-24,97557.55734000001,97557.55734000001,0.0
2021-11-25,97557.55734000001,97557.55734000001,0.0
2021-11-26,97557.55734000001,97557.55734000001,0.0
2021-11-29,97557.55734000001,97557.55734000001,0.0
2021-11-30,97557.55734000001,97557.55734000001,0.0
2021-12-01,97557.55734000001,97557.55734000001,0.0
2021-12-02,97557.55734000001,97557.55734000001,0.0
2021-12-03,97557.55734000001,97557.55734000001,0.0
2021-12-06,97557.55734000001,97557.55734000001,0.0
2021-12-07,97557.55734000001,97557.55734000001,0.0
2021-12-08,97557.55734000001,97557.55734000001,0.0
2021-12-09,97557.55734000001,97557.55734000001,0.0
2021-12-10,97557.55734000001,97557.55734000001,0.0
2021-12-13,97541.60038000002,49270.900380000014,48270.7
2021-12-14,97436.50038000001,49270.900380000014,48165.6
2021-12-15,97189.90038,49270.900380000014,47919.0
2021-12-16,97387.40038,49270.900380000014,48116.5
2021-12-17,96542.10038000002,49270.900380000014,47271.200000000004
2021-12-20,95543.70038000002,49270.900380000014,46272.8
2021-12-21,95964.50038000001,49270.900380000014,46693.6
2021-12-22,96050.70038000002,49270.900380000014,46779.8
2021-12-23,96134.90038,49270.900380000014,46864.0
2021-12-24,95679.90038,49270.900380000014,46409.0
2021-12-27,95610.00038000001,49270.900380000014,46339.1
2021-12-28,96015.20038000002,49270.900380000014,46744.3
2021-12-29,95792.50038000001,49270.900380000014,46521.6
2021-12-30,96645.30038,49270.900380000014,47374.399999999994
2021-12-31,96739.90038,49270.900380000014,47469.0
2022-01-04,96204.40038,49270.900380000014,46933.5
2022-01-05,94741.90038,49270.900380000014,45471.0
2022-01-06,94390.20038000002,49270.900380000014,45119.3
2022-01-07,93938.80038000002,49270.900380000014,44667.9
2022-01-10,93798.70038000002,49270.900380000014,44527.8
2022-01-11,93745.26702000001,93745.26702000001,0.0
2022-01-12,93745.26702000001,93745.26702000001,0.0
2022-01-13,93745.26702000001,93745.26702000001,0.0
2022-01-14,93745.26702000001,93745.26702000001,0.0
2022-01-17,93745.26702000001,93745.26702000001,0.0
2022-01-18,93745.26702000001,93745.26702000001,0.0
2022-01-19,93745.26702000001,93745.26702000001,0.0
2022-01-20,93745.26702000001,93745.26702000001,0.0
2022-01-21,93745.26702000001,93745.26702000001,0.0
2022-01-24,93745.26702000001,93745.26702000001,0.0
2022-01-25,93745.26702000001,93745.26702000001,0.0
2022-01-26,93745.26702000001,93745.26702000001,0.0
2022-01-27,93745.26702000001,93745.26702000001,0.0
2022-01-28,93745.26702000001,93745.26702000001,0.0
2022-02-07,93745.26702000001,93745.26702000001,0.0
2022-02-08,93745.26702000001,93745.26702000001,0.0
2022-02-09,93745.26702000001,93745.26702000001,0.0
2022-02-10,93745.26702000001,93745.26702000001,0.0
2022-02-11,93745.26702000001,93745.26702000001,0.0
2022-02-14,93745.26702000001,93745.26702000001,0.0
2022-02-15,93745.26702000001,93745.26702000001,0.0
2022-02-16,93745.26702000001,93745.26702000001,0.0
2022-02-17,93745.26702000001,93745.26702000001,0.0
2022-02-18,93745.26702000001,93745.26702000001,0.0
2022-02-21,93745.26702000001,93745.26702000001,0.0
2022-02-22,93745.26702000001,93745.26702000001,0.0
2022-02-23,93745.26702000001,93745.26702000001,0.0
2022-02-24,93745.26702000001,93745.26702000001,0.0
2022-02-25,93745.26702000001,93745.26702000001,0.0
2022-02-28,93745.26702000001,93745.26702000001,0.0
2022-03-01,93745.26702000001,93745.26702000001,0.0
2022-03-02,93745.26702000001,93745.26702000001,0.0
2022-03-03,93745.26702000001,93745.26702000001,0.0
2022-03-04,93745.26702000001,93745.26702000001,0.0
2022-03-07,93745.26702000001,93745.26702000001,0.0
2022-03-08,93745.26702000001,93745.26702000001,0.0
2022-03-09,93745.26702000001,93745.26702000001,0.0
2022-03-10,93745.26702000001,93745.26702000001,0.0
2022-03-11,93745.26702000001,93745.26702000001,0.0
2022-03-14,93745.26702000001,93745.26702000001,0.0
2022-03-15,93745.26702000001,93745.26702000001,0.0
2022-03-16,93745.26702000001,93745.26702000001,0.0
2022-03-17,93745.26702000001,93745.26702000001,0.0
2022-03-18,93745.26702000001,93745.26702000001,0.0
2022-03-21,93745.26702000001,93745.26702000001,0.0
2022-03-22,93745.26702000001,93745.26702000001,0.0
2022-03-23,93745.26702000001,93745.26702000001,0.0
2022-03-24,93745.26702000001,93745.26702000001,0.0
2022-03-25,93745.26702000001,93745.26702000001,0.0
2022-03-28,93745.26702000001,93745.26702000001,0.0
2022-03-29,93745.26702000001,93745.26702000001,0.0
2022-03-30,93745.26702000001,93745.26702000001,0.0
2022-03-31,93745.26702000001,93745.26702000001,0.0
2022-04-01,93745.26702000001,93745.26702000001,0.0
2022-04-06,93745.26702000001,93745.26702000001,0.0
2022-04-07,93745.26702000001,93745.26702000001,0.0
2022-04-08,93745.26702000001,93745.26702000001,0.0
2022-04-11,93745.26702000001,93745.26702000001,0.0
2022-04-12,93745.26702000001,93745.26702000001,0.0
2022-04-13,93745.26702000001,93745.26702000001,0.0
2022-04-14,93745.26702000001,93745.26702000001,0.0
2022-04-15,93745.26702000001,93745.26702000001,0.0
2022-04-18,93745.26702000001,93745.26702000001,0.0
2022-04-19,93745.26702000001,93745.26702000001,0.0
2022-04-20,93745.26702000001,93745.26702000001,0.0
2022-04-21,93745.26702000001,93745.26702000001,0.0
2022-04-22,93745.26702000001,93745.26702000001,0.0
2022-04-25,93745.26702000001,93745.26702000001,0.0
2022-04-26,93745.26702000001,93745.26702000001,0.0
2022-04-27,93745.26702000001,93745.26702000001,0.0
2022-04-28,93745.26702000001,93745.26702000001,0.0
2022-04-29,93745.26702000001,93745.26702000001,0.0
2022-05-05,93745.26702000001,93745.26702000001,0.0
2022-05-06,93745.26702000001,93745.26702000001,0.0
2022-05-09,93745.26702000001,93745.26702000001,0.0
2022-05-10,93745.26702000001,93745.26702000001,0.0
2022-05-11,93745.26702000001,93745.26702000001,0.0
2022-05-12,93745.26702000001,93745.26702000001,0.0
2022-05-13,93745.26702000001,93745.26702000001,0.0
2022-05-16,93745.26702000001,93745.26702000001,0.0
2022-05-17,93745.26702000001,93745.26702000001,0.0
2022-05-18,93745.26702000001,93745.26702000001,0.0
2022-05-19,93745.26702000001,93745.26702000001,0.0
2022-05-20,93745.26702000001,93745.26702000001,0.0
2022-05-23,93745.26702000001,93745.26702000001,0.0
2022-05-24,93745.26702000001,93745.26702000001,0.0
2022-05-25,93745.26702000001,93745.26702000001,0.0
2022-05-26,93745.26702000001,93745.26702000001,0.0
2022-05-27,93745.26702000001,93745.26702000001,0.0
2022-05-30,93745.26702000001,93745.26702000001,0.0
2022-05-31,93745.26702000001,93745.26702000001,0.0
2022-06-01,93745.26702000001,93745.26702000001,0.0
2022-06-02,93745.26702000001,93745.26702000001,0.0
2022-06-06,93745.26702000001,93745.26702000001,0.0
2022-06-07,93745.26702000001,93745.26702000001,0.0
2022-06-08,93745.26702000001,93745.26702000001,0.0
2022-06-09,93745.26702000001,93745.26702000001,0.0
2022-06-10,93745.26702000001,93745.26702000001,0.0
2022-06-13,93745.26702000001,93745.26702000001,0.0
2022-06-14,93745.26702000001,93745.26702000001,0.0
2022-06-15,93745.26702000001,93745.26702000001,0.0
2022-06-16,93745.26702000001,93745.26702000001,0.0
2022-06-17,93745.26702000001,93745.26702000001,0.0
2022-06-20,93745.26702000001,93745.26702000001,0.0
2022-06-21,93745.26702000001,93745.26702000001,0.0
2022-06-22,93745.26702000001,93745.26702000001,0.0
2022-06-23,93745.26702000001,93745.26702000001,0.0
2022-06-24,93745.26702000001,93745.26702000001,0.0
2022-06-27,93745.26702000001,93745.26702000001,0.0
2022-06-28,93745.26702000001,93745.26702000001,0.0
2022-06-29,93745.26702000001,93745.26702000001,0.0
2022-06-30,93745.26702000001,93745.26702000001,0.0
2022-07-01,93745.26702000001,93745.26702000001,0.0
2022-07-04,93745.26702000001,93745.26702000001,0.0
2022-07-05,93745.26702000001,93745.26702000001,0.0
2022-07-06,93745.26702000001,93745.26702000001,0.0
2022-07-07,93745.26702000001,93745.26702000001,0.0
2022-07-08,93745.26702000001,93745.26702000001,0.0
2022-07-11,93745.26702000001,93745.26702000001,0.0
2022-07-12,93745.26702000001,93745.26702000001,0.0
2022-07-13,93745.26702000001,93745.26702000001,0.0
2022-07-14,93745.26702000001,93745.26702000001,0.0
2022-07-15,93745.26702000001,93745.26702000001,0.0
2022-07-18,93745.26702000001,93745.26702000001,0.0
2022-07-19,93745.26702000001,93745.26702000001,0.0
2022-07-20,93745.26702000001,93745.26702000001,0.0
2022-07-21,93745.26702000001,93745.26702000001,0.0
2022-07-22,93745.26702000001,93745.26702000001,0.0
2022-07-25,93745.26702000001,93745.26702000001,0.0
2022-07-26,93745.26702000001,93745.26702000001,0.0
2022-07-27,93745.26702000001,93745.26702000001,0.0
2022-07-28,93745.26702000001,93745.26702000001,0.0
2022-07-29,93745.26702000001,93745.26702000001,0.0
2022-08-01,93745.26702000001,93745.26702000001,0.0
2022-08-02,93745.26702000001,93745.26702000001,0.0
2022-08-03,93745.26702000001,93745.26702000001,0.0
2022-08-04,93745.26702000001,93745.26702000001,0.0
2022-08-05,93745.26702000001,93745.26702000001,0.0
2022-08-08,93745.26702000001,93745.26702000001,0.0
2022-08-09,93745.26702000001,93745.26702000001,0.0
2022-08-10,93745.26702000001,93745.26702000001,0.0
2022-08-11,93745.26702000001,93745.26702000001,0.0
2022-08-12,93745.26702000001,93745.26702000001,0.0
2022-08-15,93745.26702000001,93745.26702000001,0.0
2022-08-16,93745.26702000001,93745.26702000001,0.0
2022-08-17,93745.26702000001,93745.26702000001,0.0
2022-08-18,93745.26702000001,93745.26702000001,0.0
2022-08-19,93745.26702000001,93745.26702000001,0.0
2022-08-22,93745.26702000001,93745.26702000001,0.0
2022-08-23,93745.26702000001,93745.26702000001,0.0
2022-08-24,93745.26702000001,93745.26702000001,0.0
2022-08-25,93745.26702000001,93745.26702000001,0.0
2022-08-26,93745.26702000001,93745.26702000001,0.0
2022-08-29,93745.26702000001,93745.26702000001,0.0
2022-08-30,93745.26702000001,93745.26702000001,0.0
2022-08-31,93745.26702000001,93745.26702000001,0.0
2022-09-01,93745.26702000001,93745.26702000001,0.0
2022-09-02,93745.26702000001,93745.26702000001,0.0
2022-09-05,93745.26702000001,93745.26702000001,0.0
2022-09-06,93745.26702000001,93745.26702000001,0.0
2022-09-07,93745.26702000001,93745.26702000001,0.0
2022-09-08,93745.26702000001,93745.26702000001,0.0
2022-09-09,93745.26702000001,93745.26702000001,0.0
2022-09-13,93745.26702000001,93745.26702000001,0.0
2022-09-14,93745.26702000001,93745.26702000001,0.0
2022-09-15,93745.26702000001,93745.26702000001,0.0
2022-09-16,93745.26702000001,93745.26702000001,0.0
2022-09-19,93745.26702000001,93745.26702000001,0.0
2022-09-20,93745.26702000001,93745.26702000001,0.0
2022-09-21,93745.26702000001,93745.26702000001,0.0
2022-09-22,93745.26702000001,93745.26702000001,0.0
2022-09-23,93745.26702000001,93745.26702000001,0.0
2022-09-26,93745.26702000001,93745.26702000001,0.0
2022-09-27,93745.26702000001,93745.26702000001,0.0
2022-09-28,93745.26702000001,93745.26702000001,0.0
2022-09-29,93745.26702000001,93745.26702000001,0.0
2022-09-30,93745.26702000001,93745.26702000001,0.0
2022-10-10,93745.26702000001,93745.26702000001,0.0
2022-10-11,93745.26702000001,93745.26702000001,0.0
2022-10-12,93745.26702000001,93745.26702000001,0.0
2022-10-13,93745.26702000001,93745.26702000001,0.0
2022-10-14,93745.26702000001,93745.26702000001,0.0
2022-10-17,93745.26702000001,93745.26702000001,0.0
2022-10-18,93745.26702000001,93745.26702000001,0.0
2022-10-19,93745.26702000001,93745.26702000001,0.0
2022-10-20,93745.26702000001,93745.26702000001,0.0
2022-10-21,93745.26702000001,93745.26702000001,0.0
2022-10-24,93745.26702000001,93745.26702000001,0.0
2022-10-25,93745.26702000001,93745.26702000001,0.0
2022-10-26,93745.26702000001,93745.26702000001,0.0
2022-10-27,93745.26702000001,93745.26702000001,0.0
2022-10-28,93745.26702000001,93745.26702000001,0.0
2022-10-31,93745.26702000001,93745.26702000001,0.0
2022-11-01,93745.26702000001,93745.26702000001,0.0
2022-11-02,93745.26702000001,93745.26702000001,0.0
2022-11-03,93745.26702000001,93745.26702000001,0.0
2022-11-04,93745.26702000001,93745.26702000001,0.0
2022-11-07,93745.26702000001,93745.26702000001,0.0
2022-11-08,93745.26702000001,93745.26702000001,0.0
2022-11-09,93745.26702000001,93745.26702000001,0.0
2022-11-10,93745.26702000001,93745.26702000001,0.0
2022-11-11,93745.26702000001,93745.26702000001,0.0
2022-11-14,93745.26702000001,93745.26702000001,0.0
2022-11-15,93745.26702000001,93745.26702000001,0.0
2022-11-16,93745.26702000001,93745.26702000001,0.0
2022-11-17,93745.26702000001,93745.26702000001,0.0
2022-11-18,93745.26702000001,93745.26702000001,0.0
2022-11-21,93745.26702000001,93745.26702000001,0.0
2022-11-22,93745.26702000001,93745.26702000001,0.0
2022-11-23,93745.26702000001,93745.26702000001,0.0
2022-11-24,93745.26702000001,93745.26702000001,0.0
2022-11-25,93745.26702000001,93745.26702000001,0.0
2022-11-28,93745.26702000001,93745.26702000001,0.0
2022-11-29,93745.26702000001,93745.26702000001,0.0
2022-11-30,93745.26702000001,93745.26702000001,0.0
2022-12-01,93745.26702000001,93745.26702000001,0.0
2022-12-02,93745.26702000001,93745.26702000001,0.0
2022-12-05,93745.26702000001,93745.26702000001,0.0
2022-12-06,93745.26702000001,93745.26702000001,0.0
2022-12-07,93745.26702000001,93745.26702000001,0.0
2022-12-08,93745.26702000001,93745.26702000001,0.0
2022-12-09,93745.26702000001,93745.26702000001,0.0
2022-12-12,93745.26702000001,93745.26702000001,0.0
2022-12-13,93745.26702000001,93745.26702000001,0.0
2022-12-14,93745.26702000001,93745.26702000001,0.0
2022-12-15,93745.26702000001,93745.26702000001,0.0
2022-12-16,93745.26702000001,93745.26702000001,0.0
2022-12-19,93745.26702000001,93745.26702000001,0.0
2022-12-20,93745.26702000001,93745.26702000001,0.0
2022-12-21,93745.26702000001,93745.26702000001,0.0
2022-12-22,93745.26702000001,93745.26702000001,0.0
2022-12-23,93745.26702000001,93745.26702000001,0.0
2022-12-26,93745.26702000001,93745.26702000001,0.0
2022-12-27,93745.26702000001,93745.26702000001,0.0
2022-12-28,93745.26702000001,93745.26702000001,0.0
2022-12-29,93745.26702000001,93745.26702000001,0.0
2022-12-30,93745.26702000001,93745.26702000001,0.0
2023-01-03,93745.26702000001,93745.26702000001,0.0
2023-01-04,93745.26702000001,93745.26702000001,0.0
2023-01-05,93745.26702000001,93745.26702000001,0.0
2023-01-06,93745.26702000001,93745.26702000001,0.0
2023-01-09,93745.26702000001,93745.26702000001,0.0
2023-01-10,93745.26702000001,93745.26702000001,0.0
2023-01-11,93745.26702000001,93745.26702000001,0.0
2023-01-12,93745.26702000001,93745.26702000001,0.0
2023-01-13,93745.26702000001,93745.26702000001,0.0
2023-01-16,93745.26702000001,93745.26702000001,0.0
2023-01-17,93745.26702000001,93745.26702000001,0.0
2023-01-18,93745.26702000001,93745.26702000001,0.0
2023-01-19,93745.26702000001,93745.26702000001,0.0
2023-01-20,93745.26702000001,93745.26702000001,0.0
2023-01-30,93745.26702000001,93745.26702000001,0.0
2023-01-31,93745.26702000001,93745.26702000001,0.0
2023-02-01,93745.26702000001,93745.26702000001,0.0
2023-02-02,93745.26702000001,93745.26702000001,0.0
2023-02-03,93745.26702000001,93745.26702000001,0.0
2023-02-06,93745.26702000001,93745.26702000001,0.0
2023-02-07,93745.26702000001,93745.26702000001,0.0
2023-02-08,93745.26702000001,93745.26702000001,0.0
2023-02-09,93745.26702000001,93745.26702000001,0.0
2023-02-10,93745.26702000001,93745.26702000001,0.0
2023-02-13,93745.26702000001,93745.26702000001,0.0
2023-02-14,93745.26702000001,93745.26702000001,0.0
2023-02-15,93745.26702000001,93745.26702000001,0.0
2023-02-16,93745.26702000001,93745.26702000001,0.0
2023-02-17,93745.26702000001,93745.26702000001,0.0
2023-02-20,93745.26702000001,93745.26702000001,0.0
2023-02-21,93745.26702000001,93745.26702000001,0.0
2023-02-22,93745.26702000001,93745.26702000001,0.0
2023-02-23,93745.26702000001,93745.26702000001,0.0
2023-02-24,93745.26702000001,93745.26702000001,0.0
2023-02-27,93745.26702000001,93745.26702000001,0.0
2023-02-28,93745.26702000001,93745.26702000001,0.0
2023-03-01,93745.26702000001,93745.26702000001,0.0
2023-03-02,93745.26702000001,93745.26702000001,0.0
2023-03-03,93745.26702000001,93745.26702000001,0.0
2023-03-06,93745.26702000001,93745.26702000001,0.0
2023-03-07,93745.26702000001,93745.26702000001,0.0
2023-03-08,93745.26702000001,93745.26702000001,0.0
2023-03-09,93745.26702000001,93745.26702000001,0.0
2023-03-10,93745.26702000001,93745.26702000001,0.0
2023-03-13,93745.26702000001,93745.26702000001,0.0
2023-03-14,93745.26702000001,93745.26702000001,0.0
2023-03-15,93745.26702000001,93745.26702000001,0.0
2023-03-16,93745.26702000001,93745.26702000001,0.0
2023-03-17,93745.26702000001,93745.26702000001,0.0
2023-03-20,93745.26702000001,93745.26702000001,0.0
2023-03-21,93745.26702000001,93745.26702000001,0.0
2023-03-22,93745.26702000001,93745.26702000001,0.0
2023-03-23,93745.26702000001,93745.26702000001,0.0
2023-03-24,93745.26702000001,93745.26702000001,0.0
2023-03-27,93745.26702000001,93745.26702000001,0.0
2023-03-28,93745.26702000001,93745.26702000001,0.0
2023-03-29,93745.26702000001,93745.26702000001,0.0
2023-03-30,93745.26702000001,93745.26702000001,0.0
2023-03-31,93745.26702000001,93745.26702000001,0.0
2023-04-03,93745.26702000001,93745.26702000001,0.0
2023-04-04,93745.26702000001,93745.26702000001,0.0
2023-04-06,93745.26702000001,93745.26702000001,0.0
2023-04-07,93745.26702000001,93745.26702000001,0.0
2023-04-10,93745.26702000001,93745.26702000001,0.0
2023-04-11,93738.52674,47840.02674,45898.5
2023-04-12,93980.52674,47840.02674,46140.5
2023-04-13,93341.82673999999,47840.02674,45501.799999999996
2023-04-14,93941.42674,47840.02674,46101.399999999994
2023-04-17,94287.62674,47840.02674,46447.600000000006
2023-04-18,93979.02674,47840.02674,46139.0
2023-04-19,93711.52674,47840.02674,45871.49999999999
2023-04-20,93978.92674,47840.02674,46138.9
2023-04-21,92472.22674,47840.02674,44632.2
2023-04-24,91823.82674,47840.02674,43983.8
2023-04-25,91329.22674000001,47840.02674,43489.200000000004
2023-04-26,91114.82674,47840.02674,43274.8
2023-04-27,91325.02674,47840.02674,43485.0
2023-04-28,92010.42674,47840.02674,44170.4
2023-05-04,91842.42674,47840.02674,44002.4
2023-05-05,91683.72674000001,47840.02674,43843.700000000004
2023-05-08,92095.82674,47840.02674,44255.8
2023-05-09,91766.32674,47840.02674,43926.3
2023-05-10,91316.42674,47840.02674,43476.399999999994
2023-05-11,91264.25506,91264.25506,0.0
2023-05-12,91264.25506,91264.25506,0.0
2023-05-15,91264.25506,91264.25506,0.0
2023-05-16,91264.25506,91264.25506,0.0
2023-05-17,91264.25506,91264.25506,0.0
2023-05-18,91264.25506,91264.25506,0.0
2023-05-19,91264.25506,91264.25506,0.0
2023-05-22,91264.25506,91264.25506,0.0
2023-05-23,91264.25506,91264.25506,0.0
2023-05-24,91264.25506,91264.25506,0.0
2023-05-25,91264.25506,91264.25506,0.0
2023-05-26,91264.25506,91264.25506,0.0
2023-05-29,91264.25506,91264.25506,0.0
2023-05-30,91264.25506,91264.25506,0.0
2023-05-31,91264.25506,91264.25506,0.0
2023-06-01,91264.25506,91264.25506,0.0
2023-06-02,91264.25506,91264.25506,0.0
2023-06-05,91264.25506,91264.25506,0.0
2023-06-06,91264.25506,91264.25506,0.0
2023-06-07,91264.25506,91264.25506,0.0
2023-06-08,91264.25506,91264.25506,0.0
2023-06-09,91264.25506,91264.25506,0.0
2023-06-12,91264.25506,91264.25506,0.0
2023-06-13,91264.25506,91264.25506,0.0
2023-06-14,91264.25506,91264.25506,0.0
2023-06-15,91264.25506,91264.25506,0.0
2023-06-16,91264.25506,91264.25506,0.0
2023-06-19,91264.25506,91264.25506,0.0
2023-06-20,91264.25506,91264.25506,0.0
2023-06-21,91264.25506,91264.25506,0.0
2023-06-26,91264.25506,91264.25506,0.0
2023-06-27,91264.25506,91264.25506,0.0
2023-06-28,91264.25506,91264.25506,0.0
2023-06-29,91264.25506,91264.25506,0.0
2023-06-30,91264.25506,91264.25506,0.0
2023-07-03,91264.25506,91264.25506,0.0
2023-07-04,91264.25506,91264.25506,0.0
2023-07-05,91264.25506,91264.25506,0.0
2023-07-06,91264.25506,91264.25506,0.0
2023-07-07,91264.25506,91264.25506,0.0
2023-07-10,91264.25506,91264.25506,0.0
2023-07-11,91264.25506,91264.25506,0.0
2023-07-12,91264.25506,91264.25506,0.0
2023-07-13,91264.25506,91264.25506,0.0
2023-07-14,91264.25506,91264.25506,0.0
2023-07-17,91264.25506,91264.25506,0.0
2023-07-18,91264.25506,91264.25506,0.0
2023-07-19,91264.25506,91264.25506,0.0
2023-07-20,91264.25506,91264.25506,0.0
2023-07-21,91264.25506,91264.25506,0.0
2023-07-24,91264.25506,91264.25506,0.0
2023-07-25,91264.25506,91264.25506,0.0
2023-07-26,91264.25506,91264.25506,0.0
2023-07-27,91264.25506,91264.25506,0.0
2023-07-28,91264.25506,91264.25506,0.0
2023-07-31,91264.25506,91264.25506,0.0
2023-08-01,91264.25506,91264.25506,0.0
2023-08-02,91264.25506,91264.25506,0.0
2023-08-03,91264.25506,91264.25506,0.0
2023-08-04,91264.25506,91264.25506,0.0
2023-08-07,91264.25506,91264.25506,0.0
2023-08-08,91264.25506,91264.25506,0.0
2023-08-09,91264.25506,91264.25506,0.0
2023-08-10,91264.25506,91264.25506,0.0
2023-08-11,90004.54037999999,46656.44038,43348.1
2023-08-14,89699.34038000001,46656.44038,43042.9
2023-08-15,89596.44038,46656.44038,42940.0
2023-08-16,89334.24038,46656.44038,42677.799999999996
2023-08-17,89483.64038,46656.44038,42827.200000000004
2023-08-18,88886.34038,46656.44038,42229.899999999994
2023-08-21,88069.14038,46656.44038,41412.700000000004
2023-08-22,88223.44038,46656.44038,41567.0
2023-08-23,87282.74038,46656.44038,40626.3
2023-08-24,87687.84038000001,46656.44038,41031.4
2023-08-25,87490.94038,46656.44038,40834.5
2023-08-28,88036.64038,46656.44038,41380.2
2023-08-29,88593.94037999999,46656.44038,41937.49999999999
2023-08-30,88334.84038000001,46656.44038,41678.4
2023-08-31,87940.04037999999,46656.44038,41283.6
2023-09-01,87984.54038,46656.44038,41328.100000000006
2023-09-04,88447.14038,46656.44038,41790.700000000004
2023-09-05,88232.14038,46656.44038,41575.7
2023-09-06,88075.14038,46656.44038,41418.7
2023-09-07,87411.74038,46656.44038,40755.3
2023-09-08,87267.64038,46656.44038,40611.200000000004
2023-09-11,87665.94038,46656.44038,41009.5
2023-09-12,87522.64038,46656.44038,40866.2
2023-09-13,87088.24038,46656.44038,40431.8
2023-09-14,86976.64038,46656.44038,40320.2
2023-09-15,86808.24038,46656.44038,40151.799999999996
2023-09-18,86979.04037999999,46656.44038,40322.6
2023-09-19,86780.44038,46656.44038,40124.0
2023-09-20,86499.44038,46656.44038,39843.0
2023-09-21,86136.54037999999,46656.44038,39480.1
2023-09-22,87002.24038,46656.44038,40345.8
2023-09-25,86615.94038,46656.44038,39959.5
2023-09-26,86413.64038,46656.44038,39757.2
2023-09-27,86711.84038,46656.44038,40055.399999999994
2023-09-28,86629.54037999999,46656.44038,39973.1
2023-10-09,86363.14038,46656.44038,39706.7
2023-10-10,86149.44038,46656.44038,39493.0
2023-10-11,86102.04878000001,86102.04878000001,0.0
2023-10-12,86102.04878000001,86102.04878000001,0.0
2023-10-13,86102.04878000001,86102.04878000001,0.0
2023-10-16,86102.04878000001,86102.04878000001,0.0
2023-10-17,86102.04878000001,86102.04878000001,0.0
2023-10-18,86102.04878000001,86102.04878000001,0.0
2023-10-19,86102.04878000001,86102.04878000001,0.0
2023-10-20,86102.04878000001,86102.04878000001,0.0
2023-10-23,86102.04878000001,86102.04878000001,0.0
2023-10-24,86102.04878000001,86102.04878000001,0.0
2023-10-25,86102.04878000001,86102.04878000001,0.0
2023-10-26,86102.04878000001,86102.04878000001,0.0
2023-10-27,86102.04878000001,86102.04878000001,0.0
2023-10-30,86102.04878000001,86102.04878000001,0.0
2023-10-31,86102.04878000001,86102.04878000001,0.0
2023-11-01,86102.04878000001,86102.04878000001,0.0
2023-11-02,86102.04878000001,86102.04878000001,0.0
2023-11-03,86102.04878000001,86102.04878000001,0.0
2023-11-06,86102.04878000001,86102.04878000001,0.0
2023-11-07,86102.04878000001,86102.04878000001,0.0
2023-11-08,86102.04878000001,86102.04878000001,0.0
2023-11-09,86102.04878000001,86102.04878000001,0.0
2023-11-10,86102.04878000001,86102.04878000001,0.0
2023-11-13,86102.04878000001,86102.04878000001,0.0
2023-11-14,86102.04878000001,86102.04878000001,0.0
2023-11-15,86102.04878000001,86102.04878000001,0.0
2023-11-16,86102.04878000001,86102.04878000001,0.0
2023-11-17,86102.04878000001,86102.04878000001,0.0
2023-11-20,86102.04878000001,86102.04878000001,0.0
2023-11-21,86102.04878000001,86102.04878000001,0.0
2023-11-22,86102.04878000001,86102.04878000001,0.0
2023-11-23,86102.04878000001,86102.04878000001,0.0
2023-11-24,86102.04878000001,86102.04878000001,0.0
2023-11-27,86102.04878000001,86102.04878000001,0.0
2023-11-28,86102.04878000001,86102.04878000001,0.0
2023-11-29,86102.04878000001,86102.04878000001,0.0
2023-11-30,86102.04878000001,86102.04878000001,0.0
2023-12-01,86102.04878000001,86102.04878000001,0.0
2023-12-04,86102.04878000001,86102.04878000001,0.0
2023-12-05,86102.04878000001,86102.04878000001,0.0
2023-12-06,86102.04878000001,86102.04878000001,0.0
2023-12-07,86102.04878000001,86102.04878000001,0.0
2023-12-08,86102.04878000001,86102.04878000001,0.0
2023-12-11,86102.04878000001,86102.04878000001,0.0
2023-12-12,86102.04878000001,86102.04878000001,0.0
2023-12-13,86102.04878000001,86102.04878000001,0.0
2023-12-14,86102.04878000001,86102.04878000001,0.0
2023-12-15,86102.04878000001,86102.04878000001,0.0
2023-12-18,86102.04878000001,86102.04878000001,0.0
2023-12-19,86102.04878000001,86102.04878000001,0.0
2023-12-20,86102.04878000001,86102.04878000001,0.0
2023-12-21,86102.04878000001,86102.04878000001,0.0
2023-12-22,86102.04878000001,86102.04878000001,0.0
2023-12-25,86102.04878000001,86102.04878000001,0.0
2023-12-26,86102.04878000001,86102.04878000001,0.0
2023-12-27,86102.04878000001,86102.04878000001,0.0
2023-12-28,86102.04878000001,86102.04878000001,0.0
2023-12-29,86102.04878000001,86102.04878000001,0.0
2024-01-02,86102.04878000001,86102.04878000001,0.0
2024-01-03,86102.04878000001,86102.04878000001,0.0
2024-01-04,86102.04878000001,86102.04878000001,0.0
2024-01-05,86102.04878000001,86102.04878000001,0.0
2024-01-08,86102.04878000001,86102.04878000001,0.0
2024-01-09,86102.04878000001,86102.04878000001,0.0
2024-01-10,86102.04878000001,86102.04878000001,0.0
2024-01-11,86102.04878000001,86102.04878000001,0.0
2024-01-12,86102.04878000001,86102.04878000001,0.0
2024-01-15,86102.04878000001,86102.04878000001,0.0
2024-01-16,86102.04878000001,86102.04878000001,0.0
2024-01-17,86102.04878000001,86102.04878000001,0.0
2024-01-18,86102.04878000001,86102.04878000001,0.0
2024-01-19,86102.04878000001,86102.04878000001,0.0
2024-01-22,86102.04878000001,86102.04878000001,0.0
2024-01-23,86102.04878000001,86102.04878000001,0.0
2024-01-24,86102.04878000001,86102.04878000001,0.0
2024-01-25,86102.04878000001,86102.04878000001,0.0
2024-01-26,86102.04878000001,86102.04878000001,0.0
2024-01-29,86102.04878000001,86102.04878000001,0.0
2024-01-30,86102.04878000001,86102.04878000001,0.0
2024-01-31,86102.04878000001,86102.04878000001,0.0
2024-02-01,86102.04878000001,86102.04878000001,0.0
2024-02-02,86102.04878000001,86102.04878000001,0.0
2024-02-05,86102.04878000001,86102.04878000001,0.0
2024-02-06,86102.04878000001,86102.04878000001,0.0
2024-02-07,86102.04878000001,86102.04878000001,0.0
2024-02-08,86102.04878000001,86102.04878000001,0.0
2024-02-19,86102.04878000001,86102.04878000001,0.0
2024-02-20,86102.04878000001,86102.04878000001,0.0
2024-02-21,86102.04878000001,86102.04878000001,0.0
2024-02-22,86102.04878000001,86102.04878000001,0.0
2024-02-23,86102.04878000001,86102.04878000001,0.0
2024-02-26,86102.04878000001,86102.04878000001,0.0
2024-02-27,86102.04878000001,86102.04878000001,0.0
2024-02-28,86102.04878000001,86102.04878000001,0.0
2024-02-29,86102.04878000001,86102.04878000001,0.0
2024-03-01,86102.04878000001,86102.04878000001,0.0
2024-03-04,86102.04878000001,86102.04878000001,0.0
2024-03-05,86102.04878000001,86102.04878000001,0.0
2024-03-06,86102.04878000001,86102.04878000001,0.0
2024-03-07,86102.04878000001,86102.04878000001,0.0
2024-03-08,86102.04878000001,86102.04878000001,0.0
2024-03-11,86102.04878000001,86102.04878000001,0.0
2024-03-12,86102.04878000001,86102.04878000001,0.0
2024-03-13,86102.04878000001,86102.04878000001,0.0
2024-03-14,86102.04878000001,86102.04878000001,0.0
2024-03-15,86102.04878000001,86102.04878000001,0.0
2024-03-18,86102.04878000001,86102.04878000001,0.0
2024-03-19,86102.04878000001,86102.04878000001,0.0
2024-03-20,86102.04878000001,86102.04878000001,0.0
2024-03-21,86102.04878000001,86102.04878000001,0.0
2024-03-22,86102.04878000001,86102.04878000001,0.0
2024-03-25,86102.04878000001,86102.04878000001,0.0
2024-03-26,86102.04878000001,86102.04878000001,0.0
2024-03-27,86102.04878000001,86102.04878000001,0.0
2024-03-28,86102.04878000001,86102.04878000001,0.0
2024-03-29,86102.04878000001,86102.04878000001,0.0
2024-04-01,86102.04878000001,86102.04878000001,0.0
2024-04-02,86102.04878000001,86102.04878000001,0.0
2024-04-03,86102.04878000001,86102.04878000001,0.0
2024-04-08,86102.04878000001,86102.04878000001,0.0
2024-04-09,86102.04878000001,86102.04878000001,0.0
2024-04-10,86102.04878000001,86102.04878000001,0.0
2024-04-11,86102.04878000001,86102.04878000001,0.0
2024-04-12,86102.04878000001,86102.04878000001,0.0
2024-04-15,86102.04878000001,86102.04878000001,0.0
2024-04-16,86102.04878000001,86102.04878000001,0.0
2024-04-17,86102.04878000001,86102.04878000001,0.0
2024-04-18,86102.04878000001,86102.04878000001,0.0
2024-04-19,86102.04878000001,86102.04878000001,0.0
2024-04-22,86102.04878000001,86102.04878000001,0.0
2024-04-23,86102.04878000001,86102.04878000001,0.0
2024-04-24,86102.04878000001,86102.04878000001,0.0
2024-04-25,86102.04878000001,86102.04878000001,0.0
2024-04-26,86102.04878000001,86102.04878000001,0.0
2024-04-29,86102.04878000001,86102.04878000001,0.0
2024-04-30,86102.04878000001,86102.04878000001,0.0
2024-05-06,86102.04878000001,86102.04878000001,0.0
2024-05-07,86102.04878000001,86102.04878000001,0.0
2024-05-08,86102.04878000001,86102.04878000001,0.0
2024-05-09,86102.04878000001,86102.04878000001,0.0
2024-05-10,86102.04878000001,86102.04878000001,0.0
2024-05-13,86102.04878000001,86102.04878000001,0.0
2024-05-14,86102.04878000001,86102.04878000001,0.0
2024-05-15,86102.04878000001,86102.04878000001,0.0
2024-05-16,86102.04878000001,86102.04878000001,0.0
2024-05-17,86102.04878000001,86102.04878000001,0.0
2024-05-20,86102.04878000001,86102.04878000001,0.0
2024-05-21,86102.04878000001,86102.04878000001,0.0
2024-05-22,86102.04878000001,86102.04878000001,0.0
2024-05-23,86102.04878000001,86102.04878000001,0.0
2024-05-24,86102.04878000001,86102.04878000001,0.0
2024-05-27,86102.04878000001,86102.04878000001,0.0
2024-05-28,86102.04878000001,86102.04878000001,0.0
2024-05-29,86102.04878000001,86102.04878000001,0.0
2024-05-30,86102.04878000001,86102.04878000001,0.0
2024-05-31,86102.04878000001,86102.04878000001,0.0
2024-06-03,86102.04878000001,86102.04878000001,0.0
2024-06-04,86102.04878000001,86102.04878000001,0.0
2024-06-05,86102.04878000001,86102.04878000001,0.0
2024-06-06,86102.04878000001,86102.04878000001,0.0
2024-06-07,86102.04878000001,86102.04878000001,0.0
2024-06-11,86102.04878000001,86102.04878000001,0.0
2024-06-12,86102.04878000001,86102.04878000001,0.0
2024-06-13,86102.04878000001,86102.04878000001,0.0
2024-06-14,86102.04878000001,86102.04878000001,0.0
2024-06-17,86102.04878000001,86102.04878000001,0.0
2024-06-18,86102.04878000001,86102.04878000001,0.0
2024-06-19,86102.04878000001,86102.04878000001,0.0
2024-06-20,86102.04878000001,86102.04878000001,0.0
2024-06-21,86102.04878000001,86102.04878000001,0.0
2024-06-24,86102.04878000001,86102.04878000001,0.0
2024-06-25,86102.04878000001,86102.04878000001,0.0
2024-06-26,86102.04878000001,86102.04878000001,0.0
2024-06-27,86102.04878000001,86102.04878000001,0.0
2024-06-28,86102.04878000001,86102.04878000001,0.0
2024-07-01,86102.04878000001,86102.04878000001,0.0
2024-07-02,86102.04878000001,86102.04878000001,0.0
2024-07-03,86102.04878000001,86102.04878000001,0.0
2024-07-04,86102.04878000001,86102.04878000001,0.0
2024-07-05,86102.04878000001,86102.04878000001,0.0
2024-07-08,86102.04878000001,86102.04878000001,0.0
2024-07-09,86102.04878000001,86102.04878000001,0.0
2024-07-10,86102.04878000001,86102.04878000001,0.0
2024-07-11,86102.04878000001,86102.04878000001,0.0
2024-07-12,86102.04878000001,86102.04878000001,0.0
2024-07-15,86102.04878000001,86102.04878000001,0.0
2024-07-16,86102.04878000001,86102.04878000001,0.0
2024-07-17,86102.04878000001,86102.04878000001,0.0
2024-07-18,86102.04878000001,86102.04878000001,0.0
2024-07-19,86102.04878000001,86102.04878000001,0.0
2024-07-22,86102.04878000001,86102.04878000001,0.0
2024-07-23,86102.04878000001,86102.04878000001,0.0
2024-07-24,86102.04878000001,86102.04878000001,0.0
2024-07-25,86102.04878000001,86102.04878000001,0.0
2024-07-26,86102.04878000001,86102.04878000001,0.0
2024-07-29,86102.04878000001,86102.04878000001,0.0
2024-07-30,86102.04878000001,86102.04878000001,0.0
2024-07-31,86102.04878000001,86102.04878000001,0.0
2024-08-01,86102.04878000001,86102.04878000001,0.0
2024-08-02,86102.04878000001,86102.04878000001,0.0
2024-08-05,86102.04878000001,86102.04878000001,0.0
2024-08-06,86102.04878000001,86102.04878000001,0.0
2024-08-07,86102.04878000001,86102.04878000001,0.0
2024-08-08,86102.04878000001,86102.04878000001,0.0
2024-08-09,86102.04878000001,86102.04878000001,0.0
2024-08-12,86102.04878000001,86102.04878000001,0.0
2024-08-13,86102.04878000001,86102.04878000001,0.0
2024-08-14,86102.04878000001,86102.04878000001,0.0
2024-08-15,86102.04878000001,86102.04878000001,0.0
2024-08-16,86102.04878000001,86102.04878000001,0.0
2024-08-19,86102.04878000001,86102.04878000001,0.0
2024-08-20,86102.04878000001,86102.04878000001,0.0
2024-08-21,86102.04878000001,86102.04878000001,0.0
2024-08-22,86102.04878000001,86102.04878000001,0.0
2024-08-23,86102.04878000001,86102.04878000001,0.0
2024-08-26,86102.04878000001,86102.04878000001,0.0
2024-08-27,86102.04878000001,86102.04878000001,0.0
2024-08-28,86102.04878000001,86102.04878000001,0.0
2024-08-29,86102.04878000001,86102.04878000001,0.0
2024-08-30,86102.04878000001,86102.04878000001,0.0
2024-09-02,86102.04878000001,86102.04878000001,0.0
2024-09-03,86102.04878000001,86102.04878000001,0.0
2024-09-04,86102.04878000001,86102.04878000001,0.0
2024-09-05,86102.04878000001,86102.04878000001,0.0
2024-09-06,86102.04878000001,86102.04878000001,0.0
2024-09-09,86102.04878000001,86102.04878000001,0.0
2024-09-10,86102.04878000001,86102.04878000001,0.0
2024-09-11,86102.04878000001,86102.04878000001,0.0
2024-09-12,86102.04878000001,86102.04878000001,0.0
2024-09-13,86102.04878000001,86102.04878000001,0.0
2024-09-18,86102.04878000001,86102.04878000001,0.0
2024-09-19,86102.04878000001,86102.04878000001,0.0
2024-09-20,86102.04878000001,86102.04878000001,0.0
2024-09-23,86102.04878000001,86102.04878000001,0.0
2024-09-24,86102.04878000001,86102.04878000001,0.0
2024-09-25,86102.04878000001,86102.04878000001,0.0
2024-09-26,86102.04878000001,86102.04878000001,0.0
2024-09-27,86102.04878000001,86102.04878000001,0.0
2024-09-30,86102.04878000001,86102.04878000001,0.0
2024-10-08,86102.04878000001,86102.04878000001,0.0
2024-10-09,86102.04878000001,86102.04878000001,0.0
2024-10-10,86102.04878000001,86102.04878000001,0.0
2024-10-11,84161.51464000002,43387.71464000002,40773.8
2024-10-14,85213.61464000003,43387.71464000002,41825.90000000001
2024-10-15,84007.61464000001,43387.71464000002,40619.9
2024-10-16,83348.01464000001,43387.71464000002,39960.299999999996
2024-10-17,83289.71464000002,43387.71464000002,39902.0
2024-10-18,87109.61464000003,43387.71464000002,43721.90000000001
2024-10-21,87392.01464000001,43387.71464000002,44004.299999999996
2024-10-22,87332.01464000001,43387.71464000002,43944.299999999996
2024-10-23,87251.61464000001,43387.71464000002,43863.899999999994
2024-10-24,86932.51464000002,43387.71464000002,43544.8
2024-10-25,87868.61464000001,43387.71464000002,44480.899999999994
2024-10-28,87742.71464000002,43387.71464000002,44355.0
2024-10-29,87073.31464000003,43387.71464000002,43685.6
2024-10-30,86645.41464000003,43387.71464000002,43257.700000000004
2024-10-31,87541.51464000002,43387.71464000002,44153.8
2024-11-01,86410.91464000002,43387.71464000002,43023.2
2024-11-04,87382.51464000001,43387.71464000002,43994.799999999996
2024-11-05,89454.91464000002,43387.71464000002,46067.2
2024-11-06,89466.91464000003,43387.71464000002,46079.200000000004
2024-11-07,91301.21464000002,43387.71464000002,47913.5
2024-11-08,90893.71464000002,43387.71464000002,47506.0
2024-11-11,92712.41464000002,43387.71464000002,49324.7
2024-11-12,91889.01464000002,43387.71464000002,48501.3
2024-11-13,92141.61464000001,43387.71464000002,48753.9
2024-11-14,90591.81464000001,43387.71464000002,47204.09999999999
2024-11-15,88709.21464000002,43387.71464000002,45321.5
2024-11-18,87868.81464000003,43387.71464000002,44481.100000000006
2024-11-19,89308.01464000001,43387.71464000002,45920.299999999996
2024-11-20,89295.41464000002,43387.71464000002,45907.7
2024-11-21,89519.81464000003,43387.71464000002,46132.1
2024-11-22,87624.81464000003,43387.71464000002,44237.100000000006
2024-11-25,87403.61464000003,43387.71464000002,44015.90000000001
2024-11-26,87008.61464000001,43387.71464000002,43620.9
2024-11-27,88271.51464000001,43387.71464000002,44883.799999999996
2024-11-28,87942.41464000003,43387.71464000002,44554.700000000004
2024-11-29,88885.11464000001,43387.71464000002,45497.399999999994
2024-12-02,89299.01464000002,43387.71464000002,45911.3
2024-12-03,88970.71464000002,43387.71464000002,45583.0
2024-12-04,88541.71464000002,43387.71464000002,45154.0
2024-12-05,88682.61464000001,43387.71464000002,45294.9
2024-12-06,89309.61464000001,43387.71464000002,45921.9
2024-12-09,88750.51464000002,43387.71464000002,45362.8
2024-12-10,89075.81464000003,43387.71464000002,45688.100000000006
2024-12-11,89326.87220000001,468.4722000000147,88858.4
2024-12-12,90128.47220000002,468.4722000000147,89660.0
2024-12-13,88368.37220000003,468.4722000000147,87899.90000000001
2024-12-16,86866.2722,468.4722000000147,86397.79999999999
2024-12-17,85976.7722,468.4722000000147,85508.29999999999
2024-12-18,87181.77220000004,468.4722000000147,86713.30000000002
2024-12-19,87899.47220000002,468.4722000000147,87431.0
2024-12-20,89430.97220000003,468.4722000000147,88962.50000000001
2024-12-23,87796.87220000001,468.4722000000147,87328.4
2024-12-24,89121.27220000002,468.4722000000147,88652.8
2024-12-25,88716.97220000002,468.4722000000147,88248.5
2024-12-26,89746.37220000003,468.4722000000147,89277.90000000001
2024-12-27,89464.27220000002,468.4722000000147,88995.8
2024-12-30,89551.7722,468.4722000000147,89083.29999999999
2024-12-31,86081.07220000002,468.4722000000147,85612.6
2025-01-02,82733.07220000002,468.4722000000147,82264.6
2025-01-03,80839.57220000001,468.4722000000147,80371.09999999999
2025-01-06,80507.07220000002,468.4722000000147,80038.6
2025-01-07,82613.27220000002,468.4722000000147,82144.8
2025-01-08,82312.27220000002,468.4722000000147,81843.8
2025-01-09,82282.17220000003,468.4722000000147,81813.70000000001
2025-01-10,81278.37220000001,468.4722000000147,80809.9
2025-01-13,81092.43255000001,41292.332550000014,39800.1
2025-01-14,82466.13255000001,41292.332550000014,41173.8
2025-01-15,82206.53255,41292.332550000014,40914.2
2025-01-16,81640.23255000002,41292.332550000014,40347.9
2025-01-17,82186.03255,41292.332550000014,40893.7
2025-01-20,82305.83255000002,41292.332550000014,41013.5
2025-01-21,82555.73255000002,41292.332550000014,41263.4
2025-01-22,82375.33255000002,41292.332550000014,41083.0
2025-01-23,82079.23255000002,41292.332550000014,40786.899999999994
2025-01-24,82464.63255000001,41292.332550000014,41172.299999999996
2025-01-27,81733.83255000002,41292.332550000014,40441.5
2025-02-05,82211.33255000002,41292.332550000014,40919.0
2025-02-06,83421.53255000002,41292.332550000014,42129.200000000004
2025-02-07,83797.93255000003,41292.332550000014,42505.600000000006
2025-02-10,84192.93255000001,41292.332550000014,42900.6
2025-02-11,83245.77835000002,361.1783500000165,82884.6
2025-02-12,84909.17835000002,361.1783500000165,84548.0
2025-02-13,83442.87835000001,361.1783500000165,83081.7
2025-02-14,83677.77835000001,361.1783500000165,83316.59999999999
2025-02-17,84304.77835000002,361.1783500000165,83943.6
2025-02-18,82496.27835000002,361.1783500000165,82135.1
2025-02-19,84856.57835000001,361.1783500000165,84495.4
2025-02-20,85127.07835000003,361.1783500000165,84765.90000000001
2025-02-21,88079.87835000001,361.1783500000165,87718.7
2025-02-24,88208.07835000001,361.1783500000165,87846.9
2025-02-25,87815.87835000003,361.1783500000165,87454.70000000001
2025-02-26,89207.57835000003,361.1783500000165,88846.40000000001
2025-02-27,88773.27835000002,361.1783500000165,88412.1
2025-02-28,85105.77835000002,361.1783500000165,84744.6
2025-03-03,84802.27835000001,361.1783500000165,84441.09999999999
2025-03-04,86379.97835,361.1783500000165,86018.79999999999
2025-03-05,86800.17835,361.1783500000165,86438.99999999999
2025-03-06,88808.17835000003,361.1783500000165,88447.00000000001
2025-03-07,88175.57835000001,361.1783500000165,87814.4
2025-03-10,88318.37835000001,361.1783500000165,87957.2
2025-03-11,88599.80684,706.5068400000091,87893.3
2025-03-12,88397.00684000002,706.5068400000091,87690.5
2025-03-13,86951.50684000002,706.5068400000091,86245.0
2025-03-14,88218.30684,706.5068400000091,87511.79999999999
2025-03-17,87993.00684000002,706.5068400000091,87286.5
2025-03-18,88341.20684,706.5068400000091,87634.69999999998
2025-03-19,87469.40684000001,706.5068400000091,86762.9
2025-03-20,87046.30684,706.5068400000091,86339.8
2025-03-21,85406.20684,706.5068400000091,84699.7
2025-03-24,85268.90684000001,706.5068400000091,84562.4
2025-03-25,84333.10684,706.5068400000091,83626.59999999999
2025-03-26,84374.90684000001,706.5068400000091,83668.4
2025-03-27,84803.90684000001,706.5068400000091,84097.4
2025-03-28,83809.10684000002,706.5068400000091,83102.6
2025-03-31,83369.20684000003,706.5068400000091,82662.70000000001
2025-04-01,83716.90684000001,706.5068400000091,83010.4
2025-04-02,83486.60684,706.5068400000091,82780.09999999999
2025-04-03,82899.10684000002,706.5068400000091,82192.6
2025-04-07,75027.60684,706.5068400000091,74321.09999999999
2025-04-08,75477.70684,706.5068400000091,74771.2
2025-04-09,78398.60684000002,706.5068400000091,77692.1
2025-04-10,79659.90684000001,706.5068400000091,78953.4
2025-04-11,80141.62084,40475.72084000001,39665.899999999994
2025-04-14,80257.62084,40475.72084000001,39781.899999999994
2025-04-15,79937.82084,40475.72084000001,39462.1
2025-04-16,79934.62084000002,40475.72084000001,39458.9
2025-04-17,80026.82084,40475.72084000001,39551.1
2025-04-18,79905.82084,40475.72084000001,39430.1
2025-04-21,80248.92084,40475.72084000001,39773.2
2025-04-22,80235.92084,40475.72084000001,39760.2
2025-04-23,80239.32084,40475.72084000001,39763.6
2025-04-24,80061.82084,40475.72084000001,39586.1
2025-04-25,80053.02084000001,40475.72084000001,39577.3
2025-04-28,79925.62084000002,40475.72084000001,39449.9
2025-04-29,79981.02084000001,40475.72084000001,39505.3
2025-04-30,80260.72084000001,40475.72084000001,39785.0
2025-05-06,80778.42084,40475.72084000001,40302.7
2025-05-07,81118.42084,40475.72084000001,40642.700000000004
2025-05-08,81303.52084000001,40475.72084000001,40827.8
2025-05-09,80822.32084,40475.72084000001,40346.6
2025-05-12,81425.52084000001,40475.72084000001,40949.8
2025-05-13,81166.62084,40475.72084000001,40690.899999999994
2025-05-14,81365.92084,40475.72084000001,40890.2
2025-05-15,80896.32084,40475.72084000001,40420.6
2025-05-16,80803.72084000001,40475.72084000001,40328.0
2025-05-19,80913.32084,40475.72084000001,40437.6
2025-05-20,81101.22084000001,40475.72084000001,40625.5
2025-05-21,81166.22084000001,40475.72084000001,40690.5
2025-05-22,80980.32084000001,40475.72084000001,40504.600000000006
2025-05-23,80668.82084,40475.72084000001,40193.1
2025-05-26,80651.12084000002,40475.72084000001,40175.4
2025-05-27,80519.12084000002,40475.72084000001,40043.4
2025-05-28,80389.82084,40475.72084000001,39914.1
2025-05-29,80981.32084,40475.72084000001,40505.6
2025-05-30,80845.72084000001,40475.72084000001,40370.0
2025-06-03,80990.02084000001,40475.72084000001,40514.3
2025-06-04,81182.42084,40475.72084000001,40706.7
2025-06-05,81396.92084,40475.72084000001,40921.2
2025-06-06,81279.02084000001,40475.72084000001,40803.299999999996
2025-06-09,81605.22084000001,40475.72084000001,41129.5
2025-06-10,81196.72084000001,40475.72084000001,40721.0
2025-06-11,81724.71416,353.7141600000068,81371.0
2025-06-12,81981.31416000001,353.7141600000068,81627.6
2025-06-13,81053.21416,353.7141600000068,80699.5
2025-06-16,81452.21416,353.7141600000068,81098.5
2025-06-17,81072.81416000001,353.7141600000068,80719.1
2025-06-18,80794.21416,353.7141600000068,80440.5
2025-06-19,79716.51415999999,353.7141600000068,79362.79999999999
2025-06-20,79396.71416,353.7141600000068,79043.0
2025-06-23,79966.91416,353.7141600000068,79613.2
2025-06-24,81384.81416000001,353.7141600000068,81031.1
2025-06-25,83512.61416000001,353.7141600000068,83158.90000000001
2025-06-26,82812.71416,353.7141600000068,82459.0
2025-06-27,82954.01416,353.7141600000068,82600.3
2025-06-30,83671.11416,353.7141600000068,83317.4
2025-07-01,83708.81416000001,353.7141600000068,83355.1
2025-07-02,83109.11416,353.7141600000068,82755.4
2025-07-03,83735.11416,353.7141600000068,83381.4
2025-07-04,83626.51415999999,353.7141600000068,83272.79999999999
2025-07-07,83272.31416,353.7141600000068,82918.59999999999
2025-07-08,84419.31416000001,353.7141600000068,84065.6
2025-07-09,84465.01415999999,353.7141600000068,84111.29999999999
2025-07-10,84892.11416,353.7141600000068,84538.4
2025-07-11,85647.64926000002,512.9492600000121,85134.70000000001
2025-07-14,85369.64926000002,512.9492600000121,84856.70000000001
2025-07-15,85248.74926000001,512.9492600000121,84735.8
2025-07-16,85165.84926000002,512.9492600000121,84652.90000000001
2025-07-17,86355.14926,512.9492600000121,85842.2
2025-07-18,86760.14926,512.9492600000121,86247.2
2025-07-21,87734.74926,512.9492600000121,87221.79999999999
2025-07-22,88359.64926000002,512.9492600000121,87846.70000000001
2025-07-23,88044.04926000001,512.9492600000121,87531.1
2025-07-24,89825.94926000001,512.9492600000121,89313.0
2025-07-25,89608.84926000002,512.9492600000121,89095.90000000001
2025-07-28,90222.74926000001,512.9492600000121,89709.8
2025-07-29,91115.64926000002,512.9492600000121,90602.70000000001
2025-07-30,89795.54926000001,512.9492600000121,89282.6
2025-07-31,88394.24926000001,512.9492600000121,87881.3
2025-08-01,88107.84926,512.9492600000121,87594.9
2025-08-04,88864.94926000001,512.9492600000121,88352.0
2025-08-05,89400.44926000001,512.9492600000121,88887.5
2025-08-06,90476.14926000002,512.9492600000121,89963.20000000001
2025-08-07,90121.44926000001,512.9492600000121,89608.5
2025-08-08,89972.24926000001,512.9492600000121,89459.3
2025-08-11,91373.74926000001,512.9492600000121,90860.8
2025-08-12,91570.34926000002,512.9492600000121,91057.40000000001
2025-08-13,93268.54926,512.9492600000121,92755.59999999999
2025-08-14,92276.14926000002,512.9492600000121,91763.20000000001
2025-08-15,94728.74926000001,512.9492600000121,94215.8
2025-08-18,96425.24926000001,512.9492600000121,95912.3
2025-08-19,95610.14926000002,512.9492600000121,95097.20000000001
2025-08-20,96357.04926,512.9492600000121,95844.09999999999
2025-08-21,95704.14926000002,512.9492600000121,95191.20000000001
2025-08-22,98267.14926,512.9492600000121,97754.2
2025-08-25,100115.04926000001,512.9492600000121,99602.1
2025-08-26,99481.24926000001,512.9492600000121,98968.3
2025-08-27,97712.14926000002,512.9492600000121,97199.20000000001
2025-08-28,99992.14926000002,512.9492600000121,99479.20000000001
2025-08-29,101230.94926000001,512.9492600000121,100718.0
2025-09-01,101852.84926,512.9492600000121,101339.9
2025-09-02,99703.74926000001,512.9492600000121,99190.8
2025-09-03,98165.34926,512.9492600000121,97652.4
2025-09-04,96286.74926000001,512.9492600000121,95773.8
2025-09-05,100555.64926,512.9492600000121,100042.7
2025-09-08,100563.74926000001,512.9492600000121,100050.8
2025-09-09,99159.24926,512.9492600000121,98646.29999999999
2025-09-10,99172.04926000001,512.9492600000121,98659.1
2025-09-11,103803.19296,786.9929600000032,103016.2
2025-09-12,104303.29295999999,786.9929600000032,103516.29999999999
2025-09-15,105038.39296000001,786.9929600000032,104251.40000000001
2025-09-16,105901.99296,786.9929600000032,105115.0
2025-09-17,107502.19296000001,786.9929600000032,106715.20000000001
2025-09-18,107440.19296000001,786.9929600000032,106653.20000000001
2025-09-19,106557.19296,786.9929600000032,105770.2
2025-09-22,108675.79295999999,786.9929600000032,107888.79999999999
2025-09-23,108947.09296000001,786.9929600000032,108160.1
2025-09-24,112762.89296000001,786.9929600000032,111975.90000000001
2025-09-25,113675.79296,786.9929600000032,112888.8
2025-09-26,112018.29296,786.9929600000032,111231.3
2025-09-29,114405.59296000001,786.9929600000032,113618.6
2025-09-30,116138.79296,786.9929600000032,115351.8
2025-10-09,118982.29296,786.9929600000032,118195.3
2025-10-10,112947.49296,786.9929600000032,112160.5
2025-10-13,113706.93738,680.937380000003,113026.0
2025-10-14,109327.13738000001,680.937380000003,108646.20000000001
2025-10-15,111149.63738000001,680.937380000003,110468.70000000001
2025-10-16,110818.23737999999,680.937380000003,110137.29999999999
2025-10-17,106558.43738,680.937380000003,105877.5
2025-10-20,107411.53738000001,680.937380000003,106730.6
2025-10-21,110048.53738000001,680.937380000003,109367.6
2025-10-22,109329.43738,680.937380000003,108648.5
2025-10-23,109387.93738,680.937380000003,108707.0
2025-10-24,113191.03738000001,680.937380000003,112510.1
2025-10-27,115168.53738,680.937380000003,114487.59999999999
2025-10-28,114370.33738000001,680.937380000003,113689.40000000001
2025-10-29,117083.03738000001,680.937380000003,116402.1
2025-10-30,115590.43738,680.937380000003,114909.5
2025-10-31,112787.33738,680.937380000003,112106.4
2025-11-03,112649.03738000001,680.937380000003,111968.1
2025-11-04,110731.23738,680.937380000003,110050.3
2025-11-05,111546.73738,680.937380000003,110865.8
2025-11-06,114498.53738000001,680.937380000003,113817.6
2025-11-07,114213.33738000001,680.937380000003,113532.40000000001
2025-11-10,113535.03738000001,680.937380000003,112854.1
2025-11-11,111957.94497000001,493.3449700000019,111464.6
2025-11-12,111187.84497,493.3449700000019,110694.5
2025-11-13,113662.14497000002,493.3449700000019,113168.80000000002
2025-11-14,110916.94497,493.3449700000019,110423.59999999999
2025-11-17,110689.54497,493.3449700000019,110196.2
2025-11-18,110115.54497000002,493.3449700000019,109622.20000000001
2025-11-19,109947.54497000002,493.3449700000019,109454.20000000001
2025-11-20,108725.34496999999,493.3449700000019,108231.99999999999
2025-11-21,104163.34497,493.3449700000019,103670.0
2025-11-24,104194.84497,493.3449700000019,103701.5
2025-11-25,105571.34497,493.3449700000019,105078.0
2025-11-26,107034.24497000001,493.3449700000019,106540.90000000001
2025-11-27,106992.14497,493.3449700000019,106498.79999999999
2025-11-28,108060.54497000002,493.3449700000019,107567.20000000001
2025-12-01,109155.34497,493.3449700000019,108662.0
2025-12-02,107983.54497,493.3449700000019,107490.2
2025-12-03,107069.94497000001,493.3449700000019,106576.6
2025-12-04,108344.14497000002,493.3449700000019,107850.80000000002
2025-12-05,108813.24497000003,493.3449700000019,108319.90000000002
2025-12-08,111102.64497000002,493.3449700000019,110609.30000000002
2025-12-09,110849.94497000001,493.3449700000019,110356.6
2025-12-10,110728.94497000001,493.3449700000019,110235.6
2025-12-11,109480.14856,415.7485600000068,109064.4
2025-12-12,110560.54856,415.7485600000068,110144.79999999999
2025-12-15,109615.54856000001,415.7485600000068,109199.8
2025-12-16,107881.34856000001,415.7485600000068,107465.6
2025-12-17,109716.94856,415.7485600000068,109301.2
2025-12-18,109095.24856,415.7485600000068,108679.5
2025-12-19,109717.04856,415.7485600000068,109301.29999999999
2025-12-22,111291.94856,415.7485600000068,110876.2
2025-12-23,111259.64856,415.7485600000068,110843.9
2025-12-24,112837.74856,415.7485600000068,112422.0
2025-12-25,113825.44856,415.7485600000068,113409.7
2025-12-26,114195.54856,415.7485600000068,113779.79999999999
2025-12-29,114254.84856000001,415.7485600000068,113839.1
2025-12-30,114617.34856000001,415.7485600000068,114201.6
2025-12-31,114474.54856000001,415.7485600000068,114058.8
2026-01-05,117704.44856000002,415.7485600000068,117288.70000000001
2026-01-06,119873.44856,415.7485600000068,119457.7
2026-01-07,120284.44856,415.7485600000068,119868.7
2026-01-08,121376.24856,415.7485600000068,120960.5
2026-01-09,123491.54856000001,415.7485600000068,123075.8
2026-01-12,127254.94856000002,415.7485600000068,126839.20000000001
2026-01-13,123066.64856000002,415.7485600000068,122650.90000000001
2026-01-14,123731.04856,415.7485600000068,123315.29999999999
2026-01-15,123324.14856,415.7485600000068,122908.4
2026-01-16,123814.04856000001,415.7485600000068,123398.3
2026-01-19,123253.34856000001,415.7485600000068,122837.6
2026-01-20,121544.14856000002,415.7485600000068,121128.40000000001
2026-01-21,122922.54856000001,415.7485600000068,122506.8
2026-01-22,124002.14856,415.7485600000068,123586.4
2026-01-23,125481.64856000002,415.7485600000068,125065.90000000001
2026-01-26,122981.04856,415.7485600000068,122565.29999999999
2026-01-27,124322.74856,415.7485600000068,123907.0
2026-01-28,124232.94856,415.7485600000068,123817.2
2026-01-29,122523.74856,415.7485600000068,122108.0
2026-01-30,122116.64856000002,415.7485600000068,121700.90000000001
2026-02-02,118129.24856,415.7485600000068,117713.5
2026-02-03,121150.24856,415.7485600000068,120734.5
2026-02-04,120790.84856,415.7485600000068,120375.09999999999
2026-02-05,119232.24856,415.7485600000068,118816.5
2026-02-06,118265.24856,415.7485600000068,117849.5
2026-02-09,121111.34856000001,415.7485600000068,120695.6
2026-02-10,121240.44856,415.7485600000068,120824.7
2026-02-11,120737.90306000001,1102.7030599999962,119635.20000000001
2026-02-12,122664.20305999999,1102.7030599999962,121561.49999999999
2026-02-13,121355.20305999999,1102.7030599999962,120252.49999999999
2026-02-24,122234.00306,1102.7030599999962,121131.3
2026-02-25,123799.30306000002,1102.7030599999962,122696.60000000002
2026-02-26,124453.10306,1102.7030599999962,123350.4
2026-02-27,124959.70306,1102.7030599999962,123857.0
2026-03-02,123812.10306000001,1102.7030599999962,122709.40000000001
2026-03-03,118429.60306,1102.7030599999962,117326.9
2026-03-04,117849.70306,1102.7030599999962,116747.0
2026-03-05,119273.20306,1102.7030599999962,118170.5
2026-03-06,119665.00306,1102.7030599999962,118562.3
2026-03-09,118749.40306000001,1102.7030599999962,117646.70000000001
2026-03-10,121157.40306000001,1102.7030599999962,120054.70000000001
2026-03-11,121314.01014000001,61225.01014000001,60089.0
2026-03-12,120953.01014000001,61225.01014000001,59728.0
2026-03-13,120208.21014000001,61225.01014000001,58983.2
2026-03-16,120104.41014000002,61225.01014000001,58879.4
2026-03-17,118729.01014000003,61225.01014000001,57504.00000000001
2026-03-18,119311.81014000002,61225.01014000001,58086.8
2026-03-19,118095.41014,61225.01014000001,56870.399999999994
2026-03-20,117843.81014000002,61225.01014000001,56618.799999999996
2026-03-23,115747.61014000002,61225.01014000001,54522.600000000006
2026-03-24,116581.01014000001,61225.01014000001,55356.0
2026-03-25,117648.21014000001,61225.01014000001,56423.2
2026-03-26,116886.61014,61225.01014000001,55661.59999999999
2026-03-27,117592.01014000003,61225.01014000001,56367.00000000001
2026-03-30,117411.01014000001,61225.01014000001,56186.0
2026-03-31,116248.21014000001,61225.01014000001,55023.2
2026-04-01,116804.41014000002,61225.01014000001,55579.40000000001
2026-04-02,115760.61014,61225.01014000001,54535.6
2026-04-03,115061.61014,61225.01014000001,53836.6
2026-04-07,115250.21014000001,61225.01014000001,54025.2
2026-04-08,117956.61014,61225.01014000001,56731.6
2026-04-09,117547.61014,61225.01014000001,56322.6
2026-04-10,118676.61014,61225.01014000001,57451.6
2026-04-13,118785.04928000004,59755.04928000003,59030.0
2026-04-14,119940.84928000002,59755.04928000003,60185.8
2026-04-15,119741.64928000003,59755.04928000003,59986.6
2026-04-16,120565.64928000003,59755.04928000003,60810.6
2026-04-17,120507.54928000004,59755.04928000003,60752.5
2026-04-20,120949.14928000004,59755.04928000003,61194.100000000006
2026-04-21,120709.44928000003,59755.04928000003,60954.4
2026-04-22,121627.14928000003,59755.04928000003,61872.1
2026-04-23,121145.54928000004,59755.04928000003,61390.5
2026-04-24,121493.24928000002,59755.04928000003,61738.2
2026-04-27,122554.84928000002,59755.04928000003,62799.8
2026-04-28,122250.24928000002,59755.04928000003,62495.2
2026-04-29,122758.94928000003,59755.04928000003,63003.899999999994
2026-04-30,124137.64928000003,59755.04928000003,64382.6
2026-05-06,126084.64928000004,59755.04928000003,66329.6
2026-05-07,126950.04928000004,59755.04928000003,67195.0
2026-05-08,125913.04928000004,59755.04928000003,66158.0
2026-05-11,128461.44928000003,59755.04928000003,68706.4
2026-05-12,128726.34928000002,59755.04928000003,68971.29999999999
2026-05-13,130099.14928000004,59755.04928000003,70344.1
2026-05-14,128571.54928000004,59755.04928000003,68816.5
2026-05-15,127976.04928000004,59755.04928000003,68221.0
2026-05-18,127869.04928000004,59755.04928000003,68114.0
2026-05-19,129088.54928000004,59755.04928000003,69333.5
2026-05-20,130584.74928000002,59755.04928000003,70829.7
2026-05-21,128570.24928000002,59755.04928000003,68815.2
2026-05-22,129682.44928000003,59755.04928000003,69927.4
2026-05-25,132428.34928000002,59755.04928000003,72673.29999999999
2026-05-26,131981.84928000002,59755.04928000003,72226.8
2026-05-27,131017.24928000002,59755.04928000003,71262.2
2026-05-28,131744.24928000005,59755.04928000003,71989.20000000001
2026-05-29,129693.54928000004,59755.04928000003,69938.5
2026-06-01,127266.24928000002,59755.04928000003,67511.2
2026-06-02,128276.24928000005,59755.04928000003,68521.20000000001
2026-06-03,129521.14928000004,59755.04928000003,69766.1
2026-06-04,129673.04928000004,59755.04928000003,69918.0
2026-06-05,127572.14928000004,59755.04928000003,67817.1
2026-06-08,125191.34928000002,59755.04928000003,65436.299999999996
2026-06-09,127551.04928000004,59755.04928000003,67796.0
2026-06-10,127157.64928000004,59755.04928000003,67402.6
2026-06-11,127327.78406000003,671.184060000036,126656.6
2026-06-12,127357.38406000001,671.184060000036,126686.19999999998
2026-06-15,133234.28406000003,671.184060000036,132563.1
2026-06-16,134537.28406000003,671.184060000036,133866.1
2026-06-17,138592.88406,671.184060000036,137921.69999999998
2026-06-18,141909.18406000003,671.184060000036,141238.0
2026-06-22,145075.88406000004,671.184060000036,144404.7
2026-06-23,141813.98406000002,671.184060000036,141142.8
2026-06-24,145702.18406000003,671.184060000036,145031.0
2026-06-25,149897.88406,671.184060000036,149226.69999999998
2026-06-26,146547.98406000002,671.184060000036,145876.8
2026-06-29,150545.48406000002,671.184060000036,149874.3
2026-06-30,155216.38406000004,671.184060000036,154545.2
2026-07-01,152932.78406000003,671.184060000036,152261.6
2026-07-02,144048.58406000002,671.184060000036,143377.4
2026-07-03,127291.28406000003,671.184060000036,126620.1
2026-07-06,126706.28406000003,671.184060000036,126035.1
2026-07-07,125922.98406000005,671.184060000036,125251.80000000002
2026-07-08,125175.18406000003,671.184060000036,124504.0
2026-07-09,132023.58406000002,671.184060000036,131352.4
2026-07-10,126428.48406000002,671.184060000036,125757.29999999999
2026-07-13,124077.62928000004,25602.22928000003,98475.40000000001
2026-07-14,125558.62928000004,25602.22928000003,99956.40000000001
2026-07-15,125559.22928000003,25602.22928000003,99957.0
2026-07-16,123501.22928000003,25602.22928000003,97899.0
2026-07-17,119572.82928000002,25602.22928000003,93970.59999999999
2026-07-20,120794.92928000004,25602.22928000003,95192.70000000001
2026-07-21,109575.82928000003,25602.22928000003,83973.6
2026-07-22,109079.22928000003,25602.22928000003,83477.0
2026-07-23,109225.42928000003,25602.22928000003,83623.2
2026-07-24,107317.72928000003,25602.22928000003,81715.5
2026-07-27,108014.92928000004,25602.22928000003,82412.70000000001
2026-07-28,106228.22928000003,25602.22928000003,80626.0
2026-07-29,107304.12928000002,25602.22928000003,81701.9
2026-07-30,106747.52928000003,25602.22928000003,81145.3
2026-07-31,107298.42928000004,25602.22928000003,81696.20000000001
2026-08-03,106356.42928000003,25602.22928000003,80754.2
2026-08-04,107549.52928000003,25602.22928000003,81947.3
2026-08-05,108637.52928000003,25602.22928000003,83035.3
2026-08-06,107836.62928000002,25602.22928000003,82234.4
2026-08-07,109441.72928000003,25602.22928000003,83839.5
