buy_date,sell_date,code,entry,exit,ret,total_new,prob,hold
2024-07-02,2024-07-09,002390.SZ,3.37,3.32,-0.014836795252225587,62.5,0.7382368447490774,5
2024-07-02,2024-07-09,300119.SZ,14.0,13.02,-0.07000000000000006,62.0,0.7309903532775567,5
2024-07-03,2024-07-10,600702.SH,57.47,52.32,-0.08961197146337219,64.5,0.6306414183812965,5
2024-07-03,2024-07-10,300979.SZ,60.33,59.22,-0.018398806563898584,60.00000000000001,0.6495660863998246,5
2024-07-04,2024-07-11,603195.SH,73.48,74.9,0.01932498639085467,60.00000000000001,0.6985756459277723,5
2024-07-05,2024-07-12,605098.SH,38.16,37.12,-0.027253668763102756,60.50000000000001,0.7016817484050207,5
2024-07-08,2024-07-15,300642.SZ,11.53,11.6,0.006071118820468291,64.5,0.7281567878106592,5
2024-07-10,2024-07-17,001223.SZ,35.17,33.55,-0.046061984646005194,72.5,0.7174573724291908,5
2024-07-10,2024-07-17,300838.SZ,9.89,9.74,-0.015166835187057637,71.5,0.7582818691024371,5
2024-07-11,2024-07-18,603507.SH,21.82,21.24,-0.02658111824014675,66.0,0.7640922358122738,5
2024-07-12,2024-07-19,605122.SH,9.62,9.0,-0.0644490644490644,71.5,0.7469049542198696,5
2024-07-12,2024-07-19,001332.SZ,22.29,21.81,-0.021534320323014833,69.5,0.7220910309406109,5
2024-07-15,2024-07-22,301345.SZ,51.15,48.15,-0.058651026392961825,71.5,0.6456559574542231,5
2024-07-15,2024-07-22,002208.SZ,4.31,4.1,-0.04872389791183296,65.5,0.6751931268568292,5
2024-07-16,2024-07-23,000680.SZ,7.96,6.85,-0.1394472361809046,61.00000000000001,0.6621792105050136,5
2024-07-16,2024-07-23,301345.SZ,50.45,48.38,-0.041030723488602594,60.50000000000001,0.6610745106883211,5
2024-07-17,2024-07-24,603617.SH,6.02,5.41,-0.10132890365448499,66.5,0.6840033073665436,5
2024-07-18,2024-07-25,603617.SH,5.6,5.2,-0.07142857142857129,62.50000000000001,0.7062583494414566,5
2024-07-19,2024-07-26,605098.SH,34.83,32.64,-0.06287683031869074,66.5,0.7062795569572065,5
2024-07-19,2024-07-26,301345.SZ,48.12,45.72,-0.04987531172069826,62.50000000000001,0.6754032085980525,5
2024-07-22,2024-07-29,002853.SZ,6.57,6.56,-0.0015220700152207556,64.50000000000001,0.6841486818693568,5
2024-07-22,2024-07-29,603617.SH,5.52,5.46,-0.010869565217391242,63.5,0.7155707801657794,5
2024-07-23,2024-07-30,000573.SZ,2.11,2.12,0.004739336492891155,64.50000000000001,0.7058601346062406,5
2024-07-24,2024-07-31,601702.SH,16.7,15.9,-0.0479041916167664,66.0,0.7152194461722378,5
2024-07-24,2024-07-31,603320.SH,13.01,13.1,0.006917755572636519,60.00000000000001,0.7058667085625092,5
2024-07-25,2024-08-01,300893.SZ,25.45,27.08,0.06404715127701377,69.0,0.8432783268397831,5
2024-07-25,2024-08-01,600219.SH,3.49,3.67,0.05157593123209159,69.0,0.8156989994378002,5
2024-07-26,2024-08-02,300893.SZ,25.76,27.05,0.05007763975155277,72.0,0.8064198049014799,5
2024-07-26,2024-08-02,600219.SH,3.49,3.6,0.03151862464183375,66.0,0.781065235423787,5
2024-07-29,2024-08-05,605377.SH,12.09,12.17,0.006617038875103454,74.0,0.7492667672183785,5
2024-07-29,2024-08-05,300893.SZ,27.8,26.77,-0.03705035971223025,72.0,0.7448789292520281,5
2024-07-30,2024-08-06,002126.SZ,15.15,15.35,0.013201320132013139,72.0,0.7033178484903612,5
2024-07-30,2024-08-06,605098.SH,31.52,36.95,0.17227157360406098,71.5,0.7198974399106077,5
2024-07-31,2024-08-07,603337.SH,24.82,27.15,0.09387590652699429,74.0,0.7155966216946498,5
2024-07-31,2024-08-07,605098.SH,30.98,37.6,0.2136862491930278,66.5,0.706717121735919,5
2024-08-01,2024-08-08,603337.SH,26.78,27.08,0.01120238984316635,82.0,0.6943007926117069,5
2024-08-01,2024-08-08,603681.SH,11.33,11.01,-0.028243601059135037,80.0,0.6993500983051791,5
2024-08-02,2024-08-09,603337.SH,26.7,27.46,0.02846441947565559,72.0,0.668995687106802,5
2024-08-02,2024-08-09,002150.SZ,13.4,13.0,-0.02985074626865669,62.50000000000001,0.6624844259560442,5
2024-08-05,2024-08-12,600348.SH,7.01,7.19,0.02567760342368053,66.50000000000001,0.7049766028028146,5
2024-08-05,2024-08-12,600236.SH,6.9,6.81,-0.013043478260869712,60.00000000000001,0.6950373910455442,5
2024-08-06,2024-08-13,301383.SZ,25.13,24.98,-0.005968961400716233,60.50000000000001,0.8022854723975181,5
2024-08-07,2024-08-14,605259.SH,12.52,12.45,-0.005591054313099031,67.5,0.7372387260111118,5
2024-08-07,2024-08-14,605122.SH,9.55,9.55,0.0,66.5,0.7769558192816077,5
2024-08-08,2024-08-15,002918.SZ,8.2,8.09,-0.013414634146341364,70.5,0.7452146290306433,5
2024-08-08,2024-08-15,605123.SH,51.8,48.48,-0.06409266409266412,64.5,0.7099632454058499,5
2024-08-09,2024-08-16,605123.SH,51.4,48.5,-0.05642023346303504,61.5,0.7159875851502308,5
2024-08-12,2024-08-19,000887.SZ,11.04,10.97,-0.006340579710144789,68.00000000000001,0.6897061055387771,5
2024-08-12,2024-08-19,601233.SH,12.88,12.22,-0.05124223602484468,68.00000000000001,0.6498495987809669,5
2024-08-13,2024-08-20,603590.SH,24.19,25.08,0.03679206283588243,65.5,0.6624775014636037,5
2024-08-13,2024-08-20,605122.SH,9.42,9.66,0.02547770700636942,63.5,0.6512469451883186,5
2024-08-14,2024-08-21,300838.SZ,10.23,9.92,-0.030303030303030387,67.0,0.6920520373843967,5
2024-08-14,2024-08-21,605259.SH,12.45,12.19,-0.0208835341365462,64.5,0.7027715833008847,5
2024-08-15,2024-08-22,300680.SZ,17.2,16.83,-0.021511627906976805,63.00000000000001,0.6704944414050021,5
2024-08-15,2024-08-22,301309.SZ,21.68,21.3,-0.017527675276752697,63.00000000000001,0.6518535070156493,5
2024-08-16,2024-08-23,603685.SH,11.01,10.7,-0.028156221616712163,68.5,0.687541735453579,5
2024-08-16,2024-08-23,301099.SZ,34.5,31.88,-0.07594202898550728,66.0,0.6879187836467511,5
2024-08-19,2024-08-26,002817.SZ,5.47,5.06,-0.07495429616087756,68.5,0.634301326014915,5
2024-08-19,2024-08-26,301099.SZ,33.0,32.27,-0.022121212121211986,61.0,0.6332464443423446,5
2024-08-20,2024-08-27,601996.SH,1.75,1.67,-0.04571428571428571,65.5,0.6307021221248046,5
2024-08-20,2024-08-27,300976.SZ,46.73,47.61,0.01883158570511445,64.0,0.6388081057388019,5
2024-08-22,2024-08-29,603031.SH,21.92,21.89,-0.0013686131386861922,63.5,0.6763209397289397,5
2024-08-22,2024-08-29,301030.SZ,21.31,19.76,-0.07273580478648511,60.50000000000001,0.6740067683230416,5
2024-08-23,2024-08-30,301276.SZ,17.6,17.79,0.010795454545454497,61.5,0.6883061979983146,5
2024-08-23,2024-08-30,301053.SZ,18.0,18.1,0.005555555555555536,60.5,0.6816788270087194,5
2024-08-26,2024-09-02,001338.SZ,9.15,9.4,0.02732240437158473,68.5,0.6999204451820544,5
2024-08-26,2024-09-02,301053.SZ,17.8,18.13,0.018539325842696464,62.50000000000001,0.6976479382856311,5
2024-08-27,2024-09-03,001338.SZ,9.17,9.1,-0.007633587786259555,72.5,0.716938954498262,5
2024-08-27,2024-09-03,605122.SH,9.15,9.05,-0.010928961748633892,66.5,0.7068405340970518,5
2024-08-28,2024-09-04,300976.SZ,46.0,45.97,-0.0006521739130435078,64.0,0.6937709271349667,5
2024-08-29,2024-09-05,603230.SH,9.92,10.06,0.014112903225806495,61.5,0.6829731320913044,5
2024-08-30,2024-09-06,301227.SZ,14.88,14.98,0.006720430107526765,64.5,0.6584419970046838,5
2024-08-30,2024-09-06,603303.SH,10.45,10.55,0.009569377990430672,64.0,0.6625433295799363,5
2024-09-02,2024-09-09,603238.SH,9.41,9.2,-0.022316684378321017,67.0,0.6459870069504013,5
2024-09-02,2024-09-09,603230.SH,10.45,10.19,-0.024880382775119614,66.5,0.670095692978583,5
2024-09-03,2024-09-10,603216.SH,9.11,8.93,-0.01975850713501648,65.0,0.62693577711385,5
2024-09-03,2024-09-10,300575.SZ,5.68,5.57,-0.01936619718309851,62.5,0.5991392984918825,5
2024-09-04,2024-09-11,300694.SZ,8.09,7.85,-0.02966625463535233,62.5,0.6167726632746799,5
2024-09-05,2024-09-12,000028.SZ,24.99,24.81,-0.007202881152460927,61.5,0.5841996853137822,5
2024-09-05,2024-09-12,600489.SH,12.52,12.26,-0.02076677316293929,60.50000000000001,0.6080783230351718,5
2024-09-06,2024-09-13,301391.SZ,30.39,29.43,-0.031589338598223105,67.5,0.658818551560738,5
2024-09-06,2024-09-13,002990.SZ,18.35,17.92,-0.023433242506812002,62.5,0.6342018156177763,5
2024-09-10,2024-09-19,000600.SZ,4.32,4.32,0.0,60.50000000000001,0.5884677812306159,5
2024-09-11,2024-09-20,600345.SH,15.07,16.0,0.06171201061712006,71.5,0.6252077437756351,5
2024-09-11,2024-09-20,301322.SZ,18.04,17.83,-0.01164079822616415,64.5,0.6287595127088538,5
2024-09-12,2024-09-23,301222.SZ,20.89,19.91,-0.04691239827668747,71.5,0.624837175075,5
2024-09-12,2024-09-23,301210.SZ,26.77,24.81,-0.07321628688830784,65.5,0.6044877807260266,5
2024-09-13,2024-09-24,600116.SH,6.52,6.59,0.010736196319018454,61.0,0.6026785116002529,5
2024-09-18,2024-09-25,600285.SH,18.78,19.75,0.05165069222577201,61.00000000000001,0.6159746307784917,5
2024-09-20,2024-09-27,301227.SZ,14.85,17.54,0.18114478114478105,72.5,0.7379686002102711,5
2024-09-20,2024-09-27,300899.SZ,17.11,18.47,0.07948568088836927,67.5,0.7365777730117675,5
2024-09-23,2024-09-30,603151.SH,8.69,10.12,0.16455696202531644,61.5,0.6524952179224202,5
2024-09-23,2024-09-30,301276.SZ,17.17,19.8,0.15317414094350612,60.50000000000001,0.6293071113594672,5
2024-09-24,2024-10-08,301276.SZ,17.31,24.89,0.4378971692663203,64.5,0.6350876817394713,5
2024-09-25,2024-10-09,001368.SZ,17.76,20.6,0.15990990990990994,69.5,0.7254868939320297,5
2024-09-25,2024-10-09,301170.SZ,19.56,25.56,0.3067484662576687,68.5,0.7521259581694211,5
2024-09-26,2024-10-10,603130.SH,17.82,18.5,0.038159371492704874,77.5,0.6436437948186466,5
2024-09-26,2024-10-10,002969.SZ,2.84,3.04,0.07042253521126773,75.0,0.6209103446321967,5
2024-09-27,2024-10-11,603048.SH,13.09,14.04,0.07257448433919023,84.0,0.6710521207878005,5
2024-09-27,2024-10-11,301373.SZ,21.92,25.98,0.1852189781021898,75.0,0.6985395469777214,5
2024-09-30,2024-10-14,603130.SH,18.81,18.57,-0.012759170653907415,79.5,0.6437247234827668,5
2024-09-30,2024-10-14,001316.SZ,29.12,28.22,-0.03090659340659352,77.5,0.5998456079099711,5
2024-10-08,2024-10-15,603885.SH,14.84,11.6,-0.21832884097035044,74.5,0.44598670108147964,5
2024-10-08,2024-10-15,600900.SH,32.01,29.3,-0.08466104342393,67.5,0.455955199995972,5
2024-10-09,2024-10-16,600548.SH,10.44,10.0,-0.04214559386973171,70.5,0.539941587027481,5
2024-10-09,2024-10-16,601006.SH,6.83,6.62,-0.030746705710102518,70.5,0.4918946192635426,5
2024-10-10,2024-10-17,600035.SH,4.1,4.16,0.014634146341463428,63.00000000000001,0.7407021090517604,5
2024-10-10,2024-10-17,601107.SH,4.75,5.92,0.24631578947368427,62.0,0.7490040643320792,5
2024-10-11,2024-10-18,600023.SH,6.42,6.13,-0.04517133956386299,68.0,0.5383900920064537,5
2024-10-11,2024-10-18,600035.SH,4.17,4.08,-0.021582733812949617,66.0,0.531549990656331,5
2024-10-14,2024-10-21,300795.SZ,15.38,15.99,0.03966189856957092,61.5,0.7640890192463846,5
2024-10-15,2024-10-22,603790.SH,9.39,9.72,0.03514376996805102,65.5,0.5826155335591038,5
2024-10-15,2024-10-22,600548.SH,10.14,9.87,-0.02662721893491138,65.0,0.6145063316060164,5
2024-10-17,2024-10-24,603088.SH,6.82,7.15,0.048387096774193505,65.0,0.6316841985719243,5
2024-10-18,2024-10-25,605177.SH,17.76,18.79,0.05799549549549532,62.5,0.6269307625499568,5
2024-10-18,2024-10-25,601512.SH,7.5,7.6,0.013333333333333197,62.0,0.6274968637328595,5
2024-10-21,2024-10-28,603172.SH,13.99,14.46,0.03359542530378845,64.0,0.6582575439638683,5
2024-10-21,2024-10-28,603819.SH,8.82,9.18,0.04081632653061207,62.5,0.6471089697052536,5
2024-10-22,2024-10-29,603303.SH,10.8,11.49,0.06388888888888888,65.0,0.6769082618989795,5
2024-10-22,2024-10-29,603886.SH,12.67,13.62,0.07498026835043414,61.5,0.6745809137759129,5
2024-10-23,2024-10-30,002737.SZ,20.24,19.97,-0.01333992094861658,69.5,0.5986335748077009,5
2024-10-23,2024-10-30,605177.SH,18.55,18.55,0.0,68.5,0.6293479211039135,5
2024-10-24,2024-10-31,603599.SH,10.98,10.88,-0.00910746812386154,67.5,0.6214952283119953,5
2024-10-24,2024-10-31,603565.SH,8.24,8.42,0.021844660194174637,67.0,0.5938165145125076,5
2024-10-25,2024-11-01,601702.SH,16.61,16.28,-0.01986754966887405,72.0,0.60356942141879,5
2024-10-25,2024-11-01,603239.SH,12.88,12.3,-0.045031055900621175,62.5,0.5809007352233506,5
2024-10-28,2024-11-04,600461.SH,9.6,9.6,0.0,70.0,0.6073660262760046,5
2024-10-28,2024-11-04,603886.SH,13.18,13.31,0.009863429438543347,67.5,0.6659337850787389,5
2024-10-29,2024-11-05,603886.SH,13.62,13.71,0.006607929515418665,79.5,0.5841750199956696,5
2024-10-29,2024-11-05,601702.SH,16.75,17.0,0.014925373134328401,78.0,0.6665952378538033,5
2024-10-30,2024-11-06,601702.SH,16.0,17.75,0.109375,69.0,0.639731765301039,5
2024-10-30,2024-11-06,605377.SH,12.61,12.35,-0.020618556701030966,61.00000000000001,0.6473585951787418,5
2024-10-31,2024-11-07,601702.SH,16.17,17.4,0.07606679035250452,68.00000000000001,0.6139317556630711,5
2024-11-01,2024-11-08,605377.SH,12.18,12.8,0.05090311986863716,61.0,0.6013965585042624,5
2024-11-04,2024-11-11,603096.SH,16.85,17.61,0.04510385756676549,61.00000000000001,0.7447626332493066,5
2024-11-05,2024-11-12,605169.SH,10.32,10.92,0.05813953488372081,73.0,0.6300972557796711,5
2024-11-05,2024-11-12,300445.SZ,15.95,17.39,0.09028213166144217,70.0,0.6142644039257203,5
2024-11-06,2024-11-13,603909.SH,9.13,9.59,0.050383351588170866,80.0,0.6048735773131119,5
2024-11-06,2024-11-13,605169.SH,10.35,10.72,0.035748792270531515,73.0,0.6182124875156544,5
2024-11-07,2024-11-14,603137.SH,10.99,11.21,0.020018198362147466,68.0,0.5598134676068485,5
2024-11-07,2024-11-14,002677.SZ,7.34,7.58,0.032697547683923744,64.0,0.5784239330517994,5
2024-11-08,2024-11-15,600436.SH,258.0,246.2,-0.045736434108527124,68.5,0.5602050018184388,5
2024-11-08,2024-11-15,605189.SH,13.59,13.03,-0.04120676968359094,68.0,0.5734877606258711,5
2024-11-11,2024-11-18,605169.SH,10.36,10.37,0.0009652509652509078,69.0,0.5439701592787528,5
2024-11-11,2024-11-18,600461.SH,9.78,9.63,-0.015337423312883236,69.0,0.5246175786738873,5
2024-11-12,2024-11-19,002884.SZ,19.35,18.23,-0.057881136950904466,67.0,0.5574622128840493,5
2024-11-12,2024-11-19,301004.SZ,103.6,99.34,-0.04111969111969105,64.0,0.5311414404551631,5
2024-11-13,2024-11-20,002677.SZ,7.54,7.48,-0.007957559681697535,73.0,0.5520540272741444,5
2024-11-13,2024-11-20,002155.SZ,15.8,15.3,-0.03164556962025311,61.00000000000001,0.5479133411303522,5
2024-11-14,2024-11-21,601811.SH,14.74,14.53,-0.01424694708276808,71.5,0.5319901584862804,5
2024-11-14,2024-11-21,603060.SH,7.33,7.68,0.04774897680763979,64.5,0.5208124902711263,5
2024-11-18,2024-11-25,002666.SZ,4.52,4.63,0.02433628318584069,61.0,0.6200051885416893,5
2024-11-20,2024-11-27,000915.SZ,25.7,25.56,-0.005447470817120603,67.0,0.5866847999168403,5
2024-11-20,2024-11-27,603700.SH,10.38,10.51,0.012524084778420042,65.0,0.6044011381119032,5
2024-11-21,2024-11-28,001225.SZ,32.9,32.7,-0.006079027355622935,69.0,0.5856668516516311,5
2024-11-21,2024-11-28,300979.SZ,66.75,75.41,0.1297378277153558,67.0,0.5909644585637593,5
2024-11-22,2024-11-29,300979.SZ,69.77,73.81,0.05790454350007179,64.0,0.5798112378533643,5
2024-11-26,2024-12-03,001209.SZ,14.5,22.0,0.5172413793103448,64.5,0.5732463745688897,5
2024-11-26,2024-12-03,603100.SH,22.98,22.01,-0.042210617928633565,63.0,0.5766830881238764,5
2024-11-28,2024-12-05,605555.SH,19.14,21.34,0.11494252873563204,72.0,0.5882708425055627,5
2024-11-28,2024-12-05,605189.SH,13.47,13.49,0.0014847809948033142,67.0,0.5758060407363107,5
2024-11-29,2024-12-06,605555.SH,18.61,22.32,0.19935518538420216,67.0,0.5615860161017853,5
2024-11-29,2024-12-06,600549.SH,20.1,20.38,0.013930348258706315,64.0,0.5596331955750524,5
2024-12-02,2024-12-09,601686.SH,5.65,5.76,0.019469026548672552,62.0,0.5601998423316878,5
2024-12-02,2024-12-09,301053.SZ,22.53,22.71,0.00798934753661773,62.0,0.5597027717392835,5
2024-12-03,2024-12-10,605183.SH,17.33,18.81,0.08540103866128113,69.0,0.5907139781928981,5
2024-12-03,2024-12-10,002749.SZ,13.81,14.56,0.05430847212165091,67.0,0.5947856670003543,5
2024-12-04,2024-12-11,002039.SZ,15.45,15.36,-0.005825242718446644,72.5,0.5387378361370304,5
2024-12-04,2024-12-11,002158.SZ,20.3,19.46,-0.04137931034482756,69.5,0.5262159468917409,5
2024-12-05,2024-12-12,601811.SH,14.12,15.17,0.07436260623229463,61.0,0.6177434954126899,5
2024-12-05,2024-12-12,000719.SZ,11.05,12.4,0.12217194570135748,61.0,0.6076254315081292,5
2024-12-06,2024-12-13,603757.SH,21.17,21.45,0.013226263580538467,71.0,0.5455697773667233,5
2024-12-06,2024-12-13,002884.SZ,17.74,18.43,0.03889515219842177,64.0,0.5449201608988418,5
2024-12-09,2024-12-16,605098.SH,36.9,36.03,-0.023577235772357708,75.0,0.532300318275957,5
2024-12-09,2024-12-16,601811.SH,14.92,15.13,0.014075067024128751,71.5,0.5347833319624675,5
2024-12-10,2024-12-17,605098.SH,37.0,36.6,-0.010810810810810811,72.0,0.5406831191456303,5
2024-12-10,2024-12-17,002938.SZ,35.81,35.58,-0.0064227869310249375,66.0,0.5177516430311159,5
2024-12-11,2024-12-18,603156.SH,21.67,22.62,0.043839409321642764,68.5,0.5513078761912112,5
2024-12-11,2024-12-18,002032.SZ,53.64,53.49,-0.002796420581655412,63.0,0.5497223579040709,5
2024-12-12,2024-12-19,002033.SZ,9.25,9.19,-0.006486486486486531,69.5,0.5402163721013652,5
2024-12-12,2024-12-19,601138.SH,22.37,21.2,-0.0523021904336165,69.0,0.5409419648264199,5
2024-12-13,2024-12-20,301061.SZ,56.31,56.33,0.00035517670040841054,75.0,0.553469334887479,5
2024-12-13,2024-12-20,600007.SH,23.92,23.96,0.0016722408026754731,66.5,0.5728766867022912,5
2024-12-16,2024-12-23,600007.SH,23.12,23.8,0.02941176470588225,65.0,0.6188130823319935,5
2024-12-17,2024-12-24,002039.SZ,15.52,15.25,-0.017396907216494784,60.0,0.5885599765146861,5
2024-12-19,2024-12-26,002039.SZ,15.46,15.53,0.004527813712807083,65.0,0.5507973489881359,5
2024-12-19,2024-12-26,301329.SZ,19.75,20.38,0.03189873417721523,62.0,0.638292125409763,5
2024-12-20,2024-12-27,603206.SH,17.35,16.97,-0.021902017291066445,67.0,0.5546854319801733,5
2024-12-20,2024-12-27,301329.SZ,20.56,21.13,0.027723735408560435,62.0,0.6084792169602804,5
2024-12-23,2024-12-30,002327.SZ,8.99,8.64,-0.03893214682981083,70.0,0.5824181338718374,5
2024-12-23,2024-12-30,301106.SZ,30.49,29.13,-0.04460478845523119,67.0,0.5822909311612458,5
2024-12-24,2024-12-31,002969.SZ,3.16,3.17,0.0031645569620253333,61.00000000000001,0.7214790030082359,5
2024-12-25,2025-01-02,605339.SH,17.72,17.05,-0.03781038374717827,66.0,0.5753881474041895,5
2024-12-25,2025-01-02,001368.SZ,19.25,18.97,-0.014545454545454639,60.50000000000001,0.6015693811037148,5
2024-12-27,2025-01-06,301468.SZ,21.27,20.01,-0.05923836389280668,61.5,0.603312757657777,5
2024-12-30,2025-01-07,002692.SZ,4.01,3.75,-0.06483790523690769,71.0,0.5982186317212391,5
2024-12-30,2025-01-07,603176.SH,4.61,4.21,-0.08676789587852507,62.0,0.5826371324745827,5
2025-01-07,2025-01-14,605058.SH,18.28,19.47,0.0650984682713347,61.00000000000001,0.8676663093839196,5
2025-01-08,2025-01-15,301309.SZ,23.47,24.07,0.025564550489987292,67.0,0.8408310912941204,5
2025-01-08,2025-01-15,603203.SH,21.79,22.98,0.054612207434603155,66.0,0.8339248023869219,5
2025-01-15,2025-01-22,300233.SZ,11.65,12.82,0.10042918454935612,67.5,0.7938607538824819,5
2025-01-15,2025-01-22,002961.SZ,13.7,13.87,0.012408759124087565,67.0,0.806624943441679,5
2025-01-16,2025-01-23,000028.SZ,26.62,25.68,-0.03531179564237419,63.500000000000014,0.6918922344286023,5
2025-01-17,2025-01-24,301126.SZ,10.3,10.22,-0.007766990291262155,65.0,0.6628734633545484,5
2025-01-20,2025-01-27,600325.SH,5.32,5.37,0.009398496240601517,61.5,0.6328432264003478,5
2025-01-20,2025-01-27,301223.SZ,15.6,16.05,0.028846153846153966,61.0,0.6329147902594433,5
2025-01-21,2025-02-05,002322.SZ,12.75,13.21,0.03607843137254907,74.5,0.6338451733506186,5
2025-01-21,2025-02-05,000869.SZ,21.6,21.61,0.0004629629629628873,63.00000000000001,0.6471851398209912,5
2025-01-22,2025-02-06,002440.SZ,6.67,6.81,0.020989505247376306,69.5,0.566228947683542,5
2025-01-22,2025-02-06,301309.SZ,24.6,24.55,-0.002032520325203291,64.5,0.5665875731488138,5
2025-01-24,2025-02-10,002489.SZ,3.33,3.45,0.03603603603603611,69.0,0.5839318479060188,5
2025-01-24,2025-02-10,001256.SZ,16.33,17.28,0.05817513778322114,68.0,0.5789559351851796,5
2025-01-27,2025-02-11,003008.SZ,19.1,19.66,0.029319371727748678,82.5,0.6107538641816036,5
2025-01-27,2025-02-11,002322.SZ,13.0,13.91,0.07000000000000006,79.5,0.5893136928901211,5
2025-02-05,2025-02-12,301282.SZ,22.24,22.85,0.02742805755395694,72.0,0.6190538767862833,5
2025-02-05,2025-02-12,300627.SZ,40.5,44.08,0.08839506172839506,69.0,0.6460934373922141,5
2025-02-06,2025-02-13,301201.SZ,18.76,19.73,0.051705756929637525,66.0,0.6350065103376819,5
2025-02-06,2025-02-13,301168.SZ,27.92,29.19,0.04548710601719197,65.50000000000001,0.623364914432674,5
2025-02-07,2025-02-14,300625.SZ,11.73,11.57,-0.013640238704177299,74.5,0.6479379121099176,5
2025-02-07,2025-02-14,603700.SH,10.29,10.0,-0.02818270165208936,72.5,0.6577969192701715,5
2025-02-10,2025-02-17,603700.SH,10.2,10.05,-0.014705882352941013,74.0,0.6435662180258066,5
2025-02-10,2025-02-17,300610.SZ,10.01,9.93,-0.007992007992008054,73.0,0.6574310716033704,5
2025-02-11,2025-02-18,002763.SZ,6.76,6.75,-0.0014792899408283544,79.0,0.6748380975207671,5
2025-02-11,2025-02-18,603590.SH,23.92,24.63,0.02968227424749159,74.0,0.664046750628335,5
2025-02-12,2025-02-19,300625.SZ,11.79,11.45,-0.028837998303647194,77.5,0.6419238812840425,5
2025-02-12,2025-02-19,603055.SH,10.66,10.2,-0.04315196998123838,75.0,0.6439727652596579,5
2025-02-13,2025-02-20,300610.SZ,10.21,10.1,-0.010773751224290029,77.5,0.6406314102151388,5
2025-02-13,2025-02-20,300625.SZ,11.81,11.63,-0.015241320914479273,72.5,0.6775055384846584,5
2025-02-14,2025-02-21,300625.SZ,11.57,11.87,0.025929127052722434,67.00000000000001,0.7054784710432476,5
2025-02-14,2025-02-21,603787.SH,10.25,10.43,0.017560975609756113,65.00000000000001,0.6763484987693216,5
2025-02-17,2025-02-24,300625.SZ,11.52,11.73,0.01822916666666674,72.00000000000001,0.6874187772067595,5
2025-02-17,2025-02-24,301190.SZ,15.56,15.67,0.007069408740359773,71.0,0.6672648163458549,5
2025-02-18,2025-02-25,300907.SZ,22.18,22.69,0.022993688007213686,78.0,0.6975429674873622,5
2025-02-18,2025-02-25,603321.SH,7.34,7.32,-0.0027247956403269047,73.0,0.7013770946588609,5
2025-02-19,2025-02-26,603329.SH,12.79,12.83,0.0031274433150900727,61.0,0.7764533916331628,5
2025-02-20,2025-02-27,301032.SZ,9.53,10.86,0.13955928646379845,77.0,0.6843726224233233,5
2025-02-20,2025-02-27,002687.SZ,4.41,4.45,0.009070294784580435,71.0,0.6867645577169244,5
2025-02-21,2025-02-28,300907.SZ,22.45,23.42,0.043207126948775265,75.0,0.6606707888241072,5
2025-02-21,2025-02-28,301032.SZ,9.66,10.59,0.09627329192546585,70.0,0.6594507071716861,5
2025-02-24,2025-03-03,601700.SH,4.5,4.39,-0.02444444444444449,78.0,0.6198376796473843,5
2025-02-24,2025-03-03,600379.SH,9.44,9.51,0.00741525423728806,73.0,0.6207120464855223,5
2025-02-25,2025-03-04,603332.SH,9.31,9.2,-0.011815252416756294,72.0,0.6837472760325848,5
2025-02-25,2025-03-04,600853.SH,3.76,3.7,-0.015957446808510523,68.0,0.6109049998608015,5
2025-02-26,2025-03-05,600883.SH,6.91,7.0,0.013024602026049159,62.0,0.6311060329761413,5
2025-02-27,2025-03-06,301559.SZ,15.39,15.2,-0.012345679012345734,74.5,0.6297571873492066,5
2025-02-27,2025-03-06,002968.SZ,9.41,9.3,-0.011689691817215686,65.0,0.6071440808734132,5
2025-02-28,2025-03-07,301276.SZ,20.6,20.67,0.0033980582524271163,74.5,0.6155329273325503,5
2025-02-28,2025-03-07,603886.SH,13.57,13.42,-0.011053795136330202,69.5,0.6173832962940055,5
2025-03-03,2025-03-10,300907.SZ,22.53,23.18,0.02885042166000873,61.00000000000001,0.7664673822871305,5
2025-03-04,2025-03-11,300658.SZ,5.67,6.12,0.0793650793650793,70.0,0.6140986985597691,5
2025-03-04,2025-03-11,001218.SZ,16.35,16.52,0.01039755351681948,65.0,0.6331410181218257,5
2025-03-05,2025-03-12,301006.SZ,14.09,14.53,0.031227821149751644,68.0,0.6300972611883914,5
2025-03-05,2025-03-12,301559.SZ,15.25,15.52,0.017704918032786843,62.0,0.6546799321939262,5
2025-03-06,2025-03-13,301529.SZ,30.6,34.9,0.1405228758169934,68.0,0.592088229215606,5
2025-03-06,2025-03-13,301559.SZ,15.2,15.31,0.007236842105263319,67.0,0.6305200388762384,5
2025-03-07,2025-03-14,603073.SH,15.22,15.31,0.005913272010512394,68.0,0.6062860853852756,5
2025-03-07,2025-03-14,601811.SH,13.93,14.03,0.007178750897343766,66.0,0.6156264664098123,5
2025-03-10,2025-03-17,603132.SH,11.94,11.8,-0.011725293132328174,66.5,0.5312708163562216,5
2025-03-10,2025-03-17,002540.SZ,6.21,6.24,0.004830917874396157,64.5,0.5382432298763934,5
2025-03-11,2025-03-18,301148.SZ,19.19,19.69,0.02605523710265767,71.5,0.5366164039888063,5
2025-03-11,2025-03-18,000920.SZ,8.7,9.14,0.05057471264367841,67.5,0.5467897222547675,5
2025-03-12,2025-03-19,301559.SZ,15.52,15.92,0.02577319587628879,71.5,0.5407894641418081,5
2025-03-12,2025-03-19,600459.SH,14.53,14.48,-0.0034411562284927255,68.5,0.5431204555709711,5
2025-03-13,2025-03-20,603587.SH,12.29,12.52,0.018714401952807158,72.5,0.5354679470893653,5
2025-03-13,2025-03-20,301276.SZ,20.72,21.41,0.03330115830115843,70.0,0.5519356120649304,5
2025-03-14,2025-03-21,300962.SZ,15.31,15.53,0.01436969301110369,68.00000000000001,0.5530638796986911,5
2025-03-14,2025-03-21,301559.SZ,15.32,16.31,0.06462140992167087,64.0,0.5617554129692697,5
2025-03-17,2025-03-24,001323.SZ,34.4,33.45,-0.02761627906976727,70.0,0.5711869988219662,5
2025-03-17,2025-03-24,605339.SH,17.74,16.76,-0.055242390078917514,69.5,0.5859055127005095,5
2025-03-18,2025-03-25,603889.SH,6.73,6.55,-0.026745913818722267,73.5,0.5485141763567338,5
2025-03-18,2025-03-25,603365.SH,15.73,15.36,-0.023521932612841745,71.5,0.5445122395820339,5
2025-03-19,2025-03-26,603365.SH,15.9,15.34,-0.035220125786163514,71.5,0.5411918121930291,5
2025-03-19,2025-03-26,603231.SH,16.06,15.85,-0.013075965130759593,66.5,0.5460973412147032,5
2025-03-20,2025-03-27,603235.SH,26.66,27.4,0.02775693923480871,66.5,0.5605633676092369,5
2025-03-20,2025-03-27,603365.SH,15.93,15.62,-0.019460138104205882,62.50000000000001,0.5390541601370463,5
2025-03-21,2025-03-28,301345.SZ,68.28,69.49,0.017721148213239557,76.5,0.5394343524689222,5
2025-03-21,2025-03-28,603365.SH,15.78,15.61,-0.010773130544993625,66.0,0.5671948829343499,5
2025-03-24,2025-03-31,601799.SH,133.54,134.83,0.009660026958214996,63.50000000000001,0.6144050828072705,5
2025-03-24,2025-03-31,605128.SH,41.51,40.86,-0.01565887737894478,63.00000000000001,0.6105300933104791,5
2025-03-25,2025-04-01,603558.SH,10.38,9.85,-0.05105973025048183,69.5,0.5447163547271828,5
2025-03-25,2025-04-01,002911.SZ,11.23,11.33,0.008904719501335645,62.00000000000001,0.5475941172601683,5
2025-03-26,2025-04-02,002749.SZ,14.14,15.05,0.06435643564356441,70.0,0.5598275463466764,5
2025-03-26,2025-04-02,600486.SH,54.15,53.22,-0.0171745152354571,67.0,0.5692682225765061,5
2025-03-27,2025-04-03,603558.SH,10.31,9.77,-0.05237633365664407,70.0,0.577678537330701,5
2025-03-27,2025-04-03,603365.SH,15.62,15.59,-0.001920614596670922,67.0,0.5814817645748048,5
2025-03-28,2025-04-07,001231.SZ,17.68,16.53,-0.06504524886877816,62.0,0.5605113954985017,5
2025-03-28,2025-04-07,603320.SH,18.04,15.82,-0.12305986696230597,61.0,0.588292241042438,5
2025-03-31,2025-04-08,300443.SZ,21.0,17.55,-0.16428571428571426,66.0,0.6440380120239415,5
2025-03-31,2025-04-08,601065.SH,8.7,8.11,-0.06781609195402294,61.00000000000001,0.6073473645762466,5
2025-04-01,2025-04-09,605050.SH,10.35,9.16,-0.114975845410628,64.00000000000001,0.5657540748753324,5
2025-04-01,2025-04-09,603320.SH,17.68,14.21,-0.19626696832579182,61.0,0.5813665678061172,5
2025-04-02,2025-04-10,301203.SZ,30.65,27.99,-0.08678629690048945,62.0,0.5626750814944538,5
2025-04-03,2025-04-11,002327.SZ,8.57,8.26,-0.03617269544924162,72.5,0.5334656782591712,5
2025-04-03,2025-04-11,002139.SZ,14.82,12.32,-0.1686909581646424,68.0,0.5313590322630968,5
2025-04-07,2025-04-14,001228.SZ,21.0,20.79,-0.010000000000000009,72.0,0.5686224656607977,5
2025-04-07,2025-04-14,301345.SZ,61.01,59.6,-0.023110965415505613,66.0,0.5806037807746547,5
2025-04-08,2025-04-15,000060.SZ,4.37,4.57,0.04576659038901609,67.0,0.8945164852298186,5
2025-04-08,2025-04-15,605287.SH,11.84,12.08,0.020270270270270396,65.0,0.8973380551968134,5
2025-04-09,2025-04-16,603111.SH,5.9,6.23,0.055932203389830626,67.0,0.8940169062399932,5
2025-04-09,2025-04-16,002790.SZ,6.52,7.04,0.07975460122699385,64.50000000000001,0.9079514759069494,5
2025-04-10,2025-04-17,000913.SZ,16.0,15.98,-0.0012499999999999734,74.5,0.8826154983617587,5
2025-04-10,2025-04-17,601311.SH,7.39,7.8,0.05548037889039237,65.0,0.8878119587801877,5
2025-04-11,2025-04-18,002454.SZ,5.87,6.11,0.040885860306643984,65.0,0.8375589097504871,5
2025-04-11,2025-04-18,002980.SZ,22.43,24.51,0.0927329469460545,65.0,0.8363384762900781,5
2025-04-14,2025-04-21,002454.SZ,6.03,6.14,0.018242122719734466,71.0,0.812982943041749,5
2025-04-14,2025-04-21,300818.SZ,19.47,19.1,-0.01900359527478157,69.5,0.8147869374303375,5
2025-04-15,2025-04-22,300502.SZ,78.28,81.0,0.03474706182933063,72.5,0.8030769567046193,5
2025-04-15,2025-04-22,301086.SZ,41.7,42.31,0.014628297362110354,67.0,0.7985214807382078,5
2025-04-16,2025-04-23,002955.SZ,20.4,21.66,0.061764705882352944,63.00000000000001,0.7920727609925828,5
2025-04-16,2025-04-23,002884.SZ,15.47,15.56,0.005817711700064621,61.5,0.8183538411080171,5
2025-04-18,2025-04-25,001387.SZ,12.03,12.26,0.019118869492934287,64.5,0.7996161545740545,5
2025-04-18,2025-04-25,600469.SH,5.32,5.45,0.02443609022556381,62.0,0.749436951602946,5
2025-04-21,2025-04-28,000636.SZ,13.6,13.22,-0.027941176470588136,78.0,0.7213351706719371,5
2025-04-21,2025-04-28,001326.SZ,28.97,30.27,0.04487400759406279,64.5,0.7383865656768431,5
2025-04-22,2025-04-29,601702.SH,15.82,16.86,0.06573957016434884,75.0,0.7087943182817993,5
2025-04-22,2025-04-29,601689.SH,49.9,50.66,0.015230460921843658,74.5,0.7013887608431205,5
2025-04-23,2025-04-30,000906.SZ,6.11,6.25,0.022913256955810146,78.0,0.6398887943051247,5
2025-04-23,2025-04-30,002996.SZ,6.12,6.72,0.09803921568627438,63.0,0.6482582522854344,5
2025-04-24,2025-05-06,603320.SH,16.42,16.59,0.010353227771010776,70.0,0.5897756951665867,5
2025-04-24,2025-05-06,605060.SH,17.27,17.69,0.02431962941517085,65.0,0.5868334916270549,5
2025-04-25,2025-05-07,603693.SH,12.43,12.35,-0.006436041834271933,68.00000000000001,0.6294028830244217,5
2025-04-25,2025-05-07,000528.SZ,9.8,10.33,0.054081632653061096,67.0,0.5970278761331025,5
2025-04-28,2025-05-08,000528.SZ,10.37,10.12,-0.024108003857280624,72.0,0.5621463006453249,5
2025-04-28,2025-05-08,002444.SZ,23.79,24.16,0.015552753257671359,67.5,0.5705339892621407,5
2025-04-30,2025-05-12,000528.SZ,10.03,10.34,0.030907278165503538,75.0,0.6567863019469999,5
2025-04-30,2025-05-12,000411.SZ,10.26,10.7,0.04288499025341119,70.0,0.6318911900679604,5
2025-05-06,2025-05-13,600469.SH,5.29,5.58,0.05482041587901709,65.0,0.6201583761008361,5
2025-05-06,2025-05-13,000411.SZ,10.21,10.72,0.04995102840352583,64.0,0.6208269601683187,5
2025-05-07,2025-05-14,603225.SH,10.81,11.22,0.037927844588344195,70.5,0.6408229649853951,5
2025-05-07,2025-05-14,002452.SZ,7.1,7.17,0.009859154929577452,70.0,0.6566373225463125,5
2025-05-08,2025-05-15,603995.SH,16.51,16.76,0.015142337976983722,61.0,0.6043922169977765,5
2025-05-08,2025-05-15,002810.SZ,11.67,11.81,0.011996572407883432,60.5,0.5947406267849218,5
2025-05-09,2025-05-16,301358.SZ,30.53,29.94,-0.01932525384867345,62.5,0.6496290037925071,5
2025-05-09,2025-05-16,605222.SH,15.19,15.02,-0.011191573403554922,61.5,0.6390673988430606,5
2025-05-12,2025-05-19,300389.SZ,10.64,10.6,-0.00375939849624074,72.5,0.633095482538848,5
2025-05-12,2025-05-19,601512.SH,7.41,7.43,0.0026990553306343035,62.0,0.6336855567474937,5
2025-05-13,2025-05-20,002984.SZ,20.1,18.97,-0.05621890547263697,67.5,0.6640901508718455,5
2025-05-13,2025-05-20,300833.SZ,35.02,33.6,-0.04054825813820684,67.0,0.6480619024858325,5
2025-05-14,2025-05-21,002150.SZ,11.48,11.26,-0.019163763066202155,68.5,0.6383492311394561,5
2025-05-14,2025-05-21,603153.SH,17.08,17.32,0.014051522248243575,67.0,0.6236318849378807,5
2025-05-15,2025-05-22,300833.SZ,34.02,33.8,-0.0064667842445621515,64.5,0.6554911318110325,5
2025-05-15,2025-05-22,002790.SZ,7.21,7.38,0.023578363384188616,63.5,0.6256378462685286,5
2025-05-16,2025-05-23,300833.SZ,33.96,33.62,-0.010011778563015383,63.5,0.6726568790864521,5
2025-05-19,2025-05-26,603726.SH,15.49,15.29,-0.01291155584247905,70.0,0.6385586850911981,5
2025-05-19,2025-05-26,601966.SH,14.78,14.48,-0.020297699594045926,65.5,0.6450267031454041,5
2025-05-20,2025-05-27,603153.SH,17.13,16.9,-0.013426736719206134,71.0,0.686481502493328,5
2025-05-20,2025-05-27,603017.SH,8.72,9.04,0.0366972477064218,69.5,0.6464843608966644,5
2025-05-21,2025-05-28,002938.SZ,28.91,27.83,-0.03735731580767909,70.50000000000001,0.6594435321659039,5
2025-05-21,2025-05-28,002150.SZ,11.26,10.83,-0.03818827708703376,65.5,0.6458519841589059,5
2025-05-22,2025-05-29,301222.SZ,26.81,26.33,-0.017903767251025715,77.0,0.6353300686649082,5
2025-05-22,2025-05-29,300389.SZ,10.75,10.43,-0.029767441860465094,68.00000000000001,0.6293037647933174,5
2025-05-23,2025-05-30,003008.SZ,20.57,20.47,-0.004861448711716121,60.00000000000001,0.6468015508294842,5
2025-05-26,2025-06-03,603209.SH,14.64,14.53,-0.007513661202185884,62.0,0.6302735399947934,5
2025-05-27,2025-06-04,300833.SZ,34.79,33.36,-0.041103765449841956,70.5,0.642909003797516,5
2025-05-27,2025-06-04,301282.SZ,20.7,20.79,0.004347826086956497,65.0,0.6388921267065409,5
2025-05-28,2025-06-05,300864.SZ,19.4,19.56,0.008247422680412342,67.0,0.629106488218637,5
2025-05-28,2025-06-05,603180.SH,18.7,19.37,0.03582887700534765,67.0,0.6200148306930315,5
2025-05-29,2025-06-06,300864.SZ,19.53,19.5,-0.001536098310291889,64.0,0.6293039164668511,5
2025-05-30,2025-06-09,603153.SH,17.17,17.24,0.004076878276062734,71.0,0.6920075149661126,5
2025-05-30,2025-06-09,002116.SZ,10.19,10.47,0.027477919528950068,71.0,0.6688196796716448,5
2025-06-03,2025-06-10,603153.SH,17.0,17.21,0.012352941176470678,67.0,0.6365427005623221,5
2025-06-03,2025-06-10,603551.SH,10.41,10.37,-0.003842459173871382,61.0,0.6245420642709897,5
2025-06-04,2025-06-11,002790.SZ,7.28,7.37,0.012362637362637319,68.5,0.6328735763748345,5
2025-06-04,2025-06-11,603317.SH,11.53,11.5,-0.002601908065914982,67.0,0.6168585907938389,5
2025-06-05,2025-06-12,002563.SZ,5.43,5.36,-0.012891344383056946,70.0,0.6207877819461118,5
2025-06-05,2025-06-12,001323.SZ,30.93,29.86,-0.03459424506951181,67.0,0.5948351983130163,5
2025-06-06,2025-06-13,600132.SH,58.7,56.6,-0.035775127768313486,67.0,0.5933538484367347,5
2025-06-06,2025-06-13,301282.SZ,21.2,21.66,0.02169811320754711,62.0,0.6064223931785067,5
2025-06-09,2025-06-16,002311.SZ,60.96,59.8,-0.01902887139107623,66.0,0.5573430506072964,5
2025-06-09,2025-06-16,300294.SZ,27.37,26.5,-0.03178662769455609,65.0,0.5472211273311196,5
2025-06-10,2025-06-17,603301.SH,20.83,19.94,-0.042726836293806914,74.5,0.5749471667114247,5
2025-06-10,2025-06-17,002790.SZ,7.44,7.31,-0.017473118279569988,73.0,0.6183715927838798,5
2025-06-11,2025-06-18,600018.SH,5.78,5.8,0.0034602076124565784,65.0,0.5537012995682906,5
2025-06-11,2025-06-18,601000.SH,4.06,4.06,0.0,62.0,0.552061821792786,5
2025-06-12,2025-06-19,002458.SZ,8.37,8.15,-0.026284348864993867,75.5,0.5630093603788426,5
2025-06-12,2025-06-19,600612.SH,53.05,51.4,-0.031102733270499505,74.5,0.564019471380834,5
2025-06-13,2025-06-20,600373.SH,10.48,10.25,-0.021946564885496178,75.0,0.5870417395828434,5
2025-06-13,2025-06-20,603301.SH,20.14,20.38,0.011916583912611634,67.0,0.545643288369128,5
2025-06-17,2025-06-24,000731.SZ,6.8,6.83,0.004411764705882337,68.0,0.568181798512428,5
2025-06-17,2025-06-24,002538.SZ,5.11,5.08,-0.005870841487279899,65.5,0.568955946293512,5
2025-06-18,2025-06-25,601555.SH,8.76,8.76,0.0,64.5,0.5678131526714544,5
2025-06-18,2025-06-25,000731.SZ,6.89,6.86,-0.004354136429608024,64.5,0.5577911208517214,5
2025-06-19,2025-06-26,002311.SZ,58.4,59.83,0.024486301369863073,65.00000000000001,0.591553945461883,5
2025-06-23,2025-06-30,000582.SZ,8.27,8.26,-0.0012091898428052694,68.00000000000001,0.5665169715317311,5
2025-06-24,2025-07-01,000707.SZ,6.25,6.34,0.014399999999999968,63.0,0.590558175348965,5
2025-06-24,2025-07-01,300627.SZ,32.31,35.05,0.08480346641906511,62.0,0.6270878507708527,5
2025-06-25,2025-07-02,300627.SZ,33.58,34.66,0.032162001191185174,69.5,0.6645492402971969,5
2025-06-25,2025-07-02,002790.SZ,7.31,7.29,-0.002735978112175075,65.0,0.6156441960355881,5
2025-06-26,2025-07-03,300458.SZ,40.4,38.54,-0.04603960396039608,76.5,0.5636172241814108,5
2025-06-26,2025-07-03,300454.SZ,95.4,90.61,-0.0502096436058701,71.5,0.6022738111680205,5
2025-06-27,2025-07-04,002159.SZ,15.25,15.29,0.0026229508196720097,75.5,0.5638580968019395,5
2025-06-27,2025-07-04,603499.SH,16.26,16.09,-0.010455104551045591,75.0,0.5617177417952693,5
2025-06-30,2025-07-07,601138.SH,21.48,23.8,0.10800744878957169,81.5,0.579334844640666,5
2025-06-30,2025-07-07,300627.SZ,34.9,34.0,-0.025787965616045794,69.5,0.6820323883257979,5
2025-07-01,2025-07-08,301158.SZ,17.41,17.41,0.0,70.0,0.6222644043215155,5
2025-07-01,2025-07-08,300627.SZ,35.05,34.06,-0.02824536376604836,69.5,0.6754864573921846,5
2025-07-02,2025-07-09,300160.SZ,5.52,6.42,0.16304347826086962,73.0,0.6072802197744185,5
2025-07-02,2025-07-09,002540.SZ,5.85,5.9,0.008547008547008739,69.5,0.5730015091880116,5
2025-07-03,2025-07-10,002935.SZ,15.99,15.61,-0.023764853033145794,62.5,0.6149517051655701,5
2025-07-03,2025-07-10,600183.SH,28.68,33.38,0.16387726638772682,61.0,0.6118881677425293,5
2025-07-04,2025-07-11,601138.SH,23.31,26.1,0.1196911196911199,87.5,0.5935492183731113,5
2025-07-04,2025-07-11,002935.SZ,15.84,15.65,-0.011994949494949503,73.5,0.5952940391401781,5
2025-07-07,2025-07-14,601138.SH,23.8,26.0,0.09243697478991586,79.5,0.6018352893027066,5
2025-07-08,2025-07-15,603312.SH,36.45,37.87,0.038957475994512825,60.0,0.5806589514116667,5
2025-07-09,2025-07-16,601568.SH,4.22,4.27,0.011848341232227444,71.5,0.602688061882965,5
2025-07-09,2025-07-16,002139.SZ,13.63,13.85,0.01614086573734408,71.0,0.6095282009981361,5
2025-07-10,2025-07-17,600853.SH,3.6,3.62,0.005555555555555536,69.5,0.5720969695141297,5
2025-07-10,2025-07-17,002233.SZ,8.12,8.03,-0.011083743842364546,67.5,0.5997275497002513,5
2025-07-11,2025-07-18,600639.SH,11.0,10.85,-0.013636363636363669,72.5,0.6045500667687516,5
2025-07-11,2025-07-18,601512.SH,7.53,8.22,0.09163346613545831,66.5,0.5846090793783538,5
2025-07-14,2025-07-21,300181.SZ,18.9,18.49,-0.021693121693121653,69.5,0.5871463431811826,5
2025-07-14,2025-07-21,002322.SZ,12.53,12.55,0.0015961691939345712,69.5,0.5777831304046519,5
2025-07-15,2025-07-22,605368.SH,10.0,10.07,0.007000000000000117,71.5,0.5715082597257185,5
2025-07-15,2025-07-22,605377.SH,9.13,9.12,-0.0010952902519169028,66.5,0.5742204876368874,5
2025-07-16,2025-07-23,000899.SZ,9.59,9.5,-0.009384775808133461,62.0,0.5902541839967627,5
2025-07-17,2025-07-24,002101.SZ,12.68,12.53,-0.011829652996845463,67.5,0.5904677529947022,5
2025-07-17,2025-07-24,600976.SH,39.91,40.19,0.007015785517414219,65.0,0.5727385991472226,5
2025-07-18,2025-07-25,001326.SZ,33.83,34.32,0.014484185634052738,65.00000000000001,0.6025071006180679,5
2025-07-18,2025-07-25,002101.SZ,12.68,12.66,-0.001577287066246047,64.5,0.6075850768361125,5
2025-07-21,2025-07-28,605098.SH,36.16,36.59,0.011891592920354244,63.5,0.6028267926568831,5
2025-07-21,2025-07-28,002818.SZ,12.53,12.28,-0.01995211492418192,63.00000000000001,0.5956863397433908,5
2025-07-22,2025-07-29,603279.SH,15.46,15.89,0.02781371280724443,69.5,0.5945828231961039,5
2025-07-22,2025-07-29,000048.SZ,16.01,16.23,0.013741411617738786,65.0,0.5983490517795621,5
2025-07-23,2025-07-30,000048.SZ,16.57,15.98,-0.03560651780325885,74.5,0.5625482674358037,5
2025-07-23,2025-07-30,000028.SZ,25.6,25.79,0.007421874999999911,70.50000000000001,0.589075930897011,5
2025-07-24,2025-07-31,000028.SZ,25.55,25.85,0.011741682974559797,74.5,0.5923218610992654,5
2025-07-24,2025-07-31,603162.SH,8.43,8.74,0.03677342823250296,67.00000000000001,0.5774344048616601,5
2025-07-25,2025-08-01,600009.SH,33.22,32.11,-0.03341360626128842,74.5,0.5986685766017736,5
2025-07-25,2025-08-01,600976.SH,40.69,41.49,0.019660850331777002,74.5,0.5878886890991164,5
2025-07-28,2025-08-04,603766.SH,12.41,12.15,-0.020950846091861375,74.0,0.5719282217383641,5
2025-07-28,2025-08-04,000028.SZ,25.81,25.61,-0.00774893452150327,73.5,0.5685667891130805,5
2025-07-29,2025-08-05,000557.SZ,5.51,5.43,-0.014519056261342977,72.0,0.5924937948037481,5
2025-07-29,2025-08-05,600007.SH,20.87,20.52,-0.01677048394825109,67.0,0.5936915135390833,5
2025-07-30,2025-08-06,002135.SZ,4.44,4.39,-0.011261261261261368,68.00000000000001,0.6258568612761063,5
2025-07-30,2025-08-06,000731.SZ,7.12,7.14,0.002808988764044784,65.0,0.5938402577252129,5
2025-07-31,2025-08-07,002088.SZ,10.94,11.09,0.013711151736745864,72.00000000000001,0.6343473006123053,5
2025-07-31,2025-08-07,002461.SZ,10.53,10.5,-0.002849002849002802,69.0,0.6083105294853397,5
2025-08-01,2025-08-08,600123.SH,6.69,6.91,0.03288490284005974,62.50000000000001,0.6573830576213879,5
2025-08-04,2025-08-11,002088.SZ,10.89,11.33,0.04040404040404044,73.0,0.6597477346418332,5
2025-08-04,2025-08-11,603101.SH,7.64,8.17,0.06937172774869116,68.00000000000001,0.6392743158979247,5
2025-08-05,2025-08-12,603101.SH,7.65,7.98,0.04313725490196085,68.00000000000001,0.6296413001273266,5
2025-08-05,2025-08-12,000090.SZ,3.5,3.58,0.02285714285714291,68.0,0.6271072552443238,5
2025-08-06,2025-08-13,603101.SH,7.61,8.33,0.09461235216819963,67.0,0.6637385671763909,5
2025-08-06,2025-08-13,601686.SH,6.13,6.23,0.016313213703099683,65.0,0.6405410832125381,5
2025-08-07,2025-08-14,003002.SZ,26.11,25.64,-0.018000765990042078,69.0,0.6034636996392431,5
2025-08-07,2025-08-14,000090.SZ,3.51,3.63,0.03418803418803429,68.0,0.5931516080090682,5
2025-08-08,2025-08-15,605198.SH,48.86,47.79,-0.02189930413426111,76.5,0.5890168666981409,5
2025-08-08,2025-08-15,002088.SZ,11.18,11.87,0.06171735241502674,71.50000000000001,0.5670387867834759,5
2025-08-11,2025-08-18,002088.SZ,11.33,11.98,0.057369814651368145,75.5,0.5734158296016142,5
2025-08-11,2025-08-18,605365.SH,14.83,15.76,0.06271072151045187,69.00000000000001,0.5849147726981435,5
2025-08-12,2025-08-19,603381.SH,21.5,23.13,0.07581395348837194,77.0,0.5862500486595762,5
2025-08-12,2025-08-19,002825.SZ,10.54,10.46,-0.007590132827324347,73.0,0.5770080019609367,5
2025-08-13,2025-08-20,603499.SH,16.69,18.49,0.10784901138406222,71.5,0.5715153735959928,5
2025-08-13,2025-08-20,605365.SH,14.85,15.98,0.07609427609427621,70.00000000000001,0.5698249544599489,5
2025-08-14,2025-08-21,605158.SH,9.26,9.23,-0.003239740820734305,74.0,0.5861015170559575,5
2025-08-14,2025-08-21,001283.SZ,72.0,76.62,0.0641666666666667,68.0,0.588145178535678,5
2025-08-18,2025-08-25,603662.SH,70.68,72.48,0.025466893039049143,63.5,0.6009251405128703,5
2025-08-18,2025-08-25,301588.SZ,19.26,20.24,0.05088265835929362,62.0,0.6070326809735461,5
2025-08-19,2025-08-26,601311.SH,9.75,10.18,0.04410256410256408,70.5,0.5837366270931649,5
2025-08-19,2025-08-26,603662.SH,70.0,73.18,0.045428571428571596,61.5,0.601202799848634,5
2025-08-20,2025-08-27,000729.SZ,12.16,12.83,0.05509868421052633,75.0,0.5838610475363473,5
2025-08-20,2025-08-27,603662.SH,70.51,72.06,0.021982697489717706,66.5,0.5764385995781446,5
2025-08-21,2025-08-28,000554.SZ,7.15,7.08,-0.009790209790209836,82.5,0.5757788982591884,5
2025-08-21,2025-08-28,000729.SZ,12.72,12.58,-0.011006289308176154,70.0,0.5754228384482724,5
2025-08-22,2025-08-29,603893.SH,185.53,236.8,0.27634344849889514,65.5,0.5750009093505837,5
2025-08-22,2025-08-29,601311.SH,10.05,9.85,-0.019900497512437942,64.5,0.5918279398006288,5
2025-08-25,2025-09-01,605117.SH,59.0,64.72,0.09694915254237291,66.5,0.5708687003354722,5
2025-08-25,2025-09-01,603766.SH,13.27,12.66,-0.04596834966088914,64.0,0.5603230944506652,5
2025-08-26,2025-09-02,605117.SH,60.0,63.75,0.0625,74.5,0.552454309777106,5
2025-08-26,2025-09-02,600755.SH,6.43,6.12,-0.048211508553654636,72.5,0.5772588928757634,5
2025-08-27,2025-09-03,000048.SZ,17.0,16.06,-0.05529411764705894,72.5,0.5671804880375224,5
2025-08-27,2025-09-03,603889.SH,6.19,6.14,-0.008077544426494443,68.0,0.5634976971711088,5
2025-08-28,2025-09-04,000913.SZ,16.85,16.88,0.0017804154302669684,64.0,0.5988221377074106,5
2025-08-28,2025-09-04,301077.SZ,22.99,22.02,-0.042192257503262276,61.00000000000001,0.6129166075018093,5
2025-08-29,2025-09-05,600894.SH,10.31,10.19,-0.011639185257032114,64.0,0.5658968654048545,5
2025-08-29,2025-09-05,002818.SZ,12.16,12.4,0.019736842105263275,62.0,0.5624835800968403,5
2025-09-01,2025-09-08,002159.SZ,15.73,16.14,0.026064844246662444,65.0,0.5668689913159319,5
2025-09-01,2025-09-08,000537.SZ,8.92,9.12,0.022421524663676973,61.00000000000001,0.5760753583282433,5
2025-09-02,2025-09-09,301222.SZ,29.69,30.18,0.01650387335803294,63.0,0.5696988103259023,5
2025-09-02,2025-09-09,600612.SH,47.86,54.38,0.13623067279565415,62.0,0.5803894909748339,5
2025-09-05,2025-09-12,300373.SZ,60.62,69.5,0.14648630814912567,63.00000000000001,0.6360078864988988,5
2025-09-08,2025-09-15,603279.SH,15.55,15.98,0.027652733118971096,66.0,0.5873298590139422,5
2025-09-08,2025-09-15,301323.SZ,49.5,51.21,0.03454545454545466,66.0,0.5702466444247265,5
2025-09-09,2025-09-16,002911.SZ,11.21,11.3,0.00802854594112401,70.00000000000001,0.5337266483277666,5
2025-09-09,2025-09-16,300733.SZ,19.46,19.81,0.017985611510791255,61.0,0.5489913331230738,5
2025-09-11,2025-09-18,002818.SZ,12.4,12.39,-0.0008064516129031585,67.0,0.5372927471788119,5
2025-09-11,2025-09-18,002636.SZ,12.3,13.3,0.08130081300813008,65.0,0.5328914835469186,5
2025-09-12,2025-09-19,600731.SH,7.16,7.08,-0.011173184357541888,62.0,0.5217785213372911,5
2025-09-15,2025-09-22,603893.SH,220.0,218.5,-0.006818181818181834,71.0,0.5071218444270197,5
2025-09-15,2025-09-22,002818.SZ,12.41,12.17,-0.019339242546333568,66.0,0.5160034980764363,5
2025-09-16,2025-09-23,600206.SH,21.4,20.8,-0.028037383177569986,69.0,0.5015392500119007,5
2025-09-16,2025-09-23,000600.SZ,7.6,7.07,-0.0697368421052631,61.00000000000001,0.5224835469684709,5
2025-09-17,2025-09-24,002818.SZ,12.35,12.25,-0.0080971659919028,67.0,0.5594289279326885,5
2025-09-17,2025-09-24,603279.SH,15.91,15.83,-0.005028284098051561,67.0,0.5161074553043122,5
2025-09-18,2025-09-25,000933.SZ,19.6,19.56,-0.0020408163265307477,60.0,0.5085984728889579,5
2025-09-19,2025-09-26,601899.SH,24.42,27.1,0.10974610974610965,61.00000000000001,0.5917307057474567,5
2025-09-22,2025-09-29,603819.SH,11.65,11.43,-0.018884120171673846,60.5,0.5385817638480749,5
2025-09-25,2025-10-10,600007.SH,20.81,20.18,-0.03027390677558861,70.00000000000001,0.5712539284742655,5
2025-09-25,2025-10-10,300864.SZ,19.8,20.04,0.012121212121211977,64.0,0.5524634109090906,5
2025-09-26,2025-10-13,600482.SH,21.6,22.4,0.03703703703703698,72.0,0.5179247938750419,5
2025-09-26,2025-10-13,002852.SZ,10.72,11.41,0.06436567164179108,71.0,0.524880753264277,5
2025-09-29,2025-10-14,601138.SH,64.85,64.99,0.0021588280647648617,61.0,0.5285433862315407,5
2025-09-29,2025-10-14,603889.SH,6.65,7.9,0.18796992481203012,60.0,0.5172746709098589,5
2025-09-30,2025-10-15,603097.SH,22.71,23.79,0.04755614266842789,64.5,0.5269452714700267,5
2025-09-30,2025-10-15,301278.SZ,34.32,35.05,0.021270396270396175,64.0,0.5556973625285582,5
2025-10-09,2025-10-16,600007.SH,20.38,20.54,0.007850834151128527,67.00000000000001,0.524140155620843,5
2025-10-09,2025-10-16,300820.SZ,54.48,57.8,0.06093979441997055,66.5,0.5273394916133971,5
2025-10-10,2025-10-17,603097.SH,22.77,24.42,0.07246376811594213,67.5,0.5651719306675183,5
2025-10-10,2025-10-17,600971.SH,6.88,7.13,0.036337209302325535,65.5,0.5520042638097821,5
2025-10-13,2025-10-20,605368.SH,9.66,9.72,0.006211180124223725,77.5,0.5817842414099708,5
2025-10-13,2025-10-20,600917.SH,5.72,6.0,0.04895104895104896,65.5,0.5906785873740074,5
2025-10-14,2025-10-21,600917.SH,5.96,6.1,0.02348993288590595,63.5,0.5422740825539697,5
2025-10-15,2025-10-22,600917.SH,6.0,5.98,-0.0033333333333332993,70.5,0.5716893391577709,5
2025-10-15,2025-10-22,605368.SH,9.81,9.8,-0.0010193679918449883,65.0,0.5756979084183366,5
2025-10-16,2025-10-23,301329.SZ,19.7,20.16,0.023350253807106647,67.0,0.561419289565783,5
2025-10-16,2025-10-23,301552.SZ,38.97,38.66,-0.007954837054144237,67.0,0.5519858467405937,5
2025-10-17,2025-10-24,603209.SH,14.85,14.9,0.0033670033670034627,60.0,0.557169191241657,5
2025-10-17,2025-10-24,600549.SH,30.91,29.99,-0.029763830475574293,60.0,0.5450494060988934,5
2025-10-21,2025-10-28,600547.SH,38.88,36.15,-0.0702160493827162,66.0,0.686478838082805,5
2025-10-21,2025-10-28,002616.SZ,5.96,5.98,0.003355704697986628,64.0,0.5768826673707154,5
2025-10-22,2025-10-29,001277.SZ,38.54,39.25,0.01842241826673585,70.5,0.5561194522929526,5
2025-10-22,2025-10-29,001207.SZ,22.75,22.49,-0.011428571428571455,69.0,0.5505232972074547,5
2025-10-23,2025-10-30,002803.SZ,17.89,18.37,0.02683063163778643,65.00000000000001,0.572115850628052,5
2025-10-24,2025-10-31,603096.SH,18.3,17.99,-0.0169398907103826,74.5,0.5315481632651219,5
2025-10-24,2025-10-31,002803.SZ,18.05,18.2,0.008310249307479145,65.00000000000001,0.5479970391344166,5
2025-10-27,2025-11-03,300864.SZ,20.68,20.57,-0.005319148936170137,68.5,0.541778436182956,5
2025-10-27,2025-11-03,002967.SZ,20.99,21.1,0.005240590757503716,65.50000000000001,0.5377121575709884,5
2025-10-28,2025-11-04,300138.SZ,13.88,13.39,-0.03530259365994237,70.0,0.5817054285192789,5
2025-10-28,2025-11-04,300505.SZ,21.2,21.55,0.01650943396226423,70.0,0.5567736147475691,5
2025-10-29,2025-11-05,603209.SH,15.34,15.6,0.016949152542372836,75.5,0.5824411843630547,5
2025-10-29,2025-11-05,300138.SZ,13.51,13.03,-0.03552923760177651,66.0,0.6025490241482441,5
2025-10-30,2025-11-06,300138.SZ,13.44,13.05,-0.029017857142857095,67.0,0.6336110928614399,5
2025-10-30,2025-11-06,605158.SH,8.6,8.82,0.0255813953488373,65.5,0.6055699807329182,5
2025-10-31,2025-11-07,300138.SZ,13.37,13.12,-0.018698578908002972,66.0,0.6223406116109917,5
2025-10-31,2025-11-07,000554.SZ,6.75,7.04,0.04296296296296287,61.00000000000001,0.5846785162193441,5
2025-11-03,2025-11-10,300138.SZ,13.36,13.07,-0.021706586826347296,67.0,0.6499201713343683,5
2025-11-03,2025-11-10,603180.SH,19.31,20.4,0.05644743656136719,67.0,0.622084264896532,5
2025-11-04,2025-11-11,002327.SZ,7.23,7.37,0.019363762102351245,70.0,0.6257018306852605,5
2025-11-04,2025-11-11,601811.SH,14.29,14.4,0.007697690692792358,64.0,0.6214528920732626,5
2025-11-05,2025-11-12,300371.SZ,13.12,13.2,0.0060975609756097615,64.0,0.5779172450383241,5
2025-11-05,2025-11-12,603877.SH,14.52,14.75,0.015840220385674897,63.5,0.5810051409745184,5
2025-11-06,2025-11-13,300138.SZ,13.05,13.49,0.03371647509578546,72.0,0.614169723626176,5
2025-11-06,2025-11-13,002991.SZ,56.79,61.67,0.08593062158830778,67.5,0.5937159744319559,5
2025-11-07,2025-11-14,300138.SZ,13.12,13.48,0.027439024390244038,71.0,0.5724774468295194,5
2025-11-07,2025-11-14,603877.SH,14.62,14.72,0.006839945280437965,65.50000000000001,0.5763594112571734,5
2025-11-10,2025-11-17,300138.SZ,13.07,13.32,0.01912777352716133,72.0,0.5667720971466088,5
2025-11-10,2025-11-17,603381.SH,21.76,21.9,0.006433823529411686,64.0,0.571453591263477,5
2025-11-11,2025-11-18,603886.SH,12.96,13.55,0.04552469135802473,72.5,0.6059129959076818,5
2025-11-11,2025-11-18,603801.SH,9.6,9.55,-0.005208333333333259,72.0,0.606291406311507,5
2025-11-12,2025-11-19,002557.SZ,22.91,22.73,-0.007856831078131843,77.5,0.5975682040615075,5
2025-11-12,2025-11-19,603237.SH,17.88,17.92,0.0022371364653246406,72.5,0.6678016491200389,5
2025-11-13,2025-11-20,603237.SH,17.86,17.7,-0.00895856662933936,70.50000000000001,0.5669571003302347,5
2025-11-13,2025-11-20,603877.SH,14.79,17.88,0.2089249492900609,66.5,0.5824475706462158,5
2025-11-14,2025-11-21,603801.SH,9.6,9.55,-0.005208333333333259,72.0,0.5963371789650979,5
2025-11-14,2025-11-21,600262.SH,26.6,25.41,-0.044736842105263186,72.0,0.5954424144590342,5
2025-11-17,2025-11-24,600262.SH,26.86,24.58,-0.0848845867460909,71.0,0.6197399802918278,5
2025-11-17,2025-11-24,603877.SH,14.86,15.95,0.07335127860026924,66.5,0.6176135863603527,5
2025-11-18,2025-11-25,000156.SZ,8.06,7.84,-0.027295285359801524,68.0,0.5861021482699869,5
2025-11-18,2025-11-25,603801.SH,9.55,9.33,-0.023036649214659755,66.5,0.6057748806575904,5
2025-11-20,2025-11-27,002284.SZ,12.02,11.95,-0.005823627287853572,61.00000000000001,0.5830198581897336,5
2025-11-20,2025-11-27,601633.SH,22.0,21.78,-0.009999999999999898,60.00000000000001,0.5704892890897864,5
2025-11-21,2025-11-28,002284.SZ,11.95,12.06,0.009205020920502127,60.00000000000001,0.5885620604000459,5
2025-11-24,2025-12-01,600183.SH,53.27,57.74,0.08391214567298655,60.00000000000001,0.7682854326881254,5
2025-11-25,2025-12-02,603527.SH,10.13,10.69,0.05528134254689032,62.0,0.6173218641327505,5
2025-11-25,2025-12-02,603095.SH,14.4,14.67,0.018750000000000044,61.0,0.669425010664472,5
2025-11-26,2025-12-03,600131.SH,16.85,16.34,-0.030267062314540127,62.0,0.5814823514658036,5
2025-11-27,2025-12-04,605266.SH,20.11,20.33,0.010939830929885597,69.0,0.5904889480427318,5
2025-11-27,2025-12-04,603527.SH,10.07,10.76,0.06852035749751728,61.00000000000001,0.5862452297331847,5
2025-11-28,2025-12-05,600356.SH,9.1,8.71,-0.042857142857142705,68.0,0.5806708050128635,5
2025-11-28,2025-12-05,301469.SZ,29.41,28.44,-0.03298197891873511,62.0,0.5805898757979481,5
2025-12-01,2025-12-08,603338.SH,56.3,60.76,0.07921847246891645,69.5,0.5547995830099055,5
2025-12-01,2025-12-08,002818.SZ,10.97,11.06,0.008204193254329972,67.0,0.5862588709047771,5
2025-12-02,2025-12-09,002818.SZ,11.15,11.02,-0.011659192825112186,67.0,0.5440675186577683,5
2025-12-02,2025-12-09,002233.SZ,9.19,9.34,0.016322089227421177,64.5,0.5609310874686173,5
2025-12-03,2025-12-10,605266.SH,20.28,19.95,-0.016272189349112565,70.0,0.5456788892105804,5
2025-12-03,2025-12-10,002233.SZ,9.28,9.33,0.0053879310344828735,62.5,0.5447699094674787,5
2025-12-04,2025-12-11,603338.SH,59.28,62.75,0.05853576248313086,67.5,0.5472323332896857,5
2025-12-04,2025-12-11,600985.SH,11.95,11.51,-0.03682008368200829,64.0,0.5708042231464099,5
2025-12-05,2025-12-12,603338.SH,59.87,61.21,0.02238182729246696,61.5,0.5779582940639878,5
2025-12-08,2025-12-15,000970.SZ,13.38,13.08,-0.022421524663677195,78.5,0.5709486815777147,5
2025-12-08,2025-12-15,002233.SZ,9.29,9.42,0.013993541442411273,62.5,0.5755861033231536,5
2025-12-09,2025-12-16,300615.SZ,14.37,13.16,-0.08420320111343071,68.5,0.5758521428065191,5
2025-12-09,2025-12-16,300979.SZ,57.93,58.6,0.011565682720524828,61.0,0.5743032738874131,5
2025-12-11,2025-12-18,002818.SZ,11.19,11.18,-0.0008936550491509543,73.0,0.549086466852056,5
2025-12-11,2025-12-18,603214.SH,17.27,17.1,-0.009843659525188064,67.5,0.5485087704431337,5
2025-12-15,2025-12-22,605368.SH,7.87,7.73,-0.017789072426937724,62.0,0.5883447073461355,5
2025-12-15,2025-12-22,603699.SH,49.0,49.99,0.020204081632653192,62.0,0.5762896978221341,5
2025-12-16,2025-12-23,300979.SZ,58.6,53.11,-0.09368600682593864,64.0,0.5900766724293912,5
2025-12-16,2025-12-23,000869.SZ,20.58,20.8,0.010689990281827155,61.0,0.6095425644366971,5
2025-12-18,2025-12-25,301419.SZ,32.61,33.68,0.032812020852499346,67.0,0.5833262244249863,5
2025-12-18,2025-12-25,301165.SZ,82.04,83.2,0.014139444173573823,67.0,0.5821690637509246,5
2025-12-19,2025-12-26,000937.SZ,5.31,5.38,0.01318267419962349,61.0,0.5773972991165454,5
2025-12-22,2025-12-29,002818.SZ,11.45,11.23,-0.019213973799126594,79.5,0.6074430627756927,5
2025-12-22,2025-12-29,301552.SZ,37.98,37.7,-0.007372301211163612,65.0,0.6251599006392355,5
2025-12-23,2025-12-30,603788.SH,16.2,16.29,0.005555555555555536,71.5,0.5785673191910919,5
2025-12-23,2025-12-30,301552.SZ,37.7,37.74,0.001061007957559701,70.0,0.5803657343574541,5
2025-12-24,2025-12-31,605337.SH,12.38,11.85,-0.04281098546042017,67.0,0.5580794213013575,5
2025-12-24,2025-12-31,301552.SZ,37.97,37.56,-0.010797998419805,67.0,0.5523962033533526,5
2025-12-25,2026-01-05,605500.SH,9.22,8.97,-0.027114967462039008,70.0,0.5814378094678149,5
2025-12-25,2026-01-05,301469.SZ,28.85,30.38,0.05303292894280753,69.5,0.5714941877433731,5
2025-12-26,2026-01-06,301107.SZ,28.26,28.42,0.0056617126680820196,74.5,0.5904410007081939,5
2025-12-26,2026-01-06,603165.SH,12.86,12.67,-0.014774494556765161,74.5,0.5879862612160186,5
2025-12-29,2026-01-07,002996.SZ,7.63,7.89,0.03407601572739183,69.5,0.5873313329816771,5
2025-12-29,2026-01-07,003038.SZ,15.8,16.15,0.02215189873417711,69.0,0.5484291053468107,5
2025-12-30,2026-01-08,002423.SZ,11.87,11.95,0.006739679865206405,64.5,0.5684567757926496,5
2025-12-30,2026-01-08,002393.SZ,21.55,21.68,0.00603248259860778,63.50000000000001,0.5586914552292277,5
2025-12-31,2026-01-09,002823.SZ,16.16,16.47,0.019183168316831534,69.5,0.5598581477263351,5
2025-12-31,2026-01-09,301552.SZ,37.56,39.14,0.04206602768903078,67.0,0.5670982914942828,5
2026-01-05,2026-01-12,301362.SZ,41.6,42.88,0.030769230769230882,74.5,0.5967513562132204,5
2026-01-05,2026-01-12,300371.SZ,12.57,12.85,0.022275258552108212,65.0,0.6018188643121811,5
2026-01-06,2026-01-13,301362.SZ,42.4,43.48,0.025471698113207486,74.5,0.6146622130814919,5
2026-01-06,2026-01-13,300514.SZ,13.53,14.15,0.04582409460458248,71.0,0.627334026738265,5
2026-01-07,2026-01-14,601065.SH,8.44,8.49,0.005924170616113722,72.5,0.6222063492207952,5
2026-01-07,2026-01-14,002818.SZ,11.28,11.29,0.0008865248226950229,70.0,0.6131816130225816,5
2026-01-08,2026-01-15,300514.SZ,13.53,13.99,0.03399852180340002,75.5,0.5992881401020864,5
2026-01-08,2026-01-15,301362.SZ,42.26,44.8,0.06010411736867005,74.5,0.5492434282641246,5
2026-01-09,2026-01-16,301559.SZ,16.41,17.36,0.0578915295551492,74.5,0.6137792558248119,5
2026-01-09,2026-01-16,301362.SZ,42.8,45.38,0.06028037383177587,72.5,0.6084649676722936,5
2026-01-12,2026-01-19,002818.SZ,11.23,11.16,-0.006233303650934996,73.0,0.5964236829078872,5
2026-01-12,2026-01-19,603153.SH,17.63,17.74,0.00623936471922848,72.5,0.5982122372913944,5
2026-01-13,2026-01-20,603060.SH,6.38,6.41,0.004702194357366851,69.5,0.6343037986320113,5
2026-01-13,2026-01-20,603237.SH,17.01,17.24,0.013521457965902206,66.5,0.6290099139999812,5
2026-01-14,2026-01-21,300514.SZ,14.19,14.5,0.021846370683580085,72.5,0.6256546786753441,5
2026-01-14,2026-01-21,002880.SZ,26.24,26.18,-0.0022865853658535773,71.0,0.6378424852432985,5
2026-01-15,2026-01-22,605166.SH,10.57,10.86,0.027436140018921362,71.0,0.6230134694250443,5
2026-01-15,2026-01-22,603639.SH,12.94,13.58,0.04945904173106652,69.0,0.5947465800894715,5
2026-01-16,2026-01-23,603801.SH,9.55,9.67,0.012565445026177846,73.5,0.608481925294063,5
2026-01-16,2026-01-23,603970.SH,13.36,13.67,0.023203592814371232,69.5,0.6089217954786561,5
2026-01-19,2026-01-26,603230.SH,12.38,12.52,0.011308562197092087,61.00000000000001,0.7078511207753209,5
2026-01-19,2026-01-26,600373.SH,9.55,9.6,0.005235602094240788,61.0,0.6831772201458443,5
2026-01-20,2026-01-27,002327.SZ,6.75,6.91,0.023703703703703782,67.0,0.6514188187243949,5
2026-01-20,2026-01-27,600007.SH,19.67,19.92,0.012709710218607118,67.0,0.6318331739607193,5
2026-01-21,2026-01-28,002034.SZ,16.73,16.98,0.014943215780035768,74.5,0.594766779470701,5
2026-01-21,2026-01-28,603310.SH,17.6,17.72,0.006818181818181612,69.5,0.5914759645079483,5
2026-01-22,2026-01-29,605158.SH,8.53,8.42,-0.01289566236811246,72.5,0.5933780104611955,5
2026-01-22,2026-01-29,002327.SZ,6.83,6.87,0.005856515373352966,71.5,0.6025305912486345,5
2026-01-23,2026-01-30,605158.SH,8.55,8.47,-0.009356725146198785,76.5,0.5961710488673574,5
2026-01-23,2026-01-30,603801.SH,9.67,9.82,0.015511892450879028,72.5,0.6040054332153479,5
2026-01-26,2026-02-02,002327.SZ,6.86,6.93,0.010204081632652962,71.5,0.6280063805577808,5
2026-01-26,2026-02-02,000028.SZ,26.25,25.93,-0.012190476190476196,67.5,0.5833184787757434,5
2026-01-27,2026-02-03,300519.SZ,16.31,15.83,-0.029429797670140978,69.5,0.611332408634017,5
2026-01-27,2026-02-03,000028.SZ,26.7,26.19,-0.01910112359550553,67.5,0.5976654413869917,5
2026-01-28,2026-02-04,002327.SZ,6.83,6.85,0.002928257686676261,69.0,0.571860828642052,5
2026-01-28,2026-02-04,603590.SH,41.13,39.33,-0.043763676148796615,61.50000000000001,0.6161841274113865,5
2026-01-29,2026-02-05,002327.SZ,6.87,6.94,0.010189228529839944,70.0,0.6175082805117152,5
2026-01-29,2026-02-05,000713.SZ,7.02,6.88,-0.019943019943019946,64.5,0.5868464304968375,5
2026-01-30,2026-02-06,301055.SZ,21.37,21.32,-0.0023397285914834587,66.0,0.6266439682898453,5
2026-01-30,2026-02-06,603309.SH,14.21,14.47,0.018296973961998475,62.000000000000014,0.6073384633420388,5
2026-02-02,2026-02-09,002521.SZ,8.5,8.59,0.010588235294117565,70.0,0.6087824487813339,5
2026-02-02,2026-02-09,301055.SZ,21.09,21.71,0.029397818871503167,66.0,0.6514775353640275,5
2026-02-03,2026-02-10,603223.SH,9.8,9.81,0.0010204081632652073,69.0,0.7526133227335164,5
2026-02-03,2026-02-10,601666.SH,8.09,8.43,0.04202719406674915,64.00000000000001,0.7545304027572596,5
2026-02-04,2026-02-11,300441.SZ,7.73,7.96,0.02975420439844756,68.5,0.6386685321418166,5
2026-02-04,2026-02-11,002835.SZ,17.38,17.55,0.009781357882623798,68.0,0.6008508438622874,5
2026-02-05,2026-02-12,002327.SZ,6.94,7.07,0.018731988472622474,70.0,0.5871784874469591,5
2026-02-05,2026-02-12,603230.SH,12.8,12.77,-0.002343750000000089,65.0,0.5918677786419236,5
2026-02-06,2026-02-13,300856.SZ,13.78,13.93,0.010885341074020394,71.0,0.6196679797711249,5
2026-02-06,2026-02-13,601899.SH,35.55,38.26,0.07623066104078768,66.0,0.6157929571884585,5
2026-02-09,2026-02-24,603230.SH,12.82,12.39,-0.03354134165366618,70.0,0.5893817240999396,5
2026-02-09,2026-02-24,603276.SH,18.35,18.31,-0.0021798365122617236,62.0,0.5968641333999397,5
2026-02-10,2026-02-25,605158.SH,8.55,8.57,0.002339181286549641,77.0,0.5836475898097357,5
2026-02-10,2026-02-25,603230.SH,12.92,12.43,-0.03792569659442724,73.0,0.6060416534550075,5
2026-02-11,2026-02-26,603230.SH,13.08,12.45,-0.048165137614679,83.5,0.5826802907739481,5
2026-02-11,2026-02-26,300628.SZ,36.8,36.62,-0.004891304347826031,68.0,0.5599141262077275,5
2026-02-12,2026-02-27,300779.SZ,98.8,98.93,0.0013157894736843812,63.5,0.5696047779288919,5
2026-02-12,2026-02-27,603801.SH,9.66,9.46,-0.020703933747411973,61.0,0.5770821138553259,5
2026-02-13,2026-03-02,605158.SH,8.3,8.48,0.02168674698795181,71.0,0.6155717216132602,5
2026-02-13,2026-03-02,603801.SH,9.45,9.46,0.0010582010582012025,69.00000000000001,0.5881076939751063,5
2026-02-24,2026-03-03,603801.SH,9.4,9.29,-0.011702127659574568,66.00000000000001,0.5969045319916642,5
2026-02-24,2026-03-03,600738.SH,5.33,5.12,-0.039399624765478425,65.0,0.6262142317169274,5
2026-02-25,2026-03-04,301036.SZ,34.19,30.68,-0.1026615969581749,71.0,0.6574008416323073,5
2026-02-25,2026-03-04,603180.SH,20.8,19.99,-0.038942307692307776,70.00000000000001,0.61925507307821,5
2026-02-26,2026-03-05,601686.SH,6.26,6.14,-0.019169329073482455,72.0,0.6104775678796978,5
2026-02-26,2026-03-05,002088.SZ,12.1,11.28,-0.06776859504132238,71.0,0.6127823849449857,5
2026-02-27,2026-03-06,001223.SZ,54.56,54.85,0.005315249266862221,66.0,0.5939164723869939,5
2026-02-27,2026-03-06,603718.SH,4.9,4.69,-0.042857142857142816,64.50000000000001,0.6341906476508521,5
2026-03-02,2026-03-09,300425.SZ,5.27,5.27,0.0,67.5,0.5754902246364002,5
2026-03-02,2026-03-09,300492.SZ,72.0,68.99,-0.04180555555555565,66.0,0.5586821790705967,5
2026-03-03,2026-03-10,605168.SH,37.29,37.3,0.0002681684097611825,65.0,0.6156830525282564,5
2026-03-03,2026-03-10,603189.SH,20.77,20.15,-0.029850746268656803,60.0,0.658655288200706,5
2026-03-04,2026-03-11,605058.SH,30.3,33.78,0.11485148514851495,61.00000000000001,0.7190036886378781,5
2026-03-04,2026-03-11,301369.SZ,126.3,145.0,0.1480601741884402,60.0,0.7311363405450451,5
2026-03-05,2026-03-12,605499.SH,232.1,237.3,0.022404136148212128,67.50000000000001,0.6490112466003619,5
2026-03-05,2026-03-12,000156.SZ,7.85,8.11,0.03312101910828025,67.00000000000001,0.6403030328849921,5
2026-03-06,2026-03-13,603638.SH,22.01,22.1,0.004089050431621999,65.00000000000001,0.5891149089829726,5
2026-03-06,2026-03-13,301633.SZ,66.01,67.0,0.014997727617027667,64.5,0.5653496102822796,5
2026-03-09,2026-03-16,000913.SZ,15.36,15.87,0.033203125,72.0,0.5744590293556546,5
2026-03-09,2026-03-16,603638.SH,21.7,22.1,0.018433179723502446,65.00000000000001,0.6047048519441249,5
2026-03-10,2026-03-17,605338.SH,26.0,25.57,-0.016538461538461502,67.00000000000001,0.5509001502282919,5
2026-03-11,2026-03-18,301633.SZ,67.69,69.55,0.02747820948441415,64.5,0.5917072056447964,5
2026-03-11,2026-03-18,000049.SZ,25.78,26.9,0.04344453064390996,60.0,0.5739308404762034,5
2026-03-12,2026-03-19,003017.SZ,33.45,32.36,-0.03258594917787749,74.0,0.5485818273102945,5
2026-03-12,2026-03-19,603276.SH,18.0,17.25,-0.04166666666666663,69.0,0.5785287541114323,5
2026-03-13,2026-03-20,603708.SH,11.58,11.25,-0.02849740932642486,68.00000000000001,0.528949430697262,5
2026-03-13,2026-03-20,002064.SZ,10.95,9.9,-0.09589041095890405,64.0,0.5283024490458474,5
2026-03-16,2026-03-23,002749.SZ,14.04,12.98,-0.07549857549857542,65.0,0.5439278160857182,5
2026-03-16,2026-03-23,603093.SH,21.0,19.64,-0.06476190476190469,62.0,0.5456948326319794,5
2026-03-17,2026-03-24,600507.SH,6.5,5.7,-0.12307692307692308,64.0,0.5540515133340731,5
2026-03-17,2026-03-24,600382.SH,8.46,7.56,-0.10638297872340441,61.00000000000001,0.5474057106490188,5
2026-03-18,2026-03-25,605099.SH,38.38,41.38,0.07816571130797301,61.00000000000001,0.5963671896309091,5
2026-03-19,2026-03-26,300662.SZ,25.07,23.82,-0.04986039090546468,67.5,0.5656689467635422,5
2026-03-19,2026-03-26,002057.SZ,9.88,9.19,-0.06983805668016208,62.0,0.5911457559220749,5
2026-03-20,2026-03-27,000612.SZ,11.79,11.08,-0.06022052586938076,63.00000000000001,0.735144261190417,5
2026-03-20,2026-03-27,301219.SZ,62.28,58.72,-0.057161207450224794,63.00000000000001,0.7243861843272215,5
2026-03-23,2026-03-30,002996.SZ,6.9,7.39,0.07101449275362315,66.0,0.7909620271677268,5
2026-03-24,2026-03-31,600378.SH,30.39,31.23,0.02764067127344516,60.00000000000001,0.9024312429683885,5
2026-03-25,2026-04-01,002917.SZ,12.41,13.7,0.10394842868654308,77.0,0.8160755936379781,5
2026-03-25,2026-04-01,301160.SZ,55.81,54.8,-0.018097115212327597,66.5,0.8223293527429903,5
2026-03-26,2026-04-02,603223.SH,8.39,8.42,0.0035756853396899935,72.0,0.7689365688827945,5
2026-03-26,2026-04-02,002282.SZ,6.93,6.98,0.00721500721500723,65.0,0.772693819229302,5
2026-03-30,2026-04-07,300694.SZ,11.47,11.26,-0.018308631211857107,66.0,0.751680563779623,5
2026-03-30,2026-04-07,002282.SZ,6.86,6.69,-0.02478134110787167,62.0,0.7340054759399418,5
2026-03-31,2026-04-08,300697.SZ,14.69,14.98,0.019741320626276426,64.5,0.6651899650259889,5
2026-03-31,2026-04-08,603885.SH,12.08,12.71,0.052152317880794774,64.0,0.6928750013125152,5
2026-04-01,2026-04-09,300138.SZ,12.26,12.06,-0.01631321370309946,67.00000000000001,0.6181991237516875,5
2026-04-02,2026-04-10,002841.SZ,33.09,33.48,0.011786038077969074,67.0,0.5945212945757895,5
2026-04-02,2026-04-10,001328.SZ,32.95,31.99,-0.029135053110774023,66.5,0.6310922706556826,5
2026-04-03,2026-04-13,601168.SH,25.66,26.87,0.04715510522213573,61.5,0.6187371740222122,5
2026-04-08,2026-04-15,600037.SH,7.37,7.77,0.05427408412483037,69.0,0.7086529974961049,5
2026-04-08,2026-04-15,600496.SH,3.99,3.92,-0.01754385964912286,65.0,0.7340365733243187,5
2026-04-09,2026-04-16,600101.SH,9.25,9.2,-0.005405405405405461,71.0,0.6242990433185782,5
2026-04-09,2026-04-16,002818.SZ,10.69,10.75,0.00561272217025266,67.0,0.6442784773437483,5
2026-04-10,2026-04-17,600101.SH,9.16,9.3,0.015283842794759916,62.50000000000001,0.6067384020717886,5
2026-04-13,2026-04-20,002749.SZ,13.21,12.29,-0.0696442089326269,67.0,0.5661654756857599,5
2026-04-13,2026-04-20,600101.SH,9.14,9.33,0.020787746170678245,65.5,0.5973483498579611,5
2026-04-14,2026-04-21,002299.SZ,18.75,18.68,-0.0037333333333333663,82.5,0.5754371026992264,5
2026-04-14,2026-04-21,600886.SH,13.27,13.45,0.0135644310474754,64.0,0.5453228702539287,5
2026-04-15,2026-04-22,002299.SZ,18.75,19.0,0.01333333333333342,69.5,0.5558170132528858,5
2026-04-15,2026-04-22,600801.SH,22.7,22.82,0.005286343612334932,69.0,0.568279323504114,5
2026-04-16,2026-04-23,605266.SH,19.1,18.66,-0.023036649214659755,75.0,0.643588088497673,5
2026-04-16,2026-04-23,000411.SZ,11.22,10.98,-0.021390374331550777,75.0,0.5573173391157056,5
2026-04-17,2026-04-24,002540.SZ,6.9,6.16,-0.10724637681159421,72.5,0.567105567445258,5
2026-04-17,2026-04-24,002749.SZ,13.36,12.68,-0.050898203592814384,71.5,0.5685400806079824,5
2026-04-20,2026-04-27,300833.SZ,34.14,34.39,0.007322788517867496,68.0,0.571942899873668,5
2026-04-20,2026-04-27,001308.SZ,20.58,19.97,-0.029640427599611274,66.5,0.556905452755542,5
2026-04-21,2026-04-28,603225.SH,16.83,17.15,0.019013666072489555,67.0,0.6139950708325824,5
2026-04-21,2026-04-28,301578.SZ,33.71,33.54,-0.005043013942450325,64.0,0.5939030830560897,5
2026-04-22,2026-04-29,603060.SH,6.05,6.83,0.12892561983471085,64.00000000000001,0.6622128583541429,5
2026-04-22,2026-04-29,002303.SZ,3.4,3.31,-0.026470588235294024,62.5,0.6387359908701086,5
2026-04-23,2026-04-30,301318.SZ,27.13,25.04,-0.07703649096940657,67.0,0.5980004523211042,5
2026-04-23,2026-04-30,001308.SZ,20.5,20.15,-0.017073170731707332,62.0,0.6408703396638221,5
2026-04-24,2026-05-06,603589.SH,24.65,23.37,-0.05192697768762666,67.5,0.621839543759512,5
2026-04-24,2026-05-06,000975.SZ,27.6,26.25,-0.048913043478260865,63.00000000000001,0.6767636378520869,5
2026-04-27,2026-05-07,300488.SZ,29.05,30.68,0.05611015490533555,64.0,0.5881189618026018,5
2026-04-27,2026-05-07,002540.SZ,6.2,6.02,-0.02903225806451626,62.0,0.6303714774108587,5
2026-04-28,2026-05-08,300577.SZ,19.49,21.88,0.12262698819907647,60.0,0.6181993505664225,5
2026-04-28,2026-05-08,301199.SZ,22.67,22.0,-0.029554477282752623,60.0,0.6181872818945343,5
2026-04-30,2026-05-12,001395.SZ,39.95,40.3,0.008760951188986121,67.5,0.6346945105562026,5
2026-04-30,2026-05-12,002540.SZ,6.09,6.02,-0.011494252873563315,65.0,0.689192786395428,5
2026-05-06,2026-05-13,605189.SH,16.78,19.0,0.13230035756853398,71.0,0.6051543113483596,5
2026-05-06,2026-05-13,301633.SZ,62.49,62.39,-0.0016002560409665856,61.5,0.6192612239037898,5
2026-05-07,2026-05-14,000997.SZ,20.54,22.0,0.07108081791626097,68.5,0.6432197852412675,5
2026-05-07,2026-05-14,605189.SH,16.2,19.11,0.17962962962962958,67.0,0.6446602002092441,5
2026-05-08,2026-05-15,300481.SZ,14.61,14.98,0.025325119780972072,62.0,0.683724959005553,5
2026-05-08,2026-05-15,301185.SZ,18.18,17.81,-0.020352035203520358,62.0,0.6676188169767565,5
2026-05-11,2026-05-18,003013.SZ,13.87,13.81,-0.004325883201153458,69.5,0.6553884812179064,5
2026-05-11,2026-05-18,603326.SH,8.56,8.18,-0.04439252336448607,67.0,0.6560512369935022,5
2026-05-12,2026-05-19,603235.SH,26.07,25.25,-0.03145377828922136,67.0,0.6169521620933534,5
2026-05-12,2026-05-19,603321.SH,7.69,7.39,-0.03901170351105343,66.5,0.6069443525843695,5
2026-05-13,2026-05-20,002616.SZ,5.82,5.98,0.027491408934708028,65.0,0.607159335353105,5
2026-05-13,2026-05-20,603326.SH,8.29,8.5,0.02533172496984326,63.00000000000001,0.6114680228714655,5
2026-05-14,2026-05-21,300514.SZ,12.7,12.32,-0.029921259842519587,65.0,0.625424159987587,5
2026-05-14,2026-05-21,002521.SZ,7.92,8.07,0.018939393939394034,64.0,0.6180840246109197,5
2026-05-15,2026-05-22,002521.SZ,7.85,8.03,0.02292993630573248,61.00000000000001,0.634696738168775,5
2026-05-18,2026-05-25,601666.SH,7.41,7.8,0.05263157894736836,62.00000000000001,0.6620446413534253,5
2026-05-19,2026-05-26,601666.SH,7.52,7.8,0.037234042553191626,65.0,0.6935695367623512,5
2026-05-20,2026-05-27,002393.SZ,15.55,14.9,-0.04180064308681675,67.5,0.6249781194911008,5
2026-05-20,2026-05-27,300514.SZ,12.57,11.49,-0.08591885441527447,65.0,0.6537320299273985,5
2026-05-21,2026-05-28,000061.SZ,6.68,6.42,-0.03892215568862267,63.5,0.6358860016388523,5
2026-05-25,2026-06-01,300306.SZ,12.26,10.59,-0.13621533442088096,65.0,0.6511339928478431,5
2026-05-25,2026-06-01,000541.SZ,5.13,4.96,-0.033138401559454134,62.0,0.6541640551188781,5
2026-05-26,2026-06-02,002511.SZ,7.33,7.44,0.01500682128240105,61.00000000000001,0.6254776382609953,5
2026-05-29,2026-06-05,603029.SH,17.19,16.15,-0.06050029086678321,62.0,0.6999076897398218,5
2026-05-29,2026-06-05,002404.SZ,6.08,7.48,0.23026315789473695,61.00000000000001,0.724085491980823,5
2026-06-01,2026-06-08,603969.SH,7.68,7.94,0.03385416666666674,62.50000000000001,0.7577221744101201,5
2026-06-08,2026-06-15,002393.SZ,14.3,14.28,-0.0013986013986014845,64.50000000000001,0.7980334102872103,5
2026-06-08,2026-06-15,001228.SZ,26.46,26.82,0.013605442176870763,64.0,0.7998461244249677,5
2026-06-10,2026-06-17,002454.SZ,5.55,5.46,-0.01621621621621616,64.0,0.8277812403165239,5
2026-06-10,2026-06-17,301088.SZ,13.24,13.06,-0.013595166163141936,60.00000000000001,0.8360067601788888,5
2026-06-11,2026-06-18,600648.SH,8.89,8.56,-0.03712035995500562,64.00000000000001,0.8203380087488582,5
2026-06-12,2026-06-22,002479.SZ,4.79,4.58,-0.04384133611691021,61.00000000000001,0.8393004929381813,5
2026-06-12,2026-06-22,603071.SH,11.95,11.81,-0.01171548117154797,60.00000000000001,0.8557807877477911,5
2026-06-15,2026-06-23,300035.SZ,17.2,17.1,-0.005813953488371992,68.5,0.8014693948107249,5
2026-06-15,2026-06-23,001367.SZ,20.18,19.86,-0.015857284440039643,68.0,0.8036321461739943,5
2026-06-16,2026-06-24,601311.SH,8.26,8.14,-0.014527845036319542,67.5,0.7802614034508222,5
2026-06-16,2026-06-24,001283.SZ,50.0,51.83,0.036599999999999966,66.5,0.7722503123176215,5
2026-06-17,2026-06-25,601311.SH,8.35,8.05,-0.03592814371257469,73.0,0.7674771183549198,5
2026-06-17,2026-06-25,301339.SZ,11.37,10.77,-0.05277044854881263,65.5,0.7630997395031477,5
2026-06-18,2026-06-26,600007.SH,18.63,18.03,-0.03220611916264082,64.00000000000001,0.8135189137084802,5
2026-06-18,2026-06-26,001367.SZ,20.19,18.88,-0.06488360574541863,62.0,0.7550160312457185,5
2026-06-22,2026-06-29,000906.SZ,5.36,5.13,-0.042910447761194126,61.00000000000001,0.7605719042170269,5
2026-06-22,2026-06-29,301376.SZ,15.31,16.8,0.09732201175702149,61.00000000000001,0.7550310429354611,5
2026-06-23,2026-06-30,000906.SZ,5.45,5.13,-0.05871559633027523,61.00000000000001,0.7825291230825958,5
2026-07-01,2026-07-08,603889.SH,5.11,5.28,0.03326810176125239,60.00000000000001,0.8676985088357138,5
2026-07-02,2026-07-09,001230.SZ,15.68,18.25,0.16390306122448983,65.0,0.7817421947613752,5
2026-07-02,2026-07-09,605266.SH,15.2,15.63,0.02828947368421053,64.0,0.7823770422355315,5
2026-07-08,2026-07-15,603225.SH,18.99,17.31,-0.08846761453396523,69.0,0.6936384780424913,5
2026-07-13,2026-07-20,001367.SZ,18.81,18.9,0.004784688995215225,67.5,0.7233561625552033,5
2026-07-13,2026-07-20,600508.SH,8.03,8.26,0.028642590286426017,65.0,0.7161571697691385,5
2026-07-14,2026-07-21,605166.SH,8.08,8.02,-0.007425742574257432,62.50000000000001,0.8494165448494413,5
2026-07-14,2026-07-21,300014.SZ,51.79,51.2,-0.011392160648773797,60.50000000000001,0.842069033265563,5
2026-07-15,2026-07-22,002392.SZ,7.32,6.86,-0.06284153005464477,72.5,0.7875419277591345,5
2026-07-15,2026-07-22,603181.SH,13.2,12.16,-0.07878787878787874,62.5,0.7905353907053818,5
2026-07-20,2026-07-27,001256.SZ,23.41,22.17,-0.05296881674498066,69.0,0.8693524839125855,5
2026-07-20,2026-07-27,002132.SZ,4.55,4.05,-0.10989010989010994,63.0,0.804987354676687,5
2026-07-21,2026-07-28,001256.SZ,21.56,22.79,0.057050092764378446,66.5,0.8617325970577892,5
2026-07-22,2026-07-29,001256.SZ,21.6,22.37,0.035648148148148096,75.0,0.8074595907087566,5
2026-07-23,2026-07-30,600768.SH,12.36,13.5,0.09223300970873782,66.5,0.818036107020641,5
2026-07-24,2026-08-03,001378.SZ,16.25,16.45,0.012307692307692353,74.0,0.807263213038051,5
2026-07-24,2026-08-03,300867.SZ,15.45,16.27,0.053074433656957964,66.5,0.7937878186981874,5
