run_id,date,code,volume,available_volume,cost_price,last_price,unrealized_pnl,holding_days
20260814_132105_930b12,2020-03-03,300578.SZ,600,0,145.207654,151.911486,4022.2992,1
20260814_132105_930b12,2020-03-03,002409.SZ,600,0,136.519687,137.691666,703.1874,1
20260814_132105_930b12,2020-03-03,600448.SH,8100,0,11.138601,12.097416,7766.4015,1
20260814_132105_930b12,2020-03-03,600568.SH,3800,0,23.838619,23.403512,-1653.4066,1
20260814_132105_930b12,2020-03-03,000850.SZ,2400,0,36.752341,36.831001,188.784,1
20260814_132105_930b12,2020-03-03,002410.SZ,100,0,582.749393,595.31472,1256.5327,1
20260814_132105_930b12,2020-03-03,002213.SZ,3100,0,29.041353,28.829268,-657.4635,1
20260814_132105_930b12,2020-03-03,600645.SH,200,0,352.508688,348.814893,-738.759,1
20260814_132105_930b12,2020-03-03,000801.SZ,1000,0,86.64982,84.431216,-2218.604,1
20260814_132105_930b12,2020-03-03,600619.SH,100,0,470.132405,489.071955,1893.955,1
20260814_132105_930b12,2020-03-03,002063.SZ,900,0,98.827397,99.618822,712.2825,1
20260814_132105_930b12,2020-03-04,300578.SZ,1300,600,146.630345,138.21785,-10936.2435,2
20260814_132105_930b12,2020-03-04,002409.SZ,1400,600,135.99721,123.913062,-16917.8072,2
20260814_132105_930b12,2020-03-04,002410.SZ,300,100,598.677033,596.702106,-592.4781,2
20260814_132105_930b12,2020-03-04,002213.SZ,7000,3100,28.807027,29.332836,3680.663,2
20260814_132105_930b12,2020-03-04,002063.SZ,2000,900,99.042239,103.360374,8636.27,2
20260814_132105_930b12,2020-03-05,300578.SZ,1700,1300,145.371708,139.1332,-10605.4636,3
20260814_132105_930b12,2020-03-05,002410.SZ,400,300,600.667988,561.89133,-15510.6632,3
20260814_132105_930b12,2020-03-05,002213.SZ,8300,7000,28.935953,32.270316,27675.2129,3
20260814_132105_930b12,2020-03-05,002063.SZ,2300,2000,99.686765,106.244487,15082.7606,3
20260814_132105_930b12,2020-03-06,300578.SZ,1700,1700,145.371708,128.423605,-28811.7751,4
20260814_132105_930b12,2020-03-06,002410.SZ,400,400,600.667988,548.6481,-20807.9552,4
20260814_132105_930b12,2020-03-06,002213.SZ,8300,8300,28.935953,31.89264,24540.5021,4
20260814_132105_930b12,2020-03-06,002063.SZ,2300,2300,99.686765,104.295762,10600.6931,4
20260814_132105_930b12,2020-03-09,002213.SZ,15200,8300,30.177069,30.172116,-75.2856,5
20260814_132105_930b12,2020-03-09,002063.SZ,4700,2300,100.644205,98.99523,-7750.1825,5
20260814_132105_930b12,2020-03-10,002213.SZ,15200,15200,30.177069,31.808712,24800.9736,6
20260814_132105_930b12,2020-03-10,002063.SZ,4700,4700,100.644205,106.634232,28153.1269,6
20260814_132105_930b12,2020-03-11,002213.SZ,15200,15200,30.177069,31.640856,22249.5624,7
20260814_132105_930b12,2020-03-11,002063.SZ,4700,4700,100.644205,111.545019,51233.8258,7
20260814_132105_930b12,2020-03-12,002213.SZ,15200,15200,30.177069,31.26318,16508.8872,8
20260814_132105_930b12,2020-03-12,002063.SZ,4700,4700,100.644205,104.841405,19726.84,8
20260814_132105_930b12,2020-03-13,002213.SZ,15200,15200,30.177069,31.05336,13319.6232,9
20260814_132105_930b12,2020-03-13,002063.SZ,4700,4700,100.644205,107.179875,30717.649,9
20260814_132105_930b12,2020-03-16,002213.SZ,15200,15200,30.177069,30.00426,-2626.6968,10
20260814_132105_930b12,2020-03-16,002063.SZ,4700,4700,100.644205,97.903944,-12879.2267,10
20260814_132105_930b12,2020-03-17,002213.SZ,29900,15200,30.239034,30.10917,-3882.9336,11
20260814_132105_930b12,2020-03-18,002213.SZ,29900,29900,30.239034,30.612738,11173.7496,12
20260814_132105_930b12,2020-03-19,002213.SZ,29900,29900,30.239034,31.26318,30621.9654,13
20260814_132105_930b12,2020-03-20,002213.SZ,29900,29900,30.239034,31.05336,24348.3474,14
20260814_132105_930b12,2020-03-23,002213.SZ,29900,29900,30.239034,30.696666,13683.1968,15
20260814_132105_930b12,2020-03-24,002213.SZ,29900,29900,30.239034,31.011396,23093.6238,16
20260814_132105_930b12,2020-03-25,002213.SZ,29900,29900,30.239034,31.347108,33131.4126,17
20260814_132105_930b12,2020-03-26,002213.SZ,29900,29900,30.239034,31.976568,51952.2666,18
20260814_132105_930b12,2020-03-27,002213.SZ,29900,29900,30.239034,31.452018,36268.2216,19
20260814_132105_930b12,2020-03-30,002213.SZ,29900,29900,30.239034,31.221216,29367.2418,20
20260814_132105_930b12,2020-03-31,002213.SZ,29900,29900,30.239034,31.514964,38150.307,21
20260814_132105_930b12,2020-04-01,002213.SZ,29900,29900,30.239034,31.766748,45678.6486,22
20260814_132105_930b12,2020-05-07,002626.SZ,5900,0,156.447486,155.267496,-6961.941,1
20260814_132105_930b12,2020-05-08,002626.SZ,5900,5900,156.447486,156.774216,1927.707,2
20260814_132105_930b12,2020-05-11,002626.SZ,5900,5900,156.447486,156.548208,594.2598,3
20260814_132105_930b12,2020-05-12,002626.SZ,5900,5900,156.447486,155.94552,-2961.5994,4
20260814_132105_930b12,2020-05-13,002626.SZ,5900,5900,156.447486,160.917696,26374.239,5
20260814_132105_930b12,2020-05-14,002626.SZ,5900,5900,156.447486,161.294376,28596.651,6
20260814_132105_930b12,2020-05-15,002626.SZ,5900,5900,156.447486,158.356272,11261.8374,7
20260814_132105_930b12,2020-05-18,002626.SZ,5900,5900,156.447486,162.273744,34374.9222,8
20260814_132105_930b12,2020-05-19,002626.SZ,5900,5900,156.447486,163.027104,38819.7462,9
20260814_132105_930b12,2020-05-20,002626.SZ,5900,5900,156.447486,158.356272,11261.8374,10
20260814_132105_930b12,2020-05-21,002626.SZ,5900,5900,156.447486,157.45224,5928.0486,11
20260814_132105_930b12,2020-05-22,002626.SZ,5900,5900,156.447486,154.06212,-14073.6594,12
20260814_132105_930b12,2020-05-25,002626.SZ,5900,5900,156.447486,155.267496,-6961.941,13
20260814_132105_930b12,2020-05-26,002626.SZ,5900,5900,156.447486,170.786712,84601.4334,14
20260814_132105_930b12,2020-05-27,002626.SZ,5900,5900,156.447486,175.53288,112603.8246,15
20260814_132105_930b12,2020-05-28,002626.SZ,5900,5900,156.447486,171.464736,88601.775,16
20260814_132105_930b12,2020-05-29,002626.SZ,5900,5900,156.447486,172.47043,94535.3696,17
20260814_132105_930b12,2020-06-01,002626.SZ,5900,5900,156.447486,181.906032,150205.4214,18
20260814_132105_930b12,2020-06-02,002626.SZ,5900,5900,156.447486,179.276438,134690.8168,19
20260814_132105_930b12,2020-06-03,002626.SZ,5900,5900,156.447486,178.889733,132409.2573,20
20260814_132105_930b12,2020-06-04,002626.SZ,5900,5900,156.447486,178.65771,131040.3216,21
20260814_132105_930b12,2020-06-05,002626.SZ,5900,5900,156.447486,180.359212,141079.1834,22
20260814_132105_930b12,2020-06-08,002626.SZ,5900,5900,156.447486,178.116323,127846.1383,23
20260814_132105_930b12,2020-06-09,002626.SZ,5900,5900,156.447486,189.562791,195380.2995,24
20260814_132105_930b12,2020-06-10,002626.SZ,5900,5900,156.447486,189.48545,194923.9876,25
20260814_132105_930b12,2020-06-11,002626.SZ,5900,5900,156.447486,189.48545,194923.9876,26
20260814_132105_930b12,2020-06-12,002626.SZ,5900,5900,156.447486,191.496316,206788.097,27
20260814_132105_930b12,2020-06-15,002626.SZ,5900,5900,156.447486,189.48545,194923.9876,28
20260814_132105_930b12,2020-06-16,002626.SZ,5900,5900,156.447486,192.888454,215001.7112,29
20260814_132105_930b12,2020-06-17,002626.SZ,5900,5900,156.447486,193.3525,217739.5826,30
20260814_132105_930b12,2020-06-18,002626.SZ,5900,5900,156.447486,188.557358,189448.2448,31
20260814_132105_930b12,2020-06-19,002626.SZ,5900,5900,156.447486,190.336201,199943.4185,32
20260814_132105_930b12,2020-06-22,002626.SZ,5900,5900,156.447486,187.551925,183516.1901,33
20260814_132105_930b12,2020-06-23,002626.SZ,5900,5900,156.447486,192.888454,215001.7112,34
20260814_132105_930b12,2020-06-24,002626.SZ,5900,5900,156.447486,192.965795,215458.0231,35
20260814_132105_930b12,2020-06-29,002626.SZ,5900,5900,156.447486,196.523481,236448.3705,36
20260814_132105_930b12,2020-06-30,002626.SZ,5900,5900,156.447486,200.777236,261545.525,37
20260814_132105_930b12,2020-07-01,002626.SZ,5900,5900,156.447486,197.99296,245118.2966,38
20260814_132105_930b12,2020-07-02,002626.SZ,1000,1000,156.447486,205.72706,49279.574,39
20260814_132105_930b12,2020-07-02,600812.SH,3800,0,50.985525,50.07618,-3455.511,1
20260814_132105_930b12,2020-07-02,601865.SH,10000,0,19.529302,20.61329,10839.88,1
20260814_132105_930b12,2020-07-02,002950.SZ,4400,0,44.326705,43.7361,-2598.662,1
20260814_132105_930b12,2020-07-02,000513.SZ,400,0,396.136002,392.55546,-1432.2168,1
20260814_132105_930b12,2020-07-02,002223.SZ,600,0,323.341486,326.02936,1612.7244,1
20260814_132105_930b12,2020-07-03,002626.SZ,1100,1000,160.870882,197.838278,40664.1356,40
20260814_132105_930b12,2020-07-03,600812.SH,4700,3800,50.741446,48.526203,-10411.6421,2
20260814_132105_930b12,2020-07-03,601865.SH,11500,10000,19.600389,20.3414,8521.6265,2
20260814_132105_930b12,2020-07-03,000513.SZ,600,400,395.012212,398.6103,2158.8528,2
20260814_132105_930b12,2020-07-03,002223.SZ,700,600,323.457255,324.14272,479.8255,2
20260814_132105_930b12,2020-07-06,002626.SZ,1100,1100,160.870882,199.075734,42025.3372,41
20260814_132105_930b12,2020-07-06,600812.SH,4700,4700,50.741446,52.262045,7146.8153,3
20260814_132105_930b12,2020-07-06,601865.SH,11500,11500,19.600389,20.41189,9332.2615,3
20260814_132105_930b12,2020-07-06,000513.SZ,600,600,395.012212,397.76935,1654.2828,3
20260814_132105_930b12,2020-07-06,002223.SZ,700,700,323.457255,328.8144,3750.0015,3
20260814_132105_930b12,2020-07-07,002626.SZ,1100,1100,160.870882,202.092033,45343.2661,42
20260814_132105_930b12,2020-07-07,600812.SH,4700,4700,50.741446,53.335106,12190.202,4
20260814_132105_930b12,2020-07-07,601865.SH,11500,11500,19.600389,20.67371,12343.1915,4
20260814_132105_930b12,2020-07-07,000513.SZ,600,600,395.012212,409.794935,8869.6338,4
20260814_132105_930b12,2020-07-07,002223.SZ,700,700,323.457255,338.87648,10793.4575,4
20260814_132105_930b12,2020-07-08,002626.SZ,1100,1100,160.870882,204.95365,48491.0448,43
20260814_132105_930b12,2020-07-08,600812.SH,4700,4700,50.741446,52.85819,9948.6968,5
20260814_132105_930b12,2020-07-08,601865.SH,11500,11500,19.600389,20.68378,12458.9965,5
20260814_132105_930b12,2020-07-08,000513.SZ,600,600,395.012212,404.917425,5943.1278,5
20260814_132105_930b12,2020-07-08,002223.SZ,700,700,323.457255,339.5952,11296.5615,5
20260814_132105_930b12,2020-07-09,002626.SZ,1100,1100,160.870882,225.449015,71035.9463,44
20260814_132105_930b12,2020-07-09,600812.SH,4700,4700,50.741446,57.070948,29748.6594,6
20260814_132105_930b12,2020-07-09,601865.SH,11500,11500,19.600389,20.8449,14311.8765,6
20260814_132105_930b12,2020-07-09,000513.SZ,600,600,395.012212,411.140455,9676.9458,6
20260814_132105_930b12,2020-07-09,002223.SZ,700,700,323.457255,346.42304,16076.0495,6
20260814_132105_930b12,2020-07-10,002626.SZ,1100,1100,160.870882,248.032587,95877.8755,45
20260814_132105_930b12,2020-07-10,600812.SH,4700,4700,50.741446,56.315831,26199.6095,7
20260814_132105_930b12,2020-07-10,601865.SH,11500,11500,19.600389,21.4491,21260.1765,7
20260814_132105_930b12,2020-07-10,000513.SZ,600,600,395.012212,408.281225,7961.4078,7
20260814_132105_930b12,2020-07-10,002223.SZ,700,700,323.457255,356.48512,23119.5055,7
20260814_132105_930b12,2020-07-13,002626.SZ,1100,1100,160.870882,272.859048,123186.9826,46
20260814_132105_930b12,2020-07-13,600812.SH,4700,4700,50.741446,59.296556,40209.017,8
20260814_132105_930b12,2020-07-13,601865.SH,11500,11500,19.600389,22.96967,38746.7315,8
20260814_132105_930b12,2020-07-13,000513.SZ,600,600,395.012212,434.014295,23401.2498,8
20260814_132105_930b12,2020-07-13,002223.SZ,700,700,323.457255,365.6488,29534.0815,8
20260814_132105_930b12,2020-07-14,002626.SZ,1100,1100,160.870882,300.160421,153218.4929,47
20260814_132105_930b12,2020-07-14,600812.SH,4700,4700,50.741446,56.276088,26012.8174,9
20260814_132105_930b12,2020-07-14,601865.SH,11500,11500,19.600389,20.70392,12690.6065,9
20260814_132105_930b12,2020-07-14,000513.SZ,600,600,395.012212,421.65233,15984.0708,9
20260814_132105_930b12,2020-07-14,002223.SZ,700,700,323.457255,348.5792,17585.3615,9
20260814_132105_930b12,2020-07-15,002626.SZ,1100,1100,160.870882,330.168729,186227.6317,48
20260814_132105_930b12,2020-07-15,600812.SH,4700,4700,50.741446,55.441485,22090.1833,10
20260814_132105_930b12,2020-07-15,601865.SH,11500,11500,19.600389,21.37861,20449.5415,10
20260814_132105_930b12,2020-07-15,000513.SZ,600,600,395.012212,440.6578,27387.3528,10
20260814_132105_930b12,2020-07-15,002223.SZ,700,700,323.457255,343.27864,13874.9695,10
20260814_132105_930b12,2020-07-16,002626.SZ,1100,1100,160.870882,315.009893,169552.9121,49
20260814_132105_930b12,2020-07-16,600812.SH,4700,4700,50.741446,50.672325,-324.8687,11
20260814_132105_930b12,2020-07-16,601865.SH,11500,11500,19.600389,19.25384,-3985.3135,11
20260814_132105_930b12,2020-07-16,000513.SZ,600,600,395.012212,411.22455,9727.4028,11
20260814_132105_930b12,2020-07-16,002223.SZ,700,700,323.457255,316.41648,-4928.5425,11
20260814_132105_930b12,2020-07-17,002626.SZ,1300,1100,182.034279,346.48768,213789.4213,50
20260814_132105_930b12,2020-07-17,000513.SZ,1000,600,402.069614,423.081945,21012.331,12
20260814_132105_930b12,2020-07-17,002223.SZ,1300,700,320.951905,321.08816,177.1315,12
20260814_132105_930b12,2020-07-20,002626.SZ,1300,1300,182.034279,318.335556,177191.6601,51
20260814_132105_930b12,2020-07-20,000513.SZ,1000,1000,402.069614,414.92473,12855.116,13
20260814_132105_930b12,2020-07-20,002223.SZ,1300,1300,320.951905,325.04112,5315.9795,13
20260814_132105_930b12,2020-07-21,002626.SZ,1300,1300,182.034279,350.200048,218615.4997,52
20260814_132105_930b12,2020-07-21,000513.SZ,1000,1000,402.069614,426.86622,24796.606,14
20260814_132105_930b12,2020-07-21,002223.SZ,1300,1300,320.951905,332.22832,14659.3395,14
20260814_132105_930b12,2020-07-22,002626.SZ,1300,1300,182.034279,385.235521,264161.6146,53
20260814_132105_930b12,2020-07-22,000513.SZ,1000,1000,402.069614,460.33603,58266.416,15
20260814_132105_930b12,2020-07-22,002223.SZ,1300,1300,320.951905,328.63472,9987.6595,15
20260814_132105_930b12,2020-07-23,002626.SZ,1300,1300,182.034279,409.9073,296234.9273,54
20260814_132105_930b12,2020-07-23,000513.SZ,1000,1000,402.069614,465.04535,62975.736,16
20260814_132105_930b12,2020-07-23,002223.SZ,1300,1300,320.951905,324.68176,4848.8115,16
20260814_132105_930b12,2020-07-24,002626.SZ,1300,1300,182.034279,392.582916,273713.2281,55
20260814_132105_930b12,2020-07-24,000513.SZ,1000,1000,402.069614,430.818685,28749.071,17
20260814_132105_930b12,2020-07-24,002223.SZ,1300,1300,320.951905,309.31912,-15122.6205,17
20260814_132105_930b12,2020-07-27,002626.SZ,1700,1300,232.220751,358.86224,215290.5313,56
20260814_132105_930b12,2020-07-27,000513.SZ,1600,1000,415.679414,454.113,61493.7376,18
20260814_132105_930b12,2020-07-28,000513.SZ,3000,1600,434.092012,449.151395,45178.149,19
20260814_132105_930b12,2020-07-29,000513.SZ,3000,3000,434.092012,460.588315,79488.909,20
20260814_132105_930b12,2020-07-30,000513.SZ,3000,3000,434.092012,461.68155,82768.614,21
20260814_132105_930b12,2020-07-31,000513.SZ,3000,3000,434.092012,457.98137,71668.074,22
20260814_132105_930b12,2020-08-03,000513.SZ,3000,3000,434.092012,471.94114,113547.384,23
20260814_132105_930b12,2020-08-04,000513.SZ,1100,1100,434.092012,476.81865,46999.3018,24
20260814_132105_930b12,2020-08-04,002252.SZ,1900,0,252.680946,247.529682,-9787.4016,1
20260814_132105_930b12,2020-08-04,002024.SZ,400,0,971.626549,965.922761,-2281.5152,1
20260814_132105_930b12,2020-08-05,000513.SZ,3000,1100,456.760731,507.42923,152005.497,25
20260814_132105_930b12,2020-08-06,000513.SZ,3000,3000,456.760731,495.403645,115928.742,26
20260814_132105_930b12,2020-08-07,000513.SZ,3000,3000,456.760731,488.08738,93979.947,27
20260814_132105_930b12,2020-08-10,000513.SZ,3000,3000,456.760731,475.557225,56389.482,28
20260814_132105_930b12,2020-08-11,000513.SZ,3000,3000,456.760731,455.038045,-5168.058,29
20260814_132105_930b12,2020-08-12,000513.SZ,3000,3000,456.760731,443.18065,-40740.243,30
20260814_132105_930b12,2020-09-02,002646.SZ,56200,0,11.902171,11.614685,-16156.7132,1
20260814_132105_930b12,2020-09-02,000910.SZ,12800,0,52.215873,51.4857,-9346.2144,1
20260814_132105_930b12,2020-09-03,000910.SZ,25200,12800,52.397239,49.892095,-63129.6288,2
20260814_132105_930b12,2020-09-04,000910.SZ,25200,25200,52.397239,49.058517,-84135.7944,3
20260814_132105_930b12,2020-09-07,000910.SZ,25200,25200,52.397239,48.249456,-104524.1316,4
20260814_132105_930b12,2020-09-08,000910.SZ,25200,25200,52.397239,47.685565,-118734.1848,5
20260814_132105_930b12,2020-11-03,002594.SZ,400,0,175.817589,167.345192,-3388.9588,1
20260814_132105_930b12,2020-11-03,300626.SZ,3300,0,24.208319,23.3748,-2750.6127,1
20260814_132105_930b12,2020-11-03,600166.SH,900,0,82.242944,79.960935,-2053.8081,1
20260814_132105_930b12,2020-11-03,600189.SH,4400,0,17.95799,17.56096,-1746.932,1
20260814_132105_930b12,2020-11-03,600885.SH,300,0,206.53653,202.465796,-1221.2202,1
20260814_132105_930b12,2020-11-03,600733.SH,1200,0,64.632773,63.1773,-1746.5676,1
20260814_132105_930b12,2020-11-03,300660.SZ,1200,0,63.773459,60.004907,-4522.2624,1
20260814_132105_930b12,2020-11-03,000768.SZ,300,0,211.209778,216.31232,1530.7626,1
20260814_132105_930b12,2020-11-03,603063.SH,6800,0,11.663466,11.566317,-660.6132,1
20260814_132105_930b12,2020-11-03,002533.SZ,2800,0,28.297708,27.957813,-951.706,1
20260814_132105_930b12,2020-11-03,002209.SZ,6600,0,11.936571,11.97196,233.5674,1
20260814_132105_930b12,2020-11-03,600303.SH,2900,0,27.533622,26.814576,-2085.2334,1
20260814_132105_930b12,2020-11-03,600686.SH,900,0,88.71276,86.691222,-1819.3842,1
20260814_132105_930b12,2020-11-03,002801.SZ,900,0,86.749832,90.34064,3231.7272,1
20260814_132105_930b12,2020-11-04,002594.SZ,800,400,173.262101,171.373797,-1510.6432,2
20260814_132105_930b12,2020-11-04,300626.SZ,6300,3300,23.663495,22.5594,-6955.7985,2
20260814_132105_930b12,2020-11-04,600166.SH,1800,900,80.929158,82.844772,3448.1052,2
20260814_132105_930b12,2020-11-04,600885.SH,700,300,207.240251,206.706955,-373.3072,2
20260814_132105_930b12,2020-11-04,300660.SZ,2400,1200,62.210515,58.6454,-8556.276,2
20260814_132105_930b12,2020-11-04,000768.SZ,600,300,214.343203,215.044865,420.9972,2
20260814_132105_930b12,2020-11-04,002533.SZ,5200,2800,28.255096,27.957813,-1545.8716,2
20260814_132105_930b12,2020-11-04,002801.SZ,1600,900,88.409759,88.93456,839.6816,2
20260814_132105_930b12,2020-11-05,002594.SZ,800,800,173.262101,188.508117,12196.8128,3
20260814_132105_930b12,2020-11-05,300626.SZ,6300,6300,23.663495,23.3748,-1818.7785,3
20260814_132105_930b12,2020-11-05,600166.SH,1800,1800,80.929158,86.777277,10526.6142,3
20260814_132105_930b12,2020-11-05,600885.SH,700,700,207.240251,213.167786,4149.2745,3
20260814_132105_930b12,2020-11-05,300660.SZ,2400,2400,62.210515,60.138192,-4973.5752,3
20260814_132105_930b12,2020-11-05,000768.SZ,600,600,214.343203,213.354925,-592.9668,3
20260814_132105_930b12,2020-11-05,002533.SZ,5200,5200,28.255096,29.293524,5399.8256,3
20260814_132105_930b12,2020-11-05,002801.SZ,1600,1600,88.409759,89.39424,1575.1696,3
20260814_132105_930b12,2020-11-06,002594.SZ,800,800,173.262101,194.229756,16774.124,4
20260814_132105_930b12,2020-11-06,300626.SZ,6300,6300,23.663495,22.14264,-9581.3865,4
20260814_132105_930b12,2020-11-06,600166.SH,1800,1800,80.929158,80.747436,-327.0996,4
20260814_132105_930b12,2020-11-06,600885.SH,700,700,207.240251,201.35596,-4119.0037,4
20260814_132105_930b12,2020-11-06,300660.SZ,2400,2400,62.210515,58.405487,-9132.0672,4
20260814_132105_930b12,2020-11-06,000768.SZ,600,600,214.343203,208.70759,-3381.3678,4
20260814_132105_930b12,2020-11-06,002533.SZ,5200,5200,28.255096,28.740816,2525.744,4
20260814_132105_930b12,2020-11-06,002801.SZ,1600,1600,88.409759,87.3392,-1712.8944,4
20260814_132105_930b12,2020-11-09,002594.SZ,800,800,173.262101,194.749905,17190.2432,5
20260814_132105_930b12,2020-11-09,300626.SZ,6300,6300,23.663495,22.3782,-8097.3585,5
20260814_132105_930b12,2020-11-09,600166.SH,1800,1800,80.929158,80.747436,-327.0996,5
20260814_132105_930b12,2020-11-09,600885.SH,700,700,207.240251,210.155374,2040.5861,5
20260814_132105_930b12,2020-11-09,300660.SZ,2400,2400,62.210515,58.565429,-8748.2064,5
20260814_132105_930b12,2020-11-09,000768.SZ,600,600,214.343203,211.2425,-1860.4218,5
20260814_132105_930b12,2020-11-09,002533.SZ,5200,5200,28.255096,28.925052,3483.7712,5
20260814_132105_930b12,2020-11-09,002801.SZ,1600,1600,88.409759,88.9616,882.9456,5
20260814_132105_930b12,2020-11-10,002594.SZ,800,800,173.262101,186.213342,10360.9928,6
20260814_132105_930b12,2020-11-10,300626.SZ,6300,6300,23.663495,21.3816,-14375.9385,6
20260814_132105_930b12,2020-11-10,600166.SH,1800,1800,80.929158,77.077098,-6933.708,6
20260814_132105_930b12,2020-11-10,600885.SH,700,700,207.240251,206.50877,-512.0367,6
20260814_132105_930b12,2020-11-10,300660.SZ,2400,2400,62.210515,59.871622,-5613.3432,6
20260814_132105_930b12,2020-11-10,000768.SZ,600,600,214.343203,209.55256,-2874.3858,6
20260814_132105_930b12,2020-11-10,002533.SZ,5200,5200,28.255096,28.09599,-827.3512,6
20260814_132105_930b12,2020-11-10,002801.SZ,1600,1600,88.409759,89.17792,1229.0576,6
20260814_132105_930b12,2020-11-11,002594.SZ,800,800,173.262101,167.620565,-4513.2288,7
20260814_132105_930b12,2020-11-11,600166.SH,2100,1800,80.328571,74.979762,-11232.4989,7
20260814_132105_930b12,2020-11-11,600885.SH,800,700,206.908963,195.648232,-9008.5848,7
20260814_132105_930b12,2020-11-11,300660.SZ,2700,2400,61.944829,57.978975,-10707.8058,7
20260814_132105_930b12,2020-11-11,000768.SZ,700,600,213.556822,212.425458,-791.9548,7
20260814_132105_930b12,2020-11-11,002533.SZ,5900,5200,28.254675,27.957813,-1751.4858,7
20260814_132105_930b12,2020-11-11,002801.SZ,1800,1600,88.51741,88.4208,-173.898,7
20260814_132105_930b12,2020-11-12,600166.SH,2500,2100,79.541801,75.241929,-10749.68,8
20260814_132105_930b12,2020-11-12,600885.SH,900,800,205.87884,193.547471,-11098.2321,8
20260814_132105_930b12,2020-11-12,300660.SZ,3200,2700,61.358076,55.499874,-18746.2464,8
20260814_132105_930b12,2020-11-12,000768.SZ,800,700,213.612776,206.848656,-5411.296,8
20260814_132105_930b12,2020-11-12,002533.SZ,6700,5900,28.22123,27.6354,-3925.061,8
20260814_132105_930b12,2020-11-12,002801.SZ,2100,1800,88.628825,87.31216,-2764.9965,8
20260814_132105_930b12,2020-11-13,600166.SH,2900,2500,79.080798,82.844772,10915.5246,9
20260814_132105_930b12,2020-11-13,600885.SH,1100,900,203.715969,196.520246,-7915.2953,9
20260814_132105_930b12,2020-11-13,000768.SZ,1000,800,212.369992,223.91705,11547.058,9
20260814_132105_930b12,2020-11-13,002533.SZ,8000,6700,28.143641,27.405105,-5908.288,9
20260814_132105_930b12,2020-11-13,002801.SZ,2500,2100,88.618707,88.556,-156.7675,9
20260814_132105_930b12,2020-11-16,600166.SH,2900,2900,79.080798,83.89344,13956.6618,10
20260814_132105_930b12,2020-11-16,600885.SH,1100,1100,203.715969,202.1487,-1723.9959,10
20260814_132105_930b12,2020-11-16,000768.SZ,1000,1000,212.369992,225.60699,13236.998,10
20260814_132105_930b12,2020-11-16,002533.SZ,8000,8000,28.143641,27.727518,-3328.984,10
20260814_132105_930b12,2020-11-16,002801.SZ,2500,2500,88.618707,89.88096,3155.6325,10
20260814_132105_930b12,2020-11-17,600166.SH,2900,2900,79.080798,88.874613,28402.0635,11
20260814_132105_930b12,2020-11-17,600885.SH,1100,1100,203.715969,196.837342,-7566.4897,11
20260814_132105_930b12,2020-11-17,000768.SZ,1000,1000,212.369992,214.368889,1998.897,11
20260814_132105_930b12,2020-11-17,002533.SZ,8000,8000,28.143641,27.865695,-2223.568,11
20260814_132105_930b12,2020-11-17,002801.SZ,2500,2500,88.618707,91.1248,6265.2325,11
20260814_132105_930b12,2020-11-18,600166.SH,2900,2900,79.080798,92.282784,38285.7594,12
20260814_132105_930b12,2020-11-18,600885.SH,1100,1100,203.715969,187.08664,-18292.2619,12
20260814_132105_930b12,2020-11-18,000768.SZ,1000,1000,212.369992,220.53717,8167.178,12
20260814_132105_930b12,2020-11-18,002533.SZ,8000,8000,28.143641,27.497223,-5171.344,12
20260814_132105_930b12,2020-11-18,002801.SZ,2500,2500,88.618707,92.72016,10253.6325,12
20260814_132105_930b12,2020-11-19,600166.SH,3100,2900,80.166315,90.971949,33497.4654,13
20260814_132105_930b12,2020-11-19,000768.SZ,1300,1000,213.958853,242.590887,37221.6442,13
20260814_132105_930b12,2020-11-19,002533.SZ,10700,8000,27.984493,27.6354,-3735.2951,13
20260814_132105_930b12,2020-11-19,002801.SZ,3100,2500,89.431942,93.34208,12121.4278,13
20260814_132105_930b12,2020-11-20,600166.SH,3100,3100,80.166315,95.428788,47313.6663,14
20260814_132105_930b12,2020-11-20,000768.SZ,1300,1300,213.958853,256.02591,54687.1741,14
20260814_132105_930b12,2020-11-20,002533.SZ,10700,10700,27.984493,28.09599,1193.0179,14
20260814_132105_930b12,2020-11-20,002801.SZ,3100,3100,89.431942,93.77472,13462.6118,14
20260814_132105_930b12,2020-11-23,600166.SH,3100,3100,80.166315,94.642287,44875.5132,15
20260814_132105_930b12,2020-11-23,000768.SZ,1300,1300,213.958853,253.491,51391.7911,15
20260814_132105_930b12,2020-11-23,002533.SZ,10700,10700,27.984493,27.911754,-778.3073,15
20260814_132105_930b12,2020-11-23,002801.SZ,3100,3100,89.431942,93.77472,13462.6118,15
20260814_132105_930b12,2020-11-24,600166.SH,3100,3100,80.166315,91.75845,35935.6185,16
20260814_132105_930b12,2020-11-24,000768.SZ,1300,1300,213.958853,255.687922,54247.7897,16
20260814_132105_930b12,2020-11-24,002533.SZ,10700,10700,27.984493,28.602639,6614.1622,16
20260814_132105_930b12,2020-11-24,002801.SZ,3100,3100,89.431942,92.42272,9271.4118,16
20260814_132105_930b12,2020-11-25,600166.SH,3100,3100,80.166315,91.75845,35935.6185,17
20260814_132105_930b12,2020-11-25,000768.SZ,1300,1300,213.958853,247.914198,44141.9485,17
20260814_132105_930b12,2020-11-25,002533.SZ,10700,10700,27.984493,28.280226,3164.3431,17
20260814_132105_930b12,2020-11-25,002801.SZ,3100,3100,89.431942,90.15136,2230.1958,17
20260814_132105_930b12,2020-11-26,600166.SH,3100,3100,80.166315,88.874613,26995.7238,18
20260814_132105_930b12,2020-11-26,000768.SZ,1300,1300,213.958853,268.277975,70614.8586,18
20260814_132105_930b12,2020-11-26,002533.SZ,10700,10700,27.984493,28.786875,8585.4874,18
20260814_132105_930b12,2020-11-26,002801.SZ,3100,3100,89.431942,88.52896,-2799.2442,18
20260814_132105_930b12,2020-11-27,600166.SH,3100,3100,80.166315,88.874613,26995.7238,19
20260814_132105_930b12,2020-11-27,000768.SZ,1300,1300,213.958853,259.828275,59630.2486,19
20260814_132105_930b12,2020-11-27,002533.SZ,10700,10700,27.984493,28.142049,1685.8492,19
20260814_132105_930b12,2020-11-27,002801.SZ,3100,3100,89.431942,92.42272,9271.4118,19
20260814_132105_930b12,2020-11-30,600166.SH,3100,3100,80.166315,88.088112,24557.5707,20
20260814_132105_930b12,2020-11-30,000768.SZ,1300,1300,213.958853,263.208155,64024.0926,20
20260814_132105_930b12,2020-11-30,002533.SZ,10700,10700,27.984493,27.312987,-7185.1142,20
20260814_132105_930b12,2020-11-30,002801.SZ,3100,3100,89.431942,91.63856,6840.5158,20
20260814_132105_930b12,2020-12-01,600166.SH,3100,3100,80.166315,88.088112,24557.5707,21
20260814_132105_930b12,2020-12-01,000768.SZ,1300,1300,213.958853,270.474897,73470.8572,21
20260814_132105_930b12,2020-12-01,002533.SZ,10700,10700,27.984493,27.681459,-3242.4638,21
20260814_132105_930b12,2020-12-01,002801.SZ,3100,3100,89.431942,92.96352,10947.8918,21
20260814_132105_930b12,2020-12-02,000768.SZ,1200,1200,213.958853,275.46022,73801.6404,22
20260814_132105_930b12,2020-12-02,002533.SZ,11100,10700,27.979145,27.543282,-4838.0793,22
20260814_132105_930b12,2020-12-02,002801.SZ,3300,3100,89.643874,93.85584,13899.4878,22
20260814_132105_930b12,2020-12-02,601127.SH,13300,0,23.11771,23.88661,10226.37,1
20260814_132105_930b12,2020-12-03,000768.SZ,1200,1200,213.958853,260.166263,55448.892,23
20260814_132105_930b12,2020-12-03,002533.SZ,11100,11100,27.979145,27.312987,-7394.3538,23
20260814_132105_930b12,2020-12-03,002801.SZ,3300,3300,89.643874,95.42416,19074.9438,23
20260814_132105_930b12,2020-12-03,601127.SH,13300,13300,23.11771,21.49691,-21556.64,2
20260814_132105_930b12,2020-12-04,000768.SZ,1200,1200,213.958853,262.701173,58490.784,24
20260814_132105_930b12,2020-12-04,002533.SZ,11100,11100,27.979145,27.405105,-6371.844,24
20260814_132105_930b12,2020-12-04,002801.SZ,3300,3300,89.643874,95.42416,19074.9438,24
20260814_132105_930b12,2020-12-04,601127.SH,13300,13300,23.11771,19.34618,-50161.349,3
20260814_132105_930b12,2020-12-07,000768.SZ,1500,1200,223.48681,260.757742,55906.398,25
20260814_132105_930b12,2020-12-07,002533.SZ,14400,11100,27.829991,26.944515,-12750.8544,25
20260814_132105_930b12,2020-12-07,002801.SZ,4100,3300,90.803062,95.66752,19944.2778,25
20260814_132105_930b12,2020-12-08,000768.SZ,1500,1500,223.48681,259.067802,53371.488,26
20260814_132105_930b12,2020-12-08,002533.SZ,14400,14400,27.829991,26.990574,-12087.6048,26
20260814_132105_930b12,2020-12-08,002801.SZ,4100,4100,90.803062,97.344,26817.8458,26
20260814_132105_930b12,2020-12-09,000768.SZ,1500,1500,223.48681,252.477036,43485.339,27
20260814_132105_930b12,2020-12-09,002533.SZ,14400,14400,27.829991,26.391807,-20709.8496,27
20260814_132105_930b12,2020-12-09,002801.SZ,4100,4100,90.803062,91.936,4645.0458,27
20260814_132105_930b12,2020-12-10,000768.SZ,1500,1500,223.48681,255.603425,48174.9225,28
20260814_132105_930b12,2020-12-10,002533.SZ,14400,14400,27.829991,26.161512,-24026.0976,28
20260814_132105_930b12,2020-12-10,002801.SZ,4100,4100,90.803062,93.12576,9523.0618,28
20260814_132105_930b12,2020-12-11,000768.SZ,1500,1500,223.48681,250.026623,39809.7195,29
20260814_132105_930b12,2020-12-11,002533.SZ,14400,14400,27.829991,25.470627,-33974.8416,29
20260814_132105_930b12,2020-12-11,002801.SZ,4100,4100,90.803062,91.936,4645.0458,29
20260814_132105_930b12,2020-12-14,000768.SZ,2100,1500,231.230381,254.927449,49763.8428,30
20260814_132105_930b12,2020-12-14,002801.SZ,5900,4100,91.195291,91.58448,2296.2151,30
20260814_132105_930b12,2020-12-15,000768.SZ,2100,2100,231.230381,255.011946,49941.2865,31
20260814_132105_930b12,2020-12-15,002801.SZ,5900,5900,91.195291,91.07072,-734.9689,31
20260814_132105_930b12,2020-12-16,000768.SZ,2100,2100,231.230381,258.983305,58281.1404,32
20260814_132105_930b12,2020-12-16,002801.SZ,5900,5900,91.195291,90.69216,-2968.4729,32
20260814_132105_930b12,2020-12-17,000768.SZ,2100,2100,231.230381,251.632066,42843.5385,33
20260814_132105_930b12,2020-12-17,002801.SZ,5900,5900,91.195291,91.74672,3253.4311,33
20260814_132105_930b12,2020-12-18,000768.SZ,2100,2100,231.230381,246.815737,32729.2476,34
20260814_132105_930b12,2020-12-18,002801.SZ,5900,5900,91.195291,93.72064,14899.5591,34
20260814_132105_930b12,2020-12-21,000768.SZ,2100,2100,231.230381,261.09573,62717.2329,35
20260814_132105_930b12,2020-12-21,002801.SZ,5900,5900,91.195291,96.20832,29576.8711,35
20260814_132105_930b12,2020-12-22,000768.SZ,2100,2100,231.230381,257.71585,55619.4849,36
20260814_132105_930b12,2020-12-22,002801.SZ,5900,5900,91.195291,94.31552,18409.3511,36
20260814_132105_930b12,2020-12-23,000768.SZ,2100,2100,231.230381,283.487435,109739.8134,37
20260814_132105_930b12,2020-12-23,002801.SZ,5900,5900,91.195291,95.316,24312.1831,37
20260814_132105_930b12,2020-12-24,000768.SZ,2100,2100,231.230381,279.769567,101932.2906,38
20260814_132105_930b12,2020-12-24,002801.SZ,5900,5900,91.195291,97.77664,38829.9591,38
20260814_132105_930b12,2020-12-25,000768.SZ,2100,2100,231.230381,280.107555,102642.0654,39
20260814_132105_930b12,2020-12-25,002801.SZ,5900,5900,91.195291,97.0736,34682.0231,39
20260814_132105_930b12,2020-12-28,000768.SZ,2100,2100,231.230381,278.924597,100157.8536,40
20260814_132105_930b12,2020-12-28,002801.SZ,5900,5900,91.195291,99.2368,47444.9031,40
20260814_132105_930b12,2020-12-29,000768.SZ,2100,2100,231.230381,282.388974,107433.0453,41
20260814_132105_930b12,2020-12-29,002801.SZ,5900,5900,91.195291,97.26288,35798.7751,41
20260814_132105_930b12,2020-12-30,000768.SZ,2100,2100,231.230381,294.303051,132452.607,42
20260814_132105_930b12,2020-12-30,002801.SZ,5900,5900,91.195291,96.668,32288.9831,42
20260814_132105_930b12,2020-12-31,000768.SZ,2100,2100,231.230381,309.934996,165279.6915,43
20260814_132105_930b12,2020-12-31,002801.SZ,5900,5900,91.195291,96.31648,30215.0151,43
20260814_132105_930b12,2021-01-04,000768.SZ,2100,2100,231.230381,326.580905,200236.1004,44
20260814_132105_930b12,2021-01-04,002801.SZ,5900,5900,91.195291,96.37056,30534.0871,44
20260814_132105_930b12,2021-01-05,000768.SZ,800,800,231.230381,318.469193,69791.0496,45
20260814_132105_930b12,2021-01-05,002801.SZ,2700,2700,91.195291,99.39904,22150.1223,45
20260814_132105_930b12,2021-01-05,000767.SZ,6000,0,42.281982,40.68036,-9609.732,1
20260814_132105_930b12,2021-01-05,000633.SZ,6500,0,39.20215,37.76794,-9322.365,1
20260814_132105_930b12,2021-01-05,000831.SZ,4500,0,56.164714,56.518587,1592.4285,1
20260814_132105_930b12,2021-01-06,000768.SZ,1900,800,281.220443,323.116528,79602.5615,46
20260814_132105_930b12,2021-01-06,002801.SZ,6300,2700,96.289727,101.21072,31002.2559,46
20260814_132105_930b12,2021-01-07,000768.SZ,1900,1900,281.220443,334.62,101459.1583,47
20260814_132105_930b12,2021-01-07,002801.SZ,6300,6300,96.289727,99.7776,21973.5999,47
20260814_132105_930b12,2021-01-08,000768.SZ,1900,1900,281.220443,321.1,75771.1583,48
20260814_132105_930b12,2021-01-08,002801.SZ,6300,6300,96.289727,101.4,32194.7199,48
20260814_132105_930b12,2021-01-11,000768.SZ,1900,1900,281.220443,327.7755,88454.6083,49
20260814_132105_930b12,2021-01-11,002801.SZ,6300,6300,96.289727,99.2368,18566.5599,49
20260814_132105_930b12,2021-01-12,000768.SZ,1900,1900,281.220443,337.5775,107078.4083,50
20260814_132105_930b12,2021-01-12,002801.SZ,6300,6300,96.289727,102.752,40712.3199,50
20260814_132105_930b12,2021-01-13,000768.SZ,1900,1900,281.220443,329.55,91826.1583,51
20260814_132105_930b12,2021-01-13,002801.SZ,6300,6300,96.289727,101.4,32194.7199,51
20260814_132105_930b12,2021-01-14,000768.SZ,1900,1900,281.220443,296.595,29211.6583,52
20260814_132105_930b12,2021-01-14,002801.SZ,6300,6300,96.289727,100.39952,25891.6959,52
20260814_132105_930b12,2021-01-15,002801.SZ,12100,6300,97.861387,100.50768,32020.1453,53
20260814_132105_930b12,2021-01-18,002801.SZ,12100,12100,97.861387,103.53616,68664.7533,54
20260814_132105_930b12,2021-01-19,002801.SZ,12100,12100,97.861387,102.2112,52632.7373,55
20260814_132105_930b12,2021-01-20,002801.SZ,12100,12100,97.861387,102.4816,55904.5773,56
20260814_132105_930b12,2021-01-21,002801.SZ,12100,12100,97.861387,100.1832,28093.9373,57
20260814_132105_930b12,2021-01-22,002801.SZ,12100,12100,97.861387,100.8592,36273.5373,58
20260814_132105_930b12,2021-01-25,002801.SZ,12100,12100,97.861387,100.9944,37909.4573,59
20260814_132105_930b12,2021-01-26,002801.SZ,12100,12100,97.861387,98.85824,12061.9213,60
20260814_132105_930b12,2021-01-27,002801.SZ,12100,12100,97.861387,99.6424,21550.2573,61
20260814_132105_930b12,2021-01-28,002801.SZ,12100,12100,97.861387,99.85872,24167.7293,62
20260814_132105_930b12,2021-01-29,002801.SZ,12100,12100,97.861387,101.2648,41181.2973,63
20260814_132105_930b12,2021-02-01,002801.SZ,12100,12100,97.861387,103.428,67356.0173,64
20260814_132105_930b12,2021-02-02,002801.SZ,4000,4000,97.861387,103.80656,23780.692,65
20260814_132105_930b12,2021-02-02,300731.SZ,11400,0,35.897516,35.575,-3676.6824,1
20260814_132105_930b12,2021-02-02,300777.SZ,7500,0,54.691728,54.34848,-2574.36,1
20260814_132105_930b12,2021-02-03,002801.SZ,5900,4000,99.379888,103.86064,26436.4368,66
20260814_132105_930b12,2021-02-03,300777.SZ,11200,7500,54.63201,53.46672,-13051.248,2
20260814_132105_930b12,2021-02-04,002801.SZ,5900,5900,99.379888,103.9688,27074.5808,67
20260814_132105_930b12,2021-02-04,300777.SZ,11200,11200,54.63201,51.27234,-37628.304,3
20260814_132105_930b12,2021-02-05,002801.SZ,5900,5900,99.379888,103.8336,26276.9008,68
20260814_132105_930b12,2021-02-05,300777.SZ,11200,11200,54.63201,49.67916,-55471.92,4
20260814_132105_930b12,2021-02-08,002801.SZ,11400,5900,100.556125,98.04704,-28603.569,69
20260814_132105_930b12,2021-02-09,002801.SZ,11400,11400,100.556125,98.1552,-27370.545,70
20260814_132105_930b12,2021-02-10,002801.SZ,11400,11400,100.556125,98.18224,-27062.289,71
20260814_132105_930b12,2021-02-18,002801.SZ,11400,11400,100.556125,99.2368,-15040.305,72
20260814_132105_930b12,2021-02-19,002801.SZ,11400,11400,100.556125,99.6424,-10416.465,73
20260814_132105_930b12,2021-02-22,002801.SZ,11400,11400,100.556125,99.69648,-9799.953,74
20260814_132105_930b12,2021-02-23,002801.SZ,11400,11400,100.556125,98.1552,-27370.545,75
20260814_132105_930b12,2021-02-24,002801.SZ,11400,11400,100.556125,95.12672,-61895.217,76
20260814_132105_930b12,2021-02-25,002801.SZ,11400,11400,100.556125,93.63952,-78849.297,77
20260814_132105_930b12,2021-02-26,002801.SZ,11400,11400,100.556125,93.04464,-85630.929,78
20260814_132105_930b12,2021-03-01,002801.SZ,11400,11400,100.556125,93.66656,-78541.041,79
20260814_132105_930b12,2021-05-07,002172.SZ,10200,0,17.357976,17.319,-397.5552,1
20260814_132105_930b12,2021-05-07,000908.SZ,9600,0,18.351307,17.4328,-8817.6672,1
20260814_132105_930b12,2021-05-07,000898.SZ,11000,0,16.042022,15.704,-3718.242,1
20260814_132105_930b12,2021-05-07,002038.SZ,600,0,258.365546,249.80376,-5137.0716,1
20260814_132105_930b12,2021-05-07,002826.SZ,18000,0,9.828349,9.73544,-1672.362,1
20260814_132105_930b12,2021-05-07,002176.SZ,1600,0,110.642081,107.41353,-5165.6816,1
20260814_132105_930b12,2021-05-10,002172.SZ,19700,10200,17.57634,19.06596,29345.514,2
20260814_132105_930b12,2021-05-10,000898.SZ,21700,11000,16.16142,16.2174,1214.766,2
20260814_132105_930b12,2021-05-10,002176.SZ,3200,1600,108.369503,114.79902,20574.4544,2
20260814_132105_930b12,2021-05-11,002172.SZ,19700,19700,17.57634,19.2768,33499.062,3
20260814_132105_930b12,2021-05-11,000898.SZ,21700,21700,16.16142,15.1604,-21722.134,3
20260814_132105_930b12,2021-05-11,002176.SZ,3200,3200,108.369503,103.26729,-16327.0816,3
20260814_132105_930b12,2021-05-12,002172.SZ,19700,19700,17.57634,21.20448,71474.358,4
20260814_132105_930b12,2021-05-12,000898.SZ,21700,21700,16.16142,15.0094,-24998.834,4
20260814_132105_930b12,2021-05-12,002176.SZ,3200,3200,108.369503,108.19095,-571.3696,4
20260814_132105_930b12,2021-05-13,002172.SZ,19700,19700,17.57634,21.3852,75034.542,5
20260814_132105_930b12,2021-05-13,000898.SZ,21700,21700,16.16142,13.741,-52523.114,5
20260814_132105_930b12,2021-05-13,002176.SZ,3200,3200,108.369503,110.78235,7721.1104,5
20260814_132105_930b12,2021-05-14,002172.SZ,25200,19700,18.378611,20.4816,52995.3228,6
20260814_132105_930b12,2021-05-14,002176.SZ,4800,3200,109.300178,112.46676,15199.5936,6
20260814_132105_930b12,2021-05-17,002172.SZ,25200,25200,18.378611,19.18644,20357.2908,7
20260814_132105_930b12,2021-05-17,002176.SZ,4800,4800,109.300178,112.46676,15199.5936,7
20260814_132105_930b12,2021-05-18,002176.SZ,9100,4800,110.670622,117.39042,61150.1618,8
20260814_132105_930b12,2021-05-19,002176.SZ,9100,9100,110.670622,118.55655,71761.9448,9
20260814_132105_930b12,2021-05-20,002176.SZ,9100,9100,110.670622,114.0216,30493.8998,10
20260814_132105_930b12,2021-05-21,002176.SZ,9100,9100,110.670622,117.64956,63508.3358,11
20260814_132105_930b12,2021-05-24,002176.SZ,9100,9100,110.670622,113.37375,24598.4648,12
20260814_132105_930b12,2021-05-25,002176.SZ,9100,9100,110.670622,109.48665,-10774.1452,13
20260814_132105_930b12,2021-05-26,002176.SZ,9100,9100,110.670622,109.35708,-11953.2322,14
20260814_132105_930b12,2021-05-27,002176.SZ,9100,9100,110.670622,107.41353,-29639.5372,15
20260814_132105_930b12,2021-05-28,002176.SZ,9100,9100,110.670622,107.5431,-28460.4502,16
20260814_132105_930b12,2021-05-31,002176.SZ,9100,9100,110.670622,109.22751,-13132.3192,17
20260814_132105_930b12,2021-06-01,002176.SZ,9100,9100,110.670622,103.52643,-65012.1472,18
20260814_132105_930b12,2021-06-02,002176.SZ,3000,3000,110.670622,98.08449,-37758.396,19
20260814_132105_930b12,2021-06-02,002568.SZ,500,0,538.916508,518.41328,-10251.614,1
20260814_132105_930b12,2021-06-02,002698.SZ,9400,0,33.611613,33.4552,-1470.2822,1
20260814_132105_930b12,2021-07-02,603098.SH,2400,0,45.679912,48.21914,6094.1472,1
20260814_132105_930b12,2021-07-02,300827.SZ,1300,0,82.031678,85.69,4755.8186,1
20260814_132105_930b12,2021-07-02,688018.SH,500,0,224.471769,238.64868,7088.4555,1
20260814_132105_930b12,2021-07-02,603628.SH,12000,0,9.420052,9.65265,2791.176,1
20260814_132105_930b12,2021-07-02,600869.SH,2200,0,50.160553,50.2618,222.7434,1
20260814_132105_930b12,2021-07-02,002309.SZ,5200,0,21.586591,21.91532,1709.3908,1
20260814_132105_930b12,2021-07-02,600745.SH,500,0,204.801461,196.49951,-4150.9755,1
20260814_132105_930b12,2021-07-02,600237.SH,4500,0,24.895631,25.93251,4665.9555,1
20260814_132105_930b12,2021-07-05,603098.SH,6400,2400,47.728762,50.0684,14973.6832,2
20260814_132105_930b12,2021-07-05,300827.SZ,3600,1300,84.723176,83.2546,-5286.8736,2
20260814_132105_930b12,2021-07-05,600237.SH,12000,4500,25.448517,26.0586,7320.996,2
20260814_132105_930b12,2021-07-06,603098.SH,6400,6400,47.728762,45.50186,-14252.1728,3
20260814_132105_930b12,2021-07-06,300827.SZ,3600,3600,84.723176,79.52032,-18730.2816,3
20260814_132105_930b12,2021-07-06,600237.SH,12000,12000,25.448517,26.10063,7825.356,3
20260814_132105_930b12,2021-07-07,603098.SH,6400,6400,47.728762,47.09952,-4027.1488,4
20260814_132105_930b12,2021-07-07,300827.SZ,3600,3600,84.723176,88.54032,13741.7184,4
20260814_132105_930b12,2021-07-07,600237.SH,12000,12000,25.448517,25.84845,4799.196,4
20260814_132105_930b12,2021-07-08,603098.SH,6400,6400,47.728762,47.3008,-2738.9568,5
20260814_132105_930b12,2021-07-08,300827.SZ,3600,3600,84.723176,93.33896,31016.8224,5
20260814_132105_930b12,2021-07-08,600237.SH,12000,12000,25.448517,26.77311,15895.116,5
20260814_132105_930b12,2021-07-09,603098.SH,6400,6400,47.728762,49.3136,10142.9632,6
20260814_132105_930b12,2021-07-09,300827.SZ,3600,3600,84.723176,95.7924,39849.2064,6
20260814_132105_930b12,2021-07-09,600237.SH,12000,12000,25.448517,27.3195,22451.796,6
20260814_132105_930b12,2021-07-12,603098.SH,6400,6400,47.728762,51.36414,23266.4192,7
20260814_132105_930b12,2021-07-12,300827.SZ,3600,3600,84.723176,94.8002,36277.2864,7
20260814_132105_930b12,2021-07-12,600237.SH,12000,12000,25.448517,27.10935,19929.996,7
20260814_132105_930b12,2021-07-13,603098.SH,6400,6400,47.728762,56.49678,56115.3152,8
20260814_132105_930b12,2021-07-13,300827.SZ,3600,3600,84.723176,97.88504,47382.7104,8
20260814_132105_930b12,2021-07-13,600237.SH,12000,12000,25.448517,27.40356,23460.516,8
20260814_132105_930b12,2021-07-14,603098.SH,6400,6400,47.728762,50.84836,19965.4272,9
20260814_132105_930b12,2021-07-14,300827.SZ,3600,3600,84.723176,94.3492,34653.6864,9
20260814_132105_930b12,2021-07-14,600237.SH,12000,12000,25.448517,26.56296,13373.316,9
20260814_132105_930b12,2021-07-15,603098.SH,6400,6400,47.728762,52.11894,28097.1392,10
20260814_132105_930b12,2021-07-15,300827.SZ,3600,3600,84.723176,97.37992,45564.2784,10
20260814_132105_930b12,2021-07-15,600237.SH,12000,12000,25.448517,26.8992,17408.196,10
20260814_132105_930b12,2021-07-16,603098.SH,6400,6400,47.728762,53.81724,38966.2592,11
20260814_132105_930b12,2021-07-16,300827.SZ,3600,3600,84.723176,97.37992,45564.2784,11
20260814_132105_930b12,2021-07-16,600237.SH,12000,12000,25.448517,26.35281,10851.516,11
20260814_132105_930b12,2021-07-19,603098.SH,6400,6400,47.728762,57.88058,64971.6352,12
20260814_132105_930b12,2021-07-19,300827.SZ,3600,3600,84.723176,92.70756,28743.7824,12
20260814_132105_930b12,2021-07-19,600237.SH,12000,12000,25.448517,24.67161,-9322.884,12
20260814_132105_930b12,2021-07-20,603098.SH,6400,6400,47.728762,61.86844,90493.9392,13
20260814_132105_930b12,2021-07-20,300827.SZ,3600,3600,84.723176,86.28532,5623.7184,13
20260814_132105_930b12,2021-07-20,600237.SH,12000,12000,25.448517,24.75567,-8314.164,13
20260814_132105_930b12,2021-07-21,603098.SH,8100,6400,50.640893,60.52238,80040.0447,14
20260814_132105_930b12,2021-07-21,600237.SH,20400,12000,25.220858,27.23544,41097.4728,14
20260814_132105_930b12,2021-07-22,603098.SH,8100,8100,50.640893,64.6612,113564.4867,15
20260814_132105_930b12,2021-07-22,600237.SH,20400,20400,25.220858,28.5804,68534.6568,15
20260814_132105_930b12,2021-07-23,603098.SH,8100,8100,50.640893,63.98188,108061.9947,16
20260814_132105_930b12,2021-07-23,600237.SH,20400,20400,25.220858,28.37025,64247.5968,16
20260814_132105_930b12,2021-07-26,603098.SH,8100,8100,50.640893,61.06332,84421.6587,17
20260814_132105_930b12,2021-07-26,600237.SH,20400,20400,25.220858,28.20213,60817.9488,17
20260814_132105_930b12,2021-07-27,603098.SH,8100,8100,50.640893,54.96202,35001.1287,18
20260814_132105_930b12,2021-07-27,600237.SH,20400,20400,25.220858,27.65574,49671.5928,18
20260814_132105_930b12,2021-07-28,600237.SH,36900,20400,26.186767,28.95867,102283.2207,19
20260814_132105_930b12,2021-07-29,600237.SH,36900,36900,26.186767,29.421,119343.1977,20
20260814_132105_930b12,2021-07-30,600237.SH,36900,36900,26.186767,28.79055,96079.5927,21
20260814_132105_930b12,2021-08-02,600237.SH,36900,36900,26.186767,28.83258,97630.4997,22
20260814_132105_930b12,2021-10-11,603318.SH,11700,0,29.488655,27.60624,-22024.2555,1
20260814_132105_930b12,2021-10-11,600979.SH,16700,0,20.741614,19.97952,-12726.9698,1
20260814_132105_930b12,2021-10-11,002495.SZ,12500,0,27.647,27.97344,4080.5,1
