rebal_date,exit_date,sell_date,sold_code,entry_price,sell_price,loss_pct
2018-07-31,2018-10-08,2018-08-06,002164.SZ,4.55,4.0,-0.1208791208791209
2018-07-31,2018-10-08,2018-08-07,300600.SZ,21.3,18.42,-0.13521126760563373
2018-07-31,2018-10-08,2018-08-07,300700.SZ,41.5,35.6,-0.14216867469879513
2018-07-31,2018-10-08,2018-08-07,603600.SH,8.71,7.61,-0.12629161882893236
2018-07-31,2018-10-08,2018-08-07,002833.SZ,48.08,42.08,-0.12479201331114809
2018-07-31,2018-10-08,2018-08-07,002884.SZ,23.73,20.43,-0.1390644753476612
2018-07-31,2018-10-08,2018-08-07,300569.SZ,14.78,12.51,-0.15358592692828144
2018-07-31,2018-10-08,2018-08-14,002077.SZ,5.57,4.9,-0.1202872531418312
2018-07-31,2018-10-08,2018-08-16,603179.SH,20.46,17.66,-0.13685239491691104
2018-07-31,2018-10-08,2018-08-16,300393.SZ,18.33,15.62,-0.1478450627386797
2018-07-31,2018-10-08,2018-08-17,000026.SZ,8.3,7.31,-0.11927710843373507
2018-07-31,2018-10-08,2018-08-20,600375.SH,4.92,4.29,-0.12804878048780488
2018-07-31,2018-10-08,2018-08-20,300444.SZ,8.85,7.53,-0.14915254237288134
2018-07-31,2018-10-08,2018-08-20,603987.SH,7.11,6.11,-0.1406469760900141
2018-07-31,2018-10-08,2018-08-20,002840.SZ,15.23,13.15,-0.1365725541694025
2018-07-31,2018-10-08,2018-08-20,300109.SZ,21.2,18.08,-0.1471698113207548
2018-07-31,2018-10-08,2018-08-21,002196.SZ,7.12,6.15,-0.1362359550561797
2018-07-31,2018-10-08,2018-08-27,002026.SZ,5.89,5.16,-0.12393887945670623
2018-07-31,2018-10-08,2018-08-27,000906.SZ,5.38,4.75,-0.11710037174721188
2018-07-31,2018-10-08,2018-08-30,002164.SZ,3.84,3.0,-0.21875
2018-07-31,2018-10-08,2018-08-31,300061.SZ,7.68,6.53,-0.14973958333333326
2018-07-31,2018-10-08,2018-08-31,000567.SZ,14.01,12.45,-0.11134903640256966
2018-07-31,2018-10-08,2018-09-03,002582.SZ,10.83,9.24,-0.1468144044321329
2018-07-31,2018-10-08,2018-09-03,300600.SZ,18.42,16.08,-0.12703583061889268
2018-07-31,2018-10-08,2018-09-04,000716.SZ,3.68,3.21,-0.1277173913043479
2018-07-31,2018-10-08,2018-09-04,603773.SH,65.9,55.16,-0.16297420333839163
2018-07-31,2018-10-08,2018-09-06,601900.SH,9.6,8.4,-0.12499999999999989
2018-07-31,2018-10-08,2018-09-07,600189.SH,4.8,4.2,-0.12499999999999989
2018-07-31,2018-10-08,2018-09-07,600361.SH,4.27,3.75,-0.12177985948477743
2018-07-31,2018-10-08,2018-09-11,002772.SZ,7.9,6.91,-0.12531645569620253
2018-07-31,2018-10-08,2018-09-11,300700.SZ,35.6,30.4,-0.1460674157303371
2018-07-31,2018-10-08,2018-09-12,300607.SZ,45.08,38.74,-0.14063886424134864
2018-07-31,2018-10-08,2018-09-18,603360.SH,13.1,11.35,-0.13358778625954204
2018-07-31,2018-10-08,2018-09-18,603226.SH,18.16,15.57,-0.14262114537444937
2018-07-31,2018-10-08,2018-09-18,601208.SH,4.2,3.68,-0.12380952380952381
2018-07-31,2018-10-08,2018-09-18,300194.SZ,4.61,3.75,-0.18655097613882865
2018-07-31,2018-10-08,2018-09-21,002627.SZ,9.84,8.55,-0.13109756097560965
2018-07-31,2018-10-08,2018-09-21,002526.SZ,3.26,2.8,-0.14110429447852757
2018-07-31,2018-10-08,2018-09-28,000609.SZ,5.91,5.11,-0.1353637901861252
2018-07-31,2018-10-08,2018-09-28,300700.SZ,30.59,26.7,-0.12716574043805162
2018-09-28,2018-12-03,2018-10-10,002749.SZ,36.09,20.3,-0.4375173178165698
2018-09-28,2018-12-03,2018-10-12,603358.SH,11.98,10.33,-0.13772954924874792
2018-09-28,2018-12-03,2018-10-12,300194.SZ,3.78,3.24,-0.1428571428571428
2018-09-28,2018-12-03,2018-10-12,600475.SH,9.8,8.47,-0.13571428571428568
2018-09-28,2018-12-03,2018-10-12,002454.SZ,4.73,4.12,-0.12896405919661735
2018-09-28,2018-12-03,2018-10-12,000609.SZ,5.11,4.39,-0.14090019569471635
2018-09-28,2018-12-03,2018-10-12,002009.SZ,8.68,7.37,-0.15092165898617504
2018-09-28,2018-12-03,2018-10-12,002173.SZ,10.13,8.61,-0.15004935834155986
2018-09-28,2018-12-03,2018-10-12,002196.SZ,6.05,5.27,-0.12892561983471074
2018-09-28,2018-12-03,2018-10-12,600133.SH,5.39,4.74,-0.12059369202226333
2018-09-28,2018-12-03,2018-10-12,002255.SZ,4.94,4.33,-0.12348178137651822
2018-09-28,2018-12-03,2018-10-12,600052.SH,3.22,2.83,-0.12111801242236031
2018-09-28,2018-12-03,2018-10-12,603730.SH,20.19,17.46,-0.13521545319465078
2018-09-28,2018-12-03,2018-10-12,000957.SZ,5.5,4.7,-0.1454545454545454
2018-09-28,2018-12-03,2018-10-12,300050.SZ,5.04,4.43,-0.12103174603174605
2018-09-28,2018-12-03,2018-10-12,300016.SZ,6.87,5.89,-0.14264919941775844
2018-09-28,2018-12-03,2018-10-12,002286.SZ,6.27,5.4,-0.13875598086124385
2018-09-28,2018-12-03,2018-10-12,300256.SZ,3.37,2.91,-0.13649851632047472
2018-09-28,2018-12-03,2018-10-12,600293.SH,4.4,3.79,-0.13863636363636367
2018-09-28,2018-12-03,2018-10-12,002546.SZ,3.75,3.29,-0.1226666666666667
2018-09-28,2018-12-03,2018-10-15,600361.SH,3.75,3.28,-0.1253333333333334
2018-09-28,2018-12-03,2018-10-15,600375.SH,4.12,3.57,-0.133495145631068
2018-09-28,2018-12-03,2018-10-15,000530.SZ,3.48,3.07,-0.11781609195402298
2018-09-28,2018-12-03,2018-10-15,600173.SH,4.03,3.54,-0.12158808933002485
2018-09-28,2018-12-03,2018-10-15,600758.SH,3.88,3.36,-0.134020618556701
2018-09-28,2018-12-03,2018-10-15,002169.SZ,4.09,3.57,-0.12713936430317851
2018-09-28,2018-12-03,2018-10-15,000716.SZ,3.22,2.79,-0.13354037267080754
2018-09-28,2018-12-03,2018-10-15,600218.SH,5.31,4.65,-0.12429378531073432
2018-09-28,2018-12-03,2018-10-15,603556.SH,13.12,11.84,-0.09756097560975607
2018-09-28,2018-12-03,2018-10-15,603587.SH,23.87,20.84,-0.12693757855048182
2018-09-28,2018-12-03,2018-10-15,603299.SH,5.99,5.24,-0.12520868113522532
2018-09-28,2018-12-03,2018-10-15,000571.SZ,3.2,2.72,-0.15000000000000002
2018-09-28,2018-12-03,2018-10-15,002654.SZ,4.48,3.93,-0.1227678571428572
2018-09-28,2018-12-03,2018-10-15,300247.SZ,3.78,3.32,-0.12169312169312174
2018-09-28,2018-12-03,2018-10-15,002034.SZ,14.04,11.31,-0.1944444444444443
2018-09-28,2018-12-03,2018-10-15,000701.SZ,6.75,5.84,-0.13481481481481483
2018-09-28,2018-12-03,2018-10-15,000722.SZ,5.74,4.95,-0.1376306620209059
2018-09-28,2018-12-03,2018-10-15,002765.SZ,6.31,5.52,-0.12519809825673534
2018-09-28,2018-12-03,2018-10-15,002533.SZ,4.76,4.21,-0.11554621848739488
2018-09-28,2018-12-03,2018-10-15,300120.SZ,5.98,5.3,-0.11371237458193995
2018-09-28,2018-12-03,2018-10-15,603179.SH,17.5,15.09,-0.13771428571428568
2018-09-28,2018-12-03,2018-10-15,601208.SH,3.8,3.26,-0.14210526315789473
2018-09-28,2018-12-03,2018-10-16,601900.SH,7.92,6.71,-0.1527777777777778
2018-09-28,2018-12-03,2018-10-16,002328.SZ,5.23,4.52,-0.13575525812619516
2018-09-28,2018-12-03,2018-10-16,002026.SZ,5.3,4.57,-0.13773584905660374
2018-09-28,2018-12-03,2018-10-16,002483.SZ,4.03,3.36,-0.16625310173697283
2018-09-28,2018-12-03,2018-10-16,600189.SH,4.21,3.65,-0.1330166270783848
2018-09-28,2018-12-03,2018-10-16,603871.SH,37.88,33.38,-0.11879619852164724
2018-09-28,2018-12-03,2018-10-16,600081.SH,8.49,7.25,-0.14605418138987047
2018-09-28,2018-12-03,2018-10-16,600865.SH,6.16,5.4,-0.12337662337662336
2018-09-28,2018-12-03,2018-10-16,002772.SZ,7.09,6.21,-0.12411847672778564
2018-09-28,2018-12-03,2018-10-16,600710.SH,4.09,3.56,-0.1295843520782396
2018-09-28,2018-12-03,2018-10-16,300467.SZ,23.98,21.4,-0.10758965804837373
2018-09-28,2018-12-03,2018-10-16,002160.SZ,4.38,3.79,-0.13470319634703198
2018-09-28,2018-12-03,2018-10-17,300184.SZ,8.27,7.4,-0.10519951632406277
2018-09-28,2018-12-03,2018-10-17,000599.SZ,4.41,3.83,-0.1315192743764172
2018-09-28,2018-12-03,2018-10-17,002441.SZ,6.92,6.1,-0.11849710982658967
2018-09-28,2018-12-03,2018-10-17,000404.SZ,4.16,3.67,-0.11778846153846156
2018-09-28,2018-12-03,2018-10-17,603055.SH,11.1,9.7,-0.12612612612612617
2018-09-28,2018-12-03,2018-10-17,601599.SH,3.28,2.86,-0.12804878048780488
2018-09-28,2018-12-03,2018-10-17,002403.SZ,8.34,7.39,-0.11390887290167873
2018-09-28,2018-12-03,2018-10-18,000923.SZ,13.27,11.7,-0.11831198191409198
2018-09-28,2018-12-03,2018-10-18,002034.SZ,11.31,9.86,-0.1282051282051283
2018-09-28,2018-12-03,2018-10-19,000899.SZ,4.2,3.67,-0.1261904761904763
2018-09-28,2018-12-03,2018-10-19,002756.SZ,13.28,11.4,-0.14156626506024095
2018-09-28,2018-12-03,2018-10-19,600589.SH,4.35,3.79,-0.12873563218390793
2018-09-28,2018-12-03,2018-10-19,603916.SH,13.03,11.18,-0.14198004604758252
2018-11-30,2019-01-02,2018-12-26,300432.SZ,7.15,6.07,-0.151048951048951
2018-11-30,2019-01-02,2018-12-27,600792.SH,3.07,2.73,-0.11074918566775238
2018-11-30,2019-01-02,2018-12-27,002255.SZ,4.5,4.0,-0.11111111111111116
2018-11-30,2019-01-02,2018-12-28,002173.SZ,8.54,7.23,-0.15339578454332536
2018-11-30,2019-01-02,2018-12-28,002833.SZ,38.21,33.28,-0.12902381575503796
2018-12-28,2019-02-01,2019-01-31,300343.SZ,6.71,5.22,-0.22205663189269753
2018-12-28,2019-02-01,2019-01-31,002255.SZ,3.91,3.44,-0.12020460358056273
2018-12-28,2019-02-01,2019-02-01,300432.SZ,5.79,5.09,-0.12089810017271163
2018-12-28,2019-02-01,2019-02-01,002374.SZ,3.05,2.52,-0.17377049180327864
2018-12-28,2019-02-01,2019-02-01,002638.SZ,2.59,2.12,-0.18146718146718133
2019-01-31,2019-04-01,2019-03-29,603225.SH,16.48,13.99,-0.15109223300970875
2019-03-29,2019-06-03,2019-04-15,300765.SZ,53.79,47.35,-0.11972485592117488
2019-03-29,2019-06-03,2019-04-17,603319.SH,23.49,18.5,-0.21243082162622384
2019-03-29,2019-06-03,2019-04-17,603278.SH,18.46,13.0,-0.295774647887324
2019-03-29,2019-06-03,2019-04-23,300763.SZ,66.0,57.57,-0.1277272727272727
2019-03-29,2019-06-03,2019-04-29,002623.SZ,18.23,15.9,-0.12781130005485464
2019-03-29,2019-06-03,2019-04-29,603773.SH,48.91,38.8,-0.2067061950521366
2019-03-29,2019-06-03,2019-04-30,603758.SH,6.93,6.0,-0.1341991341991342
2019-03-29,2019-06-03,2019-04-30,002037.SZ,9.53,8.13,-0.14690451206715616
2019-03-29,2019-06-03,2019-04-30,300084.SZ,6.4,5.62,-0.12187500000000007
2019-03-29,2019-06-03,2019-04-30,300120.SZ,8.18,6.91,-0.15525672371638133
2019-03-29,2019-06-03,2019-04-30,603639.SH,33.65,28.1,-0.16493313521545316
2019-03-29,2019-06-03,2019-04-30,603358.SH,14.0,11.91,-0.14928571428571424
2019-03-29,2019-06-03,2019-04-30,000892.SZ,5.31,4.54,-0.14500941619585683
2019-03-29,2019-06-03,2019-04-30,300765.SZ,46.7,40.98,-0.1224839400428267
2019-03-29,2019-06-03,2019-04-30,603278.SH,12.65,11.1,-0.12252964426877477
2019-03-29,2019-06-03,2019-05-06,603035.SH,13.78,11.5,-0.1654571843251088
2019-03-29,2019-06-03,2019-05-07,002755.SZ,16.49,13.46,-0.1837477258944814
2019-03-29,2019-06-03,2019-05-07,600982.SH,3.95,3.47,-0.12151898734177213
2019-03-29,2019-06-03,2019-05-07,002026.SZ,6.79,5.91,-0.1296023564064801
2019-03-29,2019-06-03,2019-05-07,603225.SH,14.62,12.69,-0.13201094391244872
2019-03-29,2019-06-03,2019-05-07,600189.SH,4.79,4.26,-0.11064718162839249
2019-03-29,2019-06-03,2019-05-07,002637.SZ,8.57,7.34,-0.14352392065344233
2019-03-29,2019-06-03,2019-05-07,300434.SZ,10.15,8.36,-0.17635467980295572
2019-03-29,2019-06-03,2019-05-07,603661.SH,36.98,32.45,-0.1224986479177933
2019-03-29,2019-06-03,2019-05-07,002822.SZ,6.11,5.26,-0.13911620294599025
2019-03-29,2019-06-03,2019-05-07,600865.SH,7.1,6.28,-0.11549295774647883
2019-03-29,2019-06-03,2019-05-07,300105.SZ,4.91,4.2,-0.14460285132382888
2019-03-29,2019-06-03,2019-05-07,603179.SH,17.85,14.62,-0.1809523809523811
2019-03-29,2019-06-03,2019-05-07,300428.SZ,12.54,10.6,-0.15470494417862835
2019-03-29,2019-06-03,2019-05-07,000011.SZ,11.8,10.11,-0.14322033898305098
2019-03-29,2019-06-03,2019-05-07,002096.SZ,7.25,5.94,-0.18068965517241375
2019-03-29,2019-06-03,2019-05-07,600939.SH,5.71,5.0,-0.12434325744308228
2019-03-29,2019-06-03,2019-05-07,002487.SZ,4.73,4.08,-0.13742071881606777
2019-03-29,2019-06-03,2019-05-07,603667.SH,9.7,8.25,-0.14948453608247414
2019-03-29,2019-06-03,2019-05-07,600933.SH,9.48,8.25,-0.129746835443038
2019-03-29,2019-06-03,2019-05-07,603100.SH,10.8,9.2,-0.14814814814814825
2019-03-29,2019-06-03,2019-05-07,002818.SZ,26.26,12.85,-0.5106626047220106
2019-03-29,2019-06-03,2019-05-07,603203.SH,25.22,21.95,-0.1296590007930214
2019-03-29,2019-06-03,2019-05-07,600367.SH,8.91,7.59,-0.14814814814814814
2019-03-29,2019-06-03,2019-05-07,600293.SH,5.06,4.15,-0.17984189723320143
2019-03-29,2019-06-03,2019-05-07,603055.SH,12.05,10.19,-0.15435684647302916
2019-03-29,2019-06-03,2019-05-07,603139.SH,18.5,16.12,-0.12864864864864856
2019-03-29,2019-06-03,2019-05-07,300164.SZ,7.86,6.5,-0.17302798982188294
2019-03-29,2019-06-03,2019-05-07,603319.SH,18.5,16.34,-0.11675675675675679
2019-03-29,2019-06-03,2019-05-07,300763.SZ,50.92,44.94,-0.11743912018853109
2019-03-29,2019-06-03,2019-05-08,300196.SZ,10.29,8.91,-0.13411078717201153
2019-03-29,2019-06-03,2019-05-08,603615.SH,10.28,8.85,-0.1391050583657587
2019-03-29,2019-06-03,2019-05-09,000498.SZ,6.11,5.3,-0.13256955810147308
2019-03-29,2019-06-03,2019-05-09,000567.SZ,13.41,11.55,-0.13870246085011184
2019-03-29,2019-06-03,2019-05-10,300320.SZ,5.83,5.13,-0.12006861063464835
2019-03-29,2019-06-03,2019-05-10,603277.SH,10.67,9.44,-0.11527647610121838
2019-03-29,2019-06-03,2019-05-20,002448.SZ,6.39,5.62,-0.12050078247261342
2019-03-29,2019-06-03,2019-05-20,603038.SH,19.98,13.7,-0.31431431431431434
2019-03-29,2019-06-03,2019-05-20,603916.SH,13.85,12.19,-0.11985559566787007
2019-03-29,2019-06-03,2019-05-21,603298.SH,15.03,13.18,-0.12308715901530276
2019-03-29,2019-06-03,2019-05-23,600603.SH,5.24,4.61,-0.12022900763358779
2019-03-29,2019-06-03,2019-05-24,603535.SH,20.66,17.75,-0.14085188770571155
2019-03-29,2019-06-03,2019-05-24,600853.SH,4.49,3.89,-0.13363028953229406
2019-03-29,2019-06-03,2019-05-24,000892.SZ,4.54,3.92,-0.13656387665198244
2019-03-29,2019-06-03,2019-05-28,603809.SH,17.25,11.16,-0.35304347826086957
2019-03-29,2019-06-03,2019-05-30,002788.SZ,15.3,8.85,-0.42156862745098045
2019-05-31,2019-08-01,2019-06-10,300756.SZ,41.82,37.0,-0.11525585844093733
2019-05-31,2019-08-01,2019-06-17,002755.SZ,12.9,11.33,-0.12170542635658921
2019-05-31,2019-08-01,2019-07-12,002884.SZ,15.5,13.58,-0.12387096774193551
2019-05-31,2019-08-01,2019-07-16,603583.SH,35.94,31.5,-0.12353923205342232
2019-05-31,2019-08-01,2019-07-19,603608.SH,7.94,6.85,-0.13727959697733005
2019-05-31,2019-08-01,2019-07-22,600101.SH,8.31,6.6,-0.2057761732851986
2019-05-31,2019-08-01,2019-07-23,002788.SZ,8.64,7.5,-0.13194444444444453
2019-05-31,2019-08-01,2019-07-23,603035.SH,9.78,8.55,-0.125766871165644
2019-05-31,2019-08-01,2019-07-23,603351.SH,37.5,32.5,-0.1333333333333333
2019-05-31,2019-08-01,2019-07-23,002173.SZ,7.42,6.31,-0.1495956873315364
2019-07-31,2019-10-08,2019-08-19,002759.SZ,12.15,9.93,-0.18271604938271613
2019-07-31,2019-10-08,2019-09-27,603398.SH,10.04,8.74,-0.1294820717131473
2019-07-31,2019-10-08,2019-10-08,002772.SZ,7.77,6.86,-0.11711711711711703
2019-09-30,2019-12-02,2019-11-12,300511.SZ,7.09,6.13,-0.13540197461212977
2019-09-30,2019-12-02,2019-11-14,000530.SZ,4.14,3.6,-0.13043478260869557
2019-09-30,2019-12-02,2019-11-14,603357.SH,11.3,10.09,-0.10707964601769915
2019-09-30,2019-12-02,2019-11-18,002759.SZ,9.88,8.67,-0.12246963562753044
2019-09-30,2019-12-02,2019-11-18,300434.SZ,8.27,7.15,-0.13542926239419584
2019-09-30,2019-12-02,2019-11-26,300332.SZ,4.19,3.66,-0.12649164677804303
2019-09-30,2019-12-02,2019-11-28,603365.SH,16.63,14.6,-0.12206855081178591
2019-12-31,2020-02-03,2020-01-23,601860.SH,5.77,5.04,-0.12651646447140374
2019-12-31,2020-02-03,2020-01-23,300761.SZ,59.3,51.14,-0.13760539629005053
2020-01-23,2020-04-01,2020-02-06,002627.SZ,8.46,7.41,-0.12411347517730509
2020-01-23,2020-04-01,2020-03-20,603360.SH,29.26,26.86,-0.08202323991797678
2020-01-23,2020-04-01,2020-03-24,603610.SH,41.67,36.2,-0.1312694984401248
2020-03-31,2020-06-01,2020-04-20,300632.SZ,17.89,14.63,-0.18222470653996647
2020-03-31,2020-06-01,2020-04-28,600579.SH,6.59,5.82,-0.11684370257966614
2020-03-31,2020-06-01,2020-04-29,300084.SZ,3.97,3.5,-0.11838790931989929
2020-03-31,2020-06-01,2020-04-29,000521.SZ,3.23,2.74,-0.15170278637770895
2020-03-31,2020-06-01,2020-04-29,603197.SH,26.38,23.8,-0.09780136467020462
2020-03-31,2020-06-01,2020-05-07,600828.SH,4.25,3.65,-0.14117647058823535
2020-03-31,2020-06-01,2020-05-08,002187.SZ,7.78,6.83,-0.12210796915167099
2020-03-31,2020-06-01,2020-05-20,603165.SH,16.04,12.0,-0.25187032418952615
2020-03-31,2020-06-01,2020-05-22,002721.SZ,4.37,3.81,-0.12814645308924488
2020-03-31,2020-06-01,2020-05-25,000530.SZ,3.72,3.23,-0.131720430107527
2020-05-29,2020-08-03,2020-06-30,600982.SH,3.0,2.64,-0.12
2020-07-31,2020-10-09,2020-08-27,603058.SH,11.08,9.72,-0.12274368231046928
2020-07-31,2020-10-09,2020-09-11,603693.SH,13.99,12.0,-0.14224446032880633
2020-07-31,2020-10-09,2020-09-11,002772.SZ,10.24,8.7,-0.1503906250000001
2020-07-31,2020-10-09,2020-09-25,000923.SZ,14.14,12.19,-0.13790664780763795
2020-07-31,2020-10-09,2020-09-29,603038.SH,12.1,10.28,-0.15041322314049588
2020-09-30,2020-12-01,2020-10-30,603697.SH,24.59,20.36,-0.17202114680764535
2020-09-30,2020-12-01,2020-11-02,605388.SH,20.67,17.57,-0.14997581035316887
2020-09-30,2020-12-01,2020-11-02,603507.SH,26.64,23.28,-0.12612612612612606
2020-09-30,2020-12-01,2020-11-02,688335.SH,49.43,41.03,-0.16993728504956507
2020-09-30,2020-12-01,2020-11-03,603949.SH,19.77,17.45,-0.11734951947395045
2020-09-30,2020-12-01,2020-11-03,002980.SZ,57.06,49.49,-0.13266736768314058
2020-09-30,2020-12-01,2020-11-03,603693.SH,13.1,11.46,-0.1251908396946564
2020-09-30,2020-12-01,2020-11-03,688069.SH,93.58,81.48,-0.1293011327206668
2020-09-30,2020-12-01,2020-11-30,603661.SH,68.98,60.92,-0.11684546245288496
2020-11-30,2021-01-04,2020-12-04,600853.SH,3.39,2.83,-0.16519174041297935
2020-11-30,2021-01-04,2020-12-17,300843.SZ,35.7,30.71,-0.13977591036414572
2020-11-30,2021-01-04,2020-12-21,300901.SZ,28.85,24.75,-0.1421143847487002
2020-11-30,2021-01-04,2020-12-23,300057.SZ,5.98,5.17,-0.13545150501672243
2020-11-30,2021-01-04,2020-12-23,300611.SZ,11.7,10.23,-0.12564102564102553
2020-11-30,2021-01-04,2020-12-24,002642.SZ,5.2,4.55,-0.1250000000000001
2020-11-30,2021-01-04,2020-12-24,603926.SH,13.45,11.88,-0.11672862453531585
2020-11-30,2021-01-04,2020-12-25,600361.SH,4.47,3.88,-0.1319910514541387
2020-11-30,2021-01-04,2020-12-25,000609.SZ,5.15,4.55,-0.1165048543689321
2020-11-30,2021-01-04,2020-12-25,002037.SZ,7.42,6.5,-0.12398921832884091
2020-11-30,2021-01-04,2020-12-25,300385.SZ,8.96,7.68,-0.14285714285714302
2020-11-30,2021-01-04,2020-12-25,300877.SZ,58.06,50.0,-0.13882190837065111
2020-11-30,2021-01-04,2020-12-25,603767.SH,8.25,7.2,-0.1272727272727272
2020-11-30,2021-01-04,2020-12-25,300780.SZ,19.31,16.78,-0.13102019678922827
2020-11-30,2021-01-04,2020-12-25,002536.SZ,6.19,5.33,-0.1389337641357028
2020-11-30,2021-01-04,2020-12-25,002452.SZ,6.61,5.68,-0.140695915279879
2020-11-30,2021-01-04,2020-12-25,605158.SH,12.5,10.93,-0.12560000000000004
2020-11-30,2021-01-04,2020-12-25,603667.SH,8.74,7.71,-0.11784897025171626
2020-11-30,2021-01-04,2020-12-25,603683.SH,14.05,12.15,-0.13523131672597866
2020-11-30,2021-01-04,2020-12-29,002755.SZ,14.82,12.7,-0.14304993252361675
2020-11-30,2021-01-04,2020-12-29,002787.SZ,7.0,6.18,-0.11714285714285722
2020-11-30,2021-01-04,2020-12-29,002718.SZ,17.0,14.75,-0.13235294117647056
2020-11-30,2021-01-04,2020-12-30,002973.SZ,24.19,21.18,-0.12443158329888393
2020-11-30,2021-01-04,2020-12-30,603657.SH,19.29,16.93,-0.12234318299637115
2020-11-30,2021-01-04,2020-12-31,300049.SZ,9.42,8.21,-0.1284501061571124
2020-12-31,2021-02-01,2021-01-11,300901.SZ,20.91,18.4,-0.12003825920612154
2020-12-31,2021-02-01,2021-01-12,002096.SZ,7.29,6.37,-0.12620027434842251
2020-12-31,2021-02-01,2021-01-12,000609.SZ,4.58,3.95,-0.13755458515283836
2020-12-31,2021-02-01,2021-01-12,603988.SH,12.38,10.29,-0.16882067851373195
2020-12-31,2021-02-01,2021-01-12,300809.SZ,17.5,15.12,-0.136
2020-12-31,2021-02-01,2021-01-12,688069.SH,63.78,55.79,-0.12527438068359986
2020-12-31,2021-02-01,2021-01-12,000691.SZ,4.61,3.99,-0.13449023861171372
2020-12-31,2021-02-01,2021-01-12,688377.SH,18.9,16.55,-0.12433862433862419
2020-12-31,2021-02-01,2021-01-13,300105.SZ,4.41,3.87,-0.12244897959183676
2020-12-31,2021-02-01,2021-01-14,300057.SZ,5.11,4.49,-0.12133072407045009
2020-12-31,2021-02-01,2021-01-14,003019.SZ,29.98,25.31,-0.15577051367578387
2020-12-31,2021-02-01,2021-01-14,603667.SH,7.65,6.66,-0.12941176470588234
2020-12-31,2021-02-01,2021-01-14,603316.SH,7.35,6.41,-0.12789115646258498
2020-12-31,2021-02-01,2021-01-14,300877.SZ,53.06,44.96,-0.15265736901620808
2020-12-31,2021-02-01,2021-01-14,002328.SZ,5.21,4.44,-0.147792706333973
2020-12-31,2021-02-01,2021-01-14,002849.SZ,12.08,10.43,-0.13658940397350994
2020-12-31,2021-02-01,2021-01-14,603767.SH,7.2,6.2,-0.13888888888888884
2020-12-31,2021-02-01,2021-01-27,000753.SZ,2.91,2.56,-0.1202749140893471
2020-12-31,2021-02-01,2021-01-28,300609.SZ,17.27,15.07,-0.1273885350318471
2020-12-31,2021-02-01,2021-01-29,300632.SZ,14.06,12.27,-0.12731152204836427
2020-12-31,2021-02-01,2021-01-29,600101.SH,5.92,5.18,-0.125
2020-12-31,2021-02-01,2021-02-01,002478.SZ,4.39,3.7,-0.15717539863325725
2020-12-31,2021-02-01,2021-02-01,002452.SZ,5.7,4.85,-0.149122807017544
2020-12-31,2021-02-01,2021-02-01,600526.SH,4.53,3.94,-0.13024282560706413
2020-12-31,2021-02-01,2021-02-01,603109.SH,23.41,20.61,-0.11960700555318238
2020-12-31,2021-02-01,2021-02-01,603013.SH,14.55,12.72,-0.12577319587628866
2020-12-31,2021-02-01,2021-02-01,002150.SZ,6.36,5.51,-0.1336477987421384
2021-01-29,2021-04-01,2021-02-09,000609.SZ,3.67,3.22,-0.12261580381471382
2021-01-29,2021-04-01,2021-02-09,002796.SZ,11.88,10.26,-0.13636363636363646
2021-03-31,2021-06-01,2021-04-21,002980.SZ,46.0,40.13,-0.1276086956521738
2021-03-31,2021-06-01,2021-04-28,002772.SZ,8.97,7.83,-0.1270903010033445
2021-03-31,2021-06-01,2021-04-29,300246.SZ,24.62,18.88,-0.2331437855402113
2021-03-31,2021-06-01,2021-04-30,605077.SH,79.8,68.99,-0.13546365914786973
2021-03-31,2021-06-01,2021-04-30,002973.SZ,19.69,17.12,-0.1305231081767395
2021-03-31,2021-06-01,2021-04-30,688669.SH,38.21,32.2,-0.15728866788798734
2021-03-31,2021-06-01,2021-05-06,002553.SZ,11.54,10.04,-0.12998266897746968
2021-03-31,2021-06-01,2021-05-06,300511.SZ,10.09,8.87,-0.12091179385530237
2021-03-31,2021-06-01,2021-05-20,605077.SH,68.99,51.5,-0.25351500217422807
2021-05-31,2021-08-02,2021-06-11,688317.SH,71.0,62.38,-0.12140845070422535
2021-05-31,2021-08-02,2021-07-09,002562.SZ,4.52,3.95,-0.1261061946902654
2021-05-31,2021-08-02,2021-07-16,002187.SZ,8.58,7.55,-0.12004662004662003
2021-05-31,2021-08-02,2021-07-19,002987.SZ,31.99,27.62,-0.13660518912160047
2021-05-31,2021-08-02,2021-07-20,605077.SH,49.24,41.01,-0.167140536149472
2021-05-31,2021-08-02,2021-07-20,002990.SZ,33.38,28.44,-0.1479928100659078
2021-05-31,2021-08-02,2021-07-26,688606.SH,156.69,135.77,-0.13351203012317303
2021-05-31,2021-08-02,2021-07-26,605289.SH,29.0,24.53,-0.1541379310344827
2021-05-31,2021-08-02,2021-07-27,300864.SZ,51.2,44.6,-0.12890625
2021-05-31,2021-08-02,2021-07-28,300905.SZ,29.75,26.09,-0.12302521008403366
2021-05-31,2021-08-02,2021-07-29,002922.SZ,10.8,9.34,-0.1351851851851853
2021-05-31,2021-08-02,2021-07-29,002394.SZ,8.25,7.29,-0.11636363636363634
2021-05-31,2021-08-02,2021-07-29,300692.SZ,7.76,6.65,-0.143041237113402
2021-05-31,2021-08-02,2021-07-29,002921.SZ,15.54,13.8,-0.11196911196911186
2021-05-31,2021-08-02,2021-07-29,000514.SZ,3.46,3.02,-0.1271676300578034
2021-05-31,2021-08-02,2021-07-29,000880.SZ,7.94,6.83,-0.13979848866498745
2021-05-31,2021-08-02,2021-07-29,300511.SZ,8.81,7.58,-0.13961407491486955
2021-05-31,2021-08-02,2021-07-29,002718.SZ,14.13,12.37,-0.1245576786978062
2021-07-30,2021-10-08,2021-08-31,300511.SZ,7.7,6.69,-0.13116883116883116
2021-07-30,2021-10-08,2021-09-01,688606.SH,143.0,123.27,-0.137972027972028
2021-07-30,2021-10-08,2021-09-22,002853.SZ,18.13,15.45,-0.14782129067843353
2021-07-30,2021-10-08,2021-09-28,000608.SZ,3.43,2.99,-0.1282798833819242
2021-09-30,2021-12-01,2021-10-26,603757.SH,17.35,15.26,-0.12046109510086467
2021-09-30,2021-12-01,2021-10-28,300877.SZ,26.81,23.45,-0.12532637075718012
2021-09-30,2021-12-01,2021-10-28,688350.SH,21.13,18.39,-0.12967345007098907
2021-09-30,2021-12-01,2021-10-29,605100.SH,28.42,24.73,-0.12983814215341316
2021-09-30,2021-12-01,2021-10-29,603887.SH,8.21,7.05,-0.14129110840438497
2021-09-30,2021-12-01,2021-10-29,002584.SZ,6.45,5.66,-0.1224806201550388
2021-09-30,2021-12-01,2021-10-29,000526.SZ,21.36,17.99,-0.15777153558052437
2021-09-30,2021-12-01,2021-10-29,301016.SZ,26.98,23.96,-0.11193476649369904
2021-09-30,2021-12-01,2021-10-29,002774.SZ,9.58,8.3,-0.13361169102296444
2021-09-30,2021-12-01,2021-10-29,605158.SH,8.06,7.09,-0.12034739454094301
2021-09-30,2021-12-01,2021-10-29,603950.SH,18.54,15.7,-0.15318230852211434
2021-09-30,2021-12-01,2021-11-04,600889.SH,6.29,5.56,-0.11605723370429255
2021-09-30,2021-12-01,2021-11-08,601187.SH,7.9,6.95,-0.120253164556962
2021-12-31,2022-02-07,2022-01-07,603230.SH,23.28,19.16,-0.17697594501718217
2021-12-31,2022-02-07,2022-01-12,688661.SH,100.66,88.08,-0.12497516391814023
2021-12-31,2022-02-07,2022-01-21,603178.SH,14.7,12.95,-0.11904761904761907
2021-12-31,2022-02-07,2022-01-21,605286.SH,29.84,24.15,-0.19068364611260058
2021-12-31,2022-02-07,2022-01-21,603230.SH,19.98,17.26,-0.13613613613613607
2021-12-31,2022-02-07,2022-01-24,688230.SH,143.51,123.39,-0.14019928924813596
2021-12-31,2022-02-07,2022-01-26,605555.SH,40.94,35.02,-0.14460185637518308
2021-12-31,2022-02-07,2022-01-26,000833.SZ,6.67,5.62,-0.1574212893553223
2021-12-31,2022-02-07,2022-01-26,603843.SH,4.72,4.1,-0.1313559322033898
2021-12-31,2022-02-07,2022-01-26,002853.SZ,17.35,14.95,-0.1383285302593661
2021-12-31,2022-02-07,2022-01-26,003041.SZ,24.79,21.3,-0.1407825736183944
2021-12-31,2022-02-07,2022-01-26,000880.SZ,9.16,7.8,-0.14847161572052403
2021-12-31,2022-02-07,2022-01-27,688766.SH,354.56,315.0,-0.11157490974729245
2021-12-31,2022-02-07,2022-01-28,301087.SZ,78.74,69.12,-0.12217424434848856
2021-12-31,2022-02-07,2022-01-28,688317.SH,51.64,42.0,-0.1866769945778466
2021-12-31,2022-02-07,2022-01-28,301093.SZ,52.32,45.1,-0.1379969418960244
2021-12-31,2022-02-07,2022-01-28,300503.SZ,12.93,11.3,-0.1260634184068058
2021-12-31,2022-02-07,2022-01-28,688553.SH,33.73,29.45,-0.12689000889415947
2021-12-31,2022-02-07,2022-01-28,600830.SH,5.59,4.87,-0.12880143112701248
2021-12-31,2022-02-07,2022-01-28,605208.SH,21.1,18.91,-0.10379146919431281
2021-12-31,2022-02-07,2022-01-28,600843.SH,7.06,6.2,-0.12181303116147302
2021-12-31,2022-02-07,2022-01-28,603685.SH,12.63,11.0,-0.12905779889152813
2021-12-31,2022-02-07,2022-01-28,605178.SH,34.56,29.06,-0.1591435185185186
2021-12-31,2022-02-07,2022-01-28,605566.SH,30.61,26.98,-0.11858869650441028
2021-12-31,2022-02-07,2022-01-28,605028.SH,23.38,20.31,-0.1313088109495295
2022-01-28,2022-04-01,2022-03-04,301061.SZ,69.5,60.31,-0.13223021582733807
2022-01-28,2022-04-01,2022-03-08,603038.SH,11.12,9.75,-0.12320143884892076
2022-01-28,2022-04-01,2022-03-09,605555.SH,36.08,31.08,-0.13858093126385806
2022-01-28,2022-04-01,2022-03-10,301087.SZ,71.0,60.8,-0.14366197183098595
2022-01-28,2022-04-01,2022-03-10,605178.SH,29.3,25.2,-0.13993174061433455
2022-01-28,2022-04-01,2022-03-15,301189.SZ,46.46,40.3,-0.13258717176065438
2022-01-28,2022-04-01,2022-03-15,301086.SZ,75.95,65.95,-0.13166556945358787
2022-01-28,2022-04-01,2022-03-15,605368.SH,14.36,12.65,-0.11908077994428967
2022-01-28,2022-04-01,2022-03-16,002853.SZ,13.4,11.68,-0.12835820895522387
2022-01-28,2022-04-01,2022-03-16,605566.SH,27.26,22.9,-0.15994130594277345
2022-01-28,2022-04-01,2022-03-16,003041.SZ,21.02,18.44,-0.12274024738344425
2022-01-28,2022-04-01,2022-03-16,301196.SZ,47.85,41.69,-0.12873563218390816
2022-01-28,2022-04-01,2022-03-16,688236.SH,23.44,20.42,-0.12883959044368598
2022-01-28,2022-04-01,2022-03-16,688255.SH,36.56,31.0,-0.15207877461706787
2022-01-28,2022-04-01,2022-03-16,603798.SH,10.95,9.74,-0.11050228310502275
2022-01-28,2022-04-01,2022-03-16,605208.SH,18.81,16.8,-0.10685805422647521
2022-01-28,2022-04-01,2022-03-16,600785.SH,11.8,9.97,-0.1550847457627118
2022-01-28,2022-04-01,2022-03-16,300877.SZ,22.2,19.65,-0.11486486486486491
2022-01-28,2022-04-01,2022-03-16,603926.SH,15.24,13.15,-0.13713910761154857
2022-01-28,2022-04-01,2022-03-16,603115.SH,22.32,19.41,-0.1303763440860215
2022-01-28,2022-04-01,2022-03-16,603966.SH,9.26,7.87,-0.15010799136069108
2022-01-28,2022-04-01,2022-03-30,601528.SH,10.33,9.1,-0.11907066795740562
2022-01-28,2022-04-01,2022-03-30,002380.SZ,12.71,11.09,-0.12745869394177822
2022-01-28,2022-04-01,2022-03-30,688151.SH,31.21,27.33,-0.12431912848446014
2022-03-31,2022-06-01,2022-04-12,300834.SZ,39.3,34.3,-0.12722646310432573
2022-03-31,2022-06-01,2022-04-12,002988.SZ,14.58,12.65,-0.13237311385459527
2022-03-31,2022-06-01,2022-04-12,301216.SZ,32.0,26.85,-0.16093749999999996
2022-03-31,2022-06-01,2022-04-12,301200.SZ,53.88,47.03,-0.1271343726800297
2022-03-31,2022-06-01,2022-04-14,301237.SZ,42.3,37.28,-0.11867612293144203
2022-03-31,2022-06-01,2022-04-18,688257.SH,38.93,34.25,-0.12021577189827892
2022-03-31,2022-06-01,2022-04-18,300983.SZ,70.1,60.5,-0.13694721825962908
2022-03-31,2022-06-01,2022-04-18,301086.SZ,65.85,56.9,-0.1359149582384206
2022-03-31,2022-06-01,2022-04-22,300120.SZ,7.01,6.04,-0.1383737517831669
2022-03-31,2022-06-01,2022-04-22,605007.SH,17.33,14.34,-0.17253317945758795
2022-03-31,2022-06-01,2022-04-22,300976.SZ,62.24,53.73,-0.13672879177377895
2022-03-31,2022-06-01,2022-04-25,605288.SH,41.25,35.57,-0.13769696969696965
2022-03-31,2022-06-01,2022-04-25,002536.SZ,6.38,5.16,-0.19122257053291536
2022-03-31,2022-06-01,2022-04-25,603269.SH,13.7,11.25,-0.17883211678832112
2022-03-31,2022-06-01,2022-04-25,688580.SH,62.31,52.01,-0.16530251965976572
2022-03-31,2022-06-01,2022-04-25,603662.SH,19.0,16.48,-0.13263157894736843
2022-03-31,2022-06-01,2022-04-26,688211.SH,46.45,37.78,-0.18665231431646934
2022-03-31,2022-06-01,2022-04-26,300981.SZ,69.17,54.2,-0.21642330490096862
2022-03-31,2022-06-01,2022-04-26,002406.SZ,5.47,4.7,-0.14076782449725767
2022-03-31,2022-06-01,2022-04-26,605100.SH,22.18,18.8,-0.15238954012623984
2022-03-31,2022-06-01,2022-04-26,001203.SZ,13.02,11.2,-0.13978494623655913
2022-03-31,2022-06-01,2022-04-26,600843.SH,5.4,4.7,-0.12962962962962965
2022-03-31,2022-06-01,2022-04-26,002380.SZ,11.38,9.54,-0.16168717047451686
2022-03-31,2022-06-01,2022-04-26,300692.SZ,7.79,6.7,-0.13992297817715016
2022-03-31,2022-06-01,2022-04-26,688101.SH,15.6,12.54,-0.19615384615384623
2022-03-31,2022-06-01,2022-04-26,002955.SZ,18.16,14.6,-0.19603524229074898
2022-03-31,2022-06-01,2022-04-26,605208.SH,17.6,14.9,-0.15340909090909094
2022-03-31,2022-06-01,2022-04-26,688569.SH,16.87,14.72,-0.12744516893894486
2022-03-31,2022-06-01,2022-04-26,300815.SZ,23.58,18.93,-0.19720101781170474
2022-03-31,2022-06-01,2022-04-26,000755.SZ,4.44,3.66,-0.17567567567567577
2022-03-31,2022-06-01,2022-04-26,002560.SZ,5.54,4.58,-0.1732851985559567
2022-03-31,2022-06-01,2022-04-26,603903.SH,10.96,9.2,-0.16058394160583955
2022-03-31,2022-06-01,2022-04-26,601921.SH,8.2,7.05,-0.1402439024390243
2022-03-31,2022-06-01,2022-04-26,688679.SH,11.6,9.96,-0.14137931034482754
2022-03-31,2022-06-01,2022-04-26,605028.SH,19.1,16.23,-0.15026178010471203
2022-03-31,2022-06-01,2022-04-26,603788.SH,12.2,10.56,-0.1344262295081966
2022-03-31,2022-06-01,2022-04-26,920735.BJ,18.64,15.88,-0.148068669527897
2022-03-31,2022-06-01,2022-04-26,603178.SH,10.24,8.71,-0.1494140624999999
2022-03-31,2022-06-01,2022-04-26,603011.SH,6.18,5.06,-0.18122977346278324
2022-03-31,2022-06-01,2022-04-26,300660.SZ,20.41,16.16,-0.20823125918667318
2022-03-31,2022-06-01,2022-04-26,600469.SH,4.32,3.78,-0.1250000000000001
2022-03-31,2022-06-01,2022-04-26,301123.SZ,26.79,22.9,-0.14520343411720793
2022-03-31,2022-06-01,2022-04-26,300834.SZ,34.3,28.53,-0.16822157434402318
2022-03-31,2022-06-01,2022-04-26,002988.SZ,12.65,10.87,-0.14071146245059296
2022-03-31,2022-06-01,2022-04-27,605566.SH,23.9,19.53,-0.18284518828451868
2022-03-31,2022-06-01,2022-04-27,001288.SZ,15.15,12.87,-0.15049504950495052
2022-03-31,2022-06-01,2022-04-27,920418.BJ,11.7,10.01,-0.14444444444444438
2022-03-31,2022-06-01,2022-04-27,603926.SH,13.98,10.98,-0.2145922746781116
2022-03-31,2022-06-01,2022-04-27,301196.SZ,42.63,33.2,-0.2212057236687779
2022-03-31,2022-06-01,2022-04-27,002674.SZ,10.08,8.16,-0.19047619047619047
2022-03-31,2022-06-01,2022-04-27,002394.SZ,7.93,6.57,-0.1715006305170239
2022-03-31,2022-06-01,2022-04-27,001213.SZ,5.21,4.5,-0.1362763915547025
2022-03-31,2022-06-01,2022-04-27,002478.SZ,4.55,3.74,-0.17802197802197794
2022-03-31,2022-06-01,2022-04-27,603009.SH,6.18,5.11,-0.17313915857605167
2022-03-31,2022-06-01,2022-04-27,603950.SH,15.59,12.21,-0.21680564464400254
2022-03-31,2022-06-01,2022-04-27,605088.SH,13.25,11.2,-0.15471698113207555
2022-03-31,2022-06-01,2022-04-27,603928.SH,11.16,9.17,-0.17831541218637992
2022-03-31,2022-06-01,2022-04-27,603213.SH,16.7,12.6,-0.24550898203592808
2022-03-31,2022-06-01,2022-04-27,605058.SH,18.94,15.9,-0.16050686378035905
2022-03-31,2022-06-01,2022-04-27,301086.SZ,57.67,48.0,-0.16767816889197162
2022-03-31,2022-06-01,2022-04-27,688211.SH,37.78,32.18,-0.14822657490735847
2022-03-31,2022-06-01,2022-04-28,688069.SH,41.01,32.89,-0.19800048768593026
2022-03-31,2022-06-01,2022-04-28,002150.SZ,6.51,5.31,-0.18433179723502302
2022-03-31,2022-06-01,2022-04-28,300976.SZ,53.65,42.65,-0.20503261882572232
2022-03-31,2022-06-01,2022-04-29,601528.SH,9.4,8.25,-0.12234042553191493
2022-03-31,2022-06-01,2022-04-29,603071.SH,19.58,16.9,-0.13687436159346267
2022-03-31,2022-06-01,2022-04-29,605189.SH,23.13,19.09,-0.17466493731085164
2022-03-31,2022-06-01,2022-04-29,603511.SH,17.98,15.47,-0.13959955506117905
2022-03-31,2022-06-01,2022-04-29,301061.SZ,55.88,46.49,-0.16803865425912667
2022-03-31,2022-06-01,2022-04-29,603095.SH,25.3,20.3,-0.19762845849802368
2022-03-31,2022-06-01,2022-04-29,605050.SH,12.08,10.2,-0.1556291390728477
2022-03-31,2022-06-01,2022-04-29,603817.SH,6.51,5.7,-0.12442396313364046
2022-03-31,2022-06-01,2022-04-29,301237.SZ,36.66,31.88,-0.13038734315330058
2022-03-31,2022-06-01,2022-04-29,300983.SZ,60.5,52.96,-0.12462809917355366
2022-03-31,2022-06-01,2022-04-29,605288.SH,35.57,31.12,-0.12510542592071972
2022-03-31,2022-06-01,2022-04-29,688580.SH,52.01,44.26,-0.14900980580657563
2022-03-31,2022-06-01,2022-04-29,300981.SZ,54.2,44.02,-0.1878228782287823
2022-03-31,2022-06-01,2022-05-05,688057.SH,18.27,15.8,-0.1351943076081007
2022-03-31,2022-06-01,2022-05-19,603967.SH,12.71,9.9,-0.2210857592446892
2022-03-31,2022-06-01,2022-05-19,605090.SH,27.94,19.04,-0.3185397279885469
2022-03-31,2022-06-01,2022-05-31,300981.SZ,45.93,24.7,-0.4622251251905073
2022-03-31,2022-06-01,2022-06-01,603926.SH,10.98,9.5,-0.13479052823315119
2022-05-31,2022-08-01,2022-06-09,605208.SH,17.16,13.0,-0.24242424242424243
2022-05-31,2022-08-01,2022-06-13,301150.SZ,103.89,78.99,-0.2396765809991338
2022-05-31,2022-08-01,2022-06-13,605100.SH,19.73,14.15,-0.282818043588444
2022-05-31,2022-08-01,2022-06-20,301109.SZ,26.05,17.65,-0.3224568138195778
2022-05-31,2022-08-01,2022-06-21,688069.SH,37.58,30.48,-0.18893028206492812
2022-05-31,2022-08-01,2022-07-06,688075.SH,157.6,117.27,-0.25590101522842634
2022-05-31,2022-08-01,2022-07-06,002845.SZ,17.2,13.07,-0.2401162790697674
2022-05-31,2022-08-01,2022-07-18,601665.SH,5.01,4.32,-0.13772455089820346
2022-05-31,2022-08-01,2022-07-18,000608.SZ,3.04,2.69,-0.11513157894736847
2022-05-31,2022-08-01,2022-08-01,920599.BJ,8.01,7.0,-0.1260923845193508
2022-07-29,2022-10-10,2022-08-26,600841.SH,8.11,7.13,-0.12083847102342782
2022-07-29,2022-10-10,2022-08-29,688378.SH,36.78,31.5,-0.14355628058727576
2022-07-29,2022-10-10,2022-08-31,688057.SH,18.21,15.95,-0.12410763316858875
2022-07-29,2022-10-10,2022-09-01,300981.SZ,23.97,20.52,-0.14392991239048814
2022-07-29,2022-10-10,2022-09-01,301177.SZ,59.28,50.51,-0.14794197031039136
2022-07-29,2022-10-10,2022-09-02,301150.SZ,92.0,79.59,-0.13489130434782604
2022-07-29,2022-10-10,2022-09-09,688075.SH,112.48,96.3,-0.1438477951635847
2022-07-29,2022-10-10,2022-09-16,688767.SH,60.2,51.3,-0.14784053156146193
2022-07-29,2022-10-10,2022-09-16,002406.SZ,5.7,5.02,-0.11929824561403524
2022-07-29,2022-10-10,2022-09-16,300692.SZ,7.76,6.74,-0.13144329896907214
2022-07-29,2022-10-10,2022-09-16,603928.SH,12.7,11.25,-0.1141732283464566
2022-07-29,2022-10-10,2022-09-19,605006.SH,10.41,9.13,-0.12295869356388078
2022-07-29,2022-10-10,2022-09-19,300434.SZ,8.97,7.91,-0.11817168338907469
2022-07-29,2022-10-10,2022-09-19,301109.SZ,18.15,15.8,-0.12947658402203843
2022-07-29,2022-10-10,2022-09-19,600843.SH,5.71,4.98,-0.1278458844133099
2022-07-29,2022-10-10,2022-09-19,688101.SH,15.15,13.01,-0.14125412541254134
2022-07-29,2022-10-10,2022-09-19,300120.SZ,7.49,6.56,-0.12416555407209617
2022-07-29,2022-10-10,2022-09-19,600841.SH,8.03,6.97,-0.13200498132004979
2022-07-29,2022-10-10,2022-09-20,688606.SH,123.91,106.1,-0.1437333548543298
2022-07-29,2022-10-10,2022-09-20,601089.SH,17.72,15.55,-0.12246049661399538
2022-07-29,2022-10-10,2022-09-20,603230.SH,11.92,10.4,-0.12751677852348986
2022-07-29,2022-10-10,2022-09-20,605100.SH,14.48,12.68,-0.12430939226519344
2022-07-29,2022-10-10,2022-09-20,605577.SH,11.1,9.62,-0.13333333333333341
2022-07-29,2022-10-10,2022-09-20,300868.SZ,18.55,16.31,-0.12075471698113216
2022-07-29,2022-10-10,2022-09-20,000833.SZ,7.84,6.9,-0.11989795918367341
2022-07-29,2022-10-10,2022-09-22,688105.SH,69.0,60.58,-0.12202898550724639
2022-07-29,2022-10-10,2022-09-26,603511.SH,17.45,15.08,-0.1358166189111747
2022-07-29,2022-10-10,2022-09-26,603790.SH,10.63,9.2,-0.1345249294449672
2022-07-29,2022-10-10,2022-09-26,300067.SZ,3.66,3.23,-0.11748633879781423
2022-07-29,2022-10-10,2022-09-26,301150.SZ,85.8,72.62,-0.15361305361305355
2022-07-29,2022-10-10,2022-09-27,001227.SZ,4.55,3.99,-0.12307692307692297
2022-07-29,2022-10-10,2022-09-27,600113.SH,7.22,6.34,-0.12188365650969524
2022-07-29,2022-10-10,2022-09-27,001213.SZ,4.99,4.37,-0.12424849699398799
2022-07-29,2022-10-10,2022-09-27,605303.SH,12.03,10.0,-0.16874480465502906
2022-07-29,2022-10-10,2022-09-27,002412.SZ,5.94,5.18,-0.12794612794612803
2022-07-29,2022-10-10,2022-09-27,300983.SZ,34.42,29.74,-0.1359674607786172
2022-07-29,2022-10-10,2022-09-27,605599.SH,10.61,9.3,-0.12346842601319497
2022-07-29,2022-10-10,2022-09-27,301191.SZ,76.2,66.33,-0.12952755905511815
2022-07-29,2022-10-10,2022-09-27,688687.SH,17.2,15.0,-0.12790697674418605
2022-07-29,2022-10-10,2022-09-27,688767.SH,51.3,44.02,-0.14191033138401543
2022-07-29,2022-10-10,2022-09-28,688590.SH,11.06,9.25,-0.1636528028933093
2022-07-29,2022-10-10,2022-09-29,002457.SZ,8.95,7.9,-0.11731843575418988
2022-07-29,2022-10-10,2022-09-29,002094.SZ,3.94,3.49,-0.1142131979695431
2022-07-29,2022-10-10,2022-10-10,603948.SH,25.68,22.22,-0.13473520249221183
2022-07-29,2022-10-10,2022-10-10,603038.SH,8.18,7.23,-0.11613691931540338
2022-07-29,2022-10-10,2022-10-10,002758.SZ,12.28,10.83,-0.11807817589576541
2022-07-29,2022-10-10,2022-10-10,600841.SH,7.08,6.18,-0.1271186440677966
2022-09-30,2022-12-01,2022-10-31,000421.SZ,5.22,4.5,-0.13793103448275856
2022-11-30,2023-01-03,2022-12-21,688767.SH,58.5,51.22,-0.12444444444444447
2022-11-30,2023-01-03,2022-12-22,001298.SZ,41.7,36.85,-0.1163069544364509
2022-11-30,2023-01-03,2022-12-23,301379.SZ,29.03,25.3,-0.1284877712710989
2022-11-30,2023-01-03,2022-12-23,688125.SH,50.38,43.9,-0.12862246923382303
2022-11-30,2023-01-03,2022-12-23,301148.SZ,23.05,20.01,-0.13188720173535784
2022-11-30,2023-01-03,2022-12-23,688679.SH,12.21,10.68,-0.1253071253071254
2022-11-30,2023-01-03,2022-12-26,605088.SH,19.31,16.77,-0.13153806317969963
2022-11-30,2023-01-03,2023-01-03,001308.SZ,35.85,32.85,-0.08368200836820083
2022-11-30,2023-01-03,2023-01-03,688767.SH,52.99,46.47,-0.12304208341196454
2023-01-31,2023-04-03,2023-03-03,688061.SH,93.42,82.03,-0.12192250053521725
2023-01-31,2023-04-03,2023-03-16,688668.SH,64.43,56.39,-0.12478659009778059
2023-01-31,2023-04-03,2023-03-30,000608.SZ,3.21,2.81,-0.12461059190031154
2023-03-31,2023-06-01,2023-04-07,300801.SZ,21.0,18.4,-0.12380952380952392
2023-03-31,2023-06-01,2023-04-20,605399.SH,34.45,28.0,-0.1872278664731496
2023-03-31,2023-06-01,2023-04-21,003033.SZ,37.15,32.39,-0.128129205921938
2023-03-31,2023-06-01,2023-04-24,002406.SZ,5.82,4.96,-0.147766323024055
2023-03-31,2023-06-01,2023-04-25,603150.SH,28.99,25.25,-0.12901000344946534
2023-03-31,2023-06-01,2023-04-26,688606.SH,105.13,92.2,-0.1229905830876058
2023-03-31,2023-06-01,2023-04-26,301150.SZ,65.51,56.25,-0.14135246527247758
2023-03-31,2023-06-01,2023-04-26,605138.SH,9.98,8.61,-0.13727454909819647
2023-03-31,2023-06-01,2023-04-26,920491.BJ,9.47,8.36,-0.11721224920802542
2023-03-31,2023-06-01,2023-04-26,000668.SZ,11.85,10.72,-0.09535864978902941
2023-03-31,2023-06-01,2023-04-26,605566.SH,23.05,19.57,-0.15097613882863337
2023-03-31,2023-06-01,2023-04-28,001331.SZ,29.49,25.5,-0.13530010172939977
2023-03-31,2023-06-01,2023-05-05,688075.SH,79.39,68.56,-0.1364151656379896
2023-03-31,2023-06-01,2023-05-05,688767.SH,42.85,33.78,-0.21166861143523918
2023-03-31,2023-06-01,2023-05-05,603408.SH,12.09,10.62,-0.12158808933002485
2023-03-31,2023-06-01,2023-05-08,605368.SH,13.72,8.94,-0.34839650145772605
2023-03-31,2023-06-01,2023-05-10,301004.SZ,30.93,26.69,-0.1370837374717102
2023-03-31,2023-06-01,2023-05-10,301187.SZ,17.89,15.85,-0.11403018446059254
2023-03-31,2023-06-01,2023-05-16,301356.SZ,48.05,41.72,-0.13173777315296564
2023-03-31,2023-06-01,2023-05-24,605189.SH,20.98,16.65,-0.20638703527168745
2023-03-31,2023-06-01,2023-06-01,605006.SH,8.74,7.64,-0.1258581235697941
2023-05-31,2023-08-01,2023-06-08,688669.SH,23.72,17.56,-0.2596964586846543
2023-05-31,2023-08-01,2023-06-12,688606.SH,98.5,59.15,-0.399492385786802
2023-05-31,2023-08-01,2023-06-14,301356.SZ,43.1,22.79,-0.47122969837587014
2023-05-31,2023-08-01,2023-06-14,688330.SH,49.02,33.83,-0.30987352101183196
2023-05-31,2023-08-01,2023-06-26,301277.SZ,21.65,18.86,-0.12886836027713622
2023-05-31,2023-08-01,2023-06-27,688767.SH,31.42,27.49,-0.1250795671546786
2023-05-31,2023-08-01,2023-06-27,688057.SH,15.4,13.54,-0.12077922077922087
2023-05-31,2023-08-01,2023-06-27,301367.SZ,174.39,152.89,-0.12328688571592405
2023-05-31,2023-08-01,2023-06-28,301322.SZ,64.3,56.38,-0.12317262830482112
2023-05-31,2023-08-01,2023-06-30,688075.SH,67.0,44.2,-0.34029850746268653
2023-05-31,2023-08-01,2023-07-04,300839.SZ,14.0,12.16,-0.13142857142857145
2023-05-31,2023-08-01,2023-07-06,688370.SH,37.37,26.85,-0.28150923200428146
2023-05-31,2023-08-01,2023-07-11,605287.SH,24.23,17.07,-0.29550144449030125
2023-05-31,2023-08-01,2023-07-19,920735.BJ,25.2,22.16,-0.12063492063492065
2023-07-31,2023-10-09,2023-08-10,688125.SH,48.3,40.2,-0.16770186335403714
2023-07-31,2023-10-09,2023-08-10,920809.BJ,8.31,7.26,-0.12635379061371854
2023-07-31,2023-10-09,2023-08-17,688179.SH,21.55,18.94,-0.12111368909512754
2023-07-31,2023-10-09,2023-08-22,920725.BJ,14.95,13.0,-0.13043478260869557
2023-07-31,2023-10-09,2023-08-24,688338.SH,35.48,30.98,-0.12683201803833133
2023-07-31,2023-10-09,2023-08-24,688330.SH,34.35,30.29,-0.11819505094614269
2023-07-31,2023-10-09,2023-08-24,688253.SH,23.0,20.11,-0.1256521739130435
2023-07-31,2023-10-09,2023-08-24,688687.SH,21.78,18.9,-0.1322314049586778
2023-07-31,2023-10-09,2023-08-24,001269.SZ,57.69,49.83,-0.1362454498179927
2023-07-31,2023-10-09,2023-08-24,688767.SH,28.98,25.48,-0.12077294685990336
2023-07-31,2023-10-09,2023-08-24,603681.SH,14.72,12.8,-0.13043478260869568
2023-07-31,2023-10-09,2023-08-24,300839.SZ,12.0,10.54,-0.1216666666666667
2023-07-31,2023-10-09,2023-08-24,688722.SH,16.97,14.47,-0.14731879787860924
2023-07-31,2023-10-09,2023-08-25,920809.BJ,6.63,4.82,-0.27300150829562586
2023-07-31,2023-10-09,2023-08-28,301201.SZ,26.09,24.28,-0.06937523955538516
2023-07-31,2023-10-09,2023-08-28,603511.SH,17.43,16.25,-0.06769936890418815
2023-07-31,2023-10-09,2023-08-28,688275.SH,90.11,83.0,-0.07890356231272888
2023-07-31,2023-10-09,2023-08-28,300972.SZ,37.71,34.01,-0.09811721028904807
2023-07-31,2023-10-09,2023-08-28,300501.SZ,16.09,14.88,-0.07520198881292728
2023-07-31,2023-10-09,2023-08-28,300976.SZ,48.66,43.96,-0.09658857377722962
2023-07-31,2023-10-09,2023-08-28,301188.SZ,14.43,13.09,-0.0928620928620929
2023-07-31,2023-10-09,2023-08-28,301356.SZ,23.02,20.78,-0.09730668983492607
2023-07-31,2023-10-09,2023-08-28,688028.SH,21.3,19.62,-0.07887323943661972
2023-07-31,2023-10-09,2023-08-29,605259.SH,25.92,22.44,-0.1342592592592593
2023-07-31,2023-10-09,2023-08-29,688633.SH,31.31,27.36,-0.12615777706802933
2023-07-31,2023-10-09,2023-08-29,301310.SZ,61.8,52.55,-0.14967637540453071
2023-07-31,2023-10-09,2023-08-29,300733.SZ,12.36,10.7,-0.13430420711974111
2023-07-31,2023-10-09,2023-09-01,000803.SZ,6.81,5.86,-0.13950073421439046
2023-07-31,2023-10-09,2023-09-04,605158.SH,7.78,6.85,-0.11953727506426748
2023-07-31,2023-10-09,2023-09-04,688275.SH,83.0,72.79,-0.123012048192771
2023-07-31,2023-10-09,2023-09-18,301325.SZ,95.5,82.79,-0.13308900523560208
2023-07-31,2023-10-09,2023-09-18,688353.SH,35.57,30.86,-0.13241495642395285
2023-09-28,2023-12-01,2023-10-18,920593.BJ,35.8,31.38,-0.123463687150838
2023-09-28,2023-12-01,2023-10-23,688719.SH,66.5,57.5,-0.13533834586466165
2023-09-28,2023-12-01,2023-10-24,605196.SH,8.08,7.05,-0.12747524752475248
2023-09-28,2023-12-01,2023-10-24,301468.SZ,35.84,29.86,-0.16685267857142871
2023-09-28,2023-12-01,2023-10-24,301325.SZ,81.86,71.65,-0.12472514048375272
2023-09-28,2023-12-01,2023-10-24,688479.SH,27.55,23.96,-0.13030852994555353
2023-09-28,2023-12-01,2023-10-24,301148.SZ,25.3,21.85,-0.13636363636363635
2023-09-28,2023-12-01,2023-10-24,301305.SZ,20.67,17.75,-0.1412675374939527
2023-09-28,2023-12-01,2023-10-24,603173.SH,27.21,23.19,-0.14773980154355015
2023-09-28,2023-12-01,2023-10-24,301528.SZ,84.23,72.1,-0.14401044758399628
2023-09-28,2023-12-01,2023-10-27,920593.BJ,26.2,22.99,-0.12251908396946565
2023-11-30,2024-01-02,2023-12-19,603235.SH,26.48,23.3,-0.12009063444108758
2023-11-30,2024-01-02,2023-12-26,301322.SZ,44.35,38.81,-0.12491544532130772
2023-11-30,2024-01-02,2023-12-27,688317.SH,22.99,20.15,-0.12353197042192254
2023-11-30,2024-01-02,2023-12-27,301265.SZ,11.26,9.94,-0.11722912966252219
2023-11-30,2024-01-02,2023-12-27,301150.SZ,36.63,31.71,-0.13431613431613432
2023-12-29,2024-02-01,2024-01-16,001311.SZ,49.52,43.29,-0.12580775444264947
2023-12-29,2024-02-01,2024-01-18,301102.SZ,19.2,16.73,-0.12864583333333324
2023-12-29,2024-02-01,2024-01-19,000880.SZ,10.62,9.35,-0.11958568738229747
2023-12-29,2024-02-01,2024-01-22,301150.SZ,33.19,28.72,-0.13467912021693274
2023-12-29,2024-02-01,2024-01-22,300981.SZ,16.0,13.86,-0.13375000000000004
2023-12-29,2024-02-01,2024-01-22,688479.SH,23.39,20.3,-0.13210773834972211
2023-12-29,2024-02-01,2024-01-22,688175.SH,27.71,24.03,-0.13280404186214356
2023-12-29,2024-02-01,2024-01-22,605060.SH,18.7,16.35,-0.1256684491978608
2023-12-29,2024-02-01,2024-01-22,301160.SZ,42.81,36.77,-0.14108853071712213
2023-12-29,2024-02-01,2024-01-22,688697.SH,18.81,16.3,-0.13343965975544914
2023-12-29,2024-02-01,2024-01-23,301322.SZ,41.34,34.3,-0.1702951136913402
2023-12-29,2024-02-01,2024-01-23,688317.SH,21.2,18.17,-0.14292452830188673
2023-12-29,2024-02-01,2024-01-23,688075.SH,40.3,34.6,-0.14143920595533488
2023-12-29,2024-02-01,2024-01-23,688330.SH,28.53,23.77,-0.1668419207851385
2023-12-29,2024-02-01,2024-01-23,605287.SH,16.95,14.72,-0.13156342182890846
2023-12-29,2024-02-01,2024-01-23,600843.SH,5.7,4.86,-0.1473684210526316
2023-12-29,2024-02-01,2024-01-23,603095.SH,16.18,13.68,-0.15451174289245984
2023-12-29,2024-02-01,2024-01-23,301305.SZ,18.08,15.28,-0.15486725663716805
2023-12-29,2024-02-01,2024-01-23,601065.SH,11.52,9.74,-0.15451388888888884
2023-12-29,2024-02-01,2024-01-23,603173.SH,22.53,19.18,-0.14869063470927657
2023-12-29,2024-02-01,2024-01-23,300834.SZ,21.4,18.3,-0.1448598130841121
2023-12-29,2024-02-01,2024-01-23,603681.SH,15.16,12.96,-0.14511873350923477
2023-12-29,2024-02-01,2024-01-23,301362.SZ,39.42,34.1,-0.13495687468290207
2023-12-29,2024-02-01,2024-01-23,603235.SH,23.92,21.0,-0.12207357859531776
2023-12-29,2024-02-01,2024-01-23,301148.SZ,22.25,18.97,-0.14741573033707867
2023-12-29,2024-02-01,2024-01-23,688267.SH,19.34,15.89,-0.1783867631851086
2023-12-29,2024-02-01,2024-01-23,301196.SZ,34.38,29.22,-0.15008726003490414
2023-12-29,2024-02-01,2024-01-23,688257.SH,25.04,21.57,-0.1385782747603833
2023-12-29,2024-02-01,2024-01-23,301468.SZ,30.53,25.84,-0.15361939076318376
2023-12-29,2024-02-01,2024-01-23,301127.SZ,11.04,9.58,-0.13224637681159412
2023-12-29,2024-02-01,2024-01-23,002899.SZ,16.54,14.57,-0.11910519951632403
2023-12-29,2024-02-01,2024-01-23,301292.SZ,19.5,16.58,-0.1497435897435898
2023-12-29,2024-02-01,2024-01-23,603759.SH,8.31,7.29,-0.12274368231046939
2023-12-29,2024-02-01,2024-01-23,605028.SH,18.99,16.56,-0.12796208530805686
2023-12-29,2024-02-01,2024-01-23,300501.SZ,14.5,12.58,-0.13241379310344825
2023-12-29,2024-02-01,2024-01-23,605337.SH,14.1,12.03,-0.14680851063829792
2023-12-29,2024-02-01,2024-01-23,300246.SZ,10.31,8.73,-0.15324927255092147
2023-12-29,2024-02-01,2024-01-23,688151.SH,18.56,16.16,-0.1293103448275862
2023-12-29,2024-02-01,2024-01-23,301365.SZ,15.11,13.0,-0.1396426207809397
2023-12-29,2024-02-01,2024-01-23,300095.SZ,8.25,6.85,-0.1696969696969698
2023-12-29,2024-02-01,2024-01-23,688669.SH,18.79,15.78,-0.16019159127195315
2023-12-29,2024-02-01,2024-01-23,002860.SZ,13.01,10.96,-0.1575710991544964
2023-12-29,2024-02-01,2024-01-24,002394.SZ,8.32,7.3,-0.12259615384615385
2023-12-29,2024-02-01,2024-01-24,300877.SZ,17.39,14.99,-0.1380103507763082
2023-12-29,2024-02-01,2024-01-24,000833.SZ,6.18,5.44,-0.1197411003236245
2023-12-29,2024-02-01,2024-01-24,688350.SH,16.61,14.44,-0.13064419024683926
2023-12-29,2024-02-01,2024-01-24,002296.SZ,8.25,6.9,-0.16363636363636358
2023-12-29,2024-02-01,2024-01-24,003041.SZ,16.65,14.48,-0.13033033033033026
2023-12-29,2024-02-01,2024-01-24,300756.SZ,16.22,14.16,-0.12700369913686804
2023-12-29,2024-02-01,2024-01-24,002554.SZ,3.13,2.76,-0.1182108626198084
2023-12-29,2024-02-01,2024-01-24,605138.SH,7.74,6.72,-0.13178294573643412
2023-12-29,2024-02-01,2024-01-31,300196.SZ,10.9,9.57,-0.12201834862385319
2023-12-29,2024-02-01,2024-01-31,688370.SH,24.67,19.11,-0.22537494933117153
2023-12-29,2024-02-01,2024-01-31,603281.SH,26.3,22.71,-0.1365019011406844
2023-12-29,2024-02-01,2024-01-31,603511.SH,15.48,13.35,-0.13759689922480622
2023-12-29,2024-02-01,2024-01-31,301206.SZ,28.74,25.33,-0.11864996520528881
2023-12-29,2024-02-01,2024-01-31,605100.SH,15.91,13.82,-0.13136392206159642
2023-12-29,2024-02-01,2024-01-31,603170.SH,16.93,14.5,-0.14353219137625517
2023-12-29,2024-02-01,2024-01-31,301150.SZ,28.72,25.15,-0.12430362116991645
2023-12-29,2024-02-01,2024-01-31,300981.SZ,13.86,12.02,-0.13275613275613274
2023-12-29,2024-02-01,2024-02-01,300692.SZ,6.18,5.26,-0.1488673139158576
2023-12-29,2024-02-01,2024-02-01,301223.SZ,18.12,15.17,-0.16280353200883002
2023-12-29,2024-02-01,2024-02-01,301115.SZ,17.9,15.27,-0.1469273743016759
2023-12-29,2024-02-01,2024-02-01,002734.SZ,7.98,6.58,-0.17543859649122806
2023-12-29,2024-02-01,2024-02-01,301265.SZ,10.32,8.78,-0.14922480620155043
2023-12-29,2024-02-01,2024-02-01,603579.SH,20.84,17.72,-0.14971209213051828
2023-12-29,2024-02-01,2024-02-01,605189.SH,16.2,13.1,-0.191358024691358
2023-12-29,2024-02-01,2024-02-01,603966.SH,8.21,6.83,-0.16808769792935452
2023-12-29,2024-02-01,2024-02-01,301291.SZ,31.21,26.96,-0.13617430310797818
2023-12-29,2024-02-01,2024-02-01,001311.SZ,41.32,34.39,-0.16771539206195551
2023-12-29,2024-02-01,2024-02-01,688479.SH,20.3,16.93,-0.1660098522167488
2023-12-29,2024-02-01,2024-02-01,688175.SH,24.03,20.18,-0.16021639617145245
2023-12-29,2024-02-01,2024-02-01,605060.SH,16.35,14.28,-0.12660550458715603
2023-12-29,2024-02-01,2024-02-01,301160.SZ,36.77,31.0,-0.15692140331792226
2023-12-29,2024-02-01,2024-02-01,688317.SH,18.17,15.33,-0.15630159603742444
2023-12-29,2024-02-01,2024-02-01,300246.SZ,8.73,7.61,-0.12829324169530354
2023-12-29,2024-02-01,2024-02-01,002860.SZ,11.01,9.4,-0.1462306993642143
2023-12-29,2024-02-01,2024-02-01,300756.SZ,14.16,12.06,-0.14830508474576265
2024-01-31,2024-04-01,2024-02-06,300981.SZ,11.39,8.91,-0.21773485513608426
2024-01-31,2024-04-01,2024-02-06,301150.SZ,24.2,19.59,-0.19049586776859506
2024-01-31,2024-04-01,2024-02-06,301322.SZ,31.2,26.6,-0.14743589743589736
2024-01-31,2024-04-01,2024-02-06,300196.SZ,9.15,7.82,-0.1453551912568306
2024-01-31,2024-04-01,2024-02-06,002441.SZ,7.45,6.47,-0.1315436241610739
2024-01-31,2024-04-01,2024-02-06,002788.SZ,7.42,6.4,-0.13746630727762799
2024-01-31,2024-04-01,2024-02-06,301307.SZ,20.45,17.0,-0.16870415647921755
2024-01-31,2024-04-01,2024-02-06,002669.SZ,8.88,7.2,-0.18918918918918926
2024-01-31,2024-04-01,2024-02-06,300873.SZ,16.19,14.1,-0.12909203211859177
2024-01-31,2024-04-01,2024-02-06,688317.SH,15.33,13.14,-0.1428571428571428
2024-01-31,2024-04-01,2024-02-06,300976.SZ,34.82,28.59,-0.17892016082711082
2024-01-31,2024-04-01,2024-02-06,300982.SZ,20.82,16.79,-0.19356388088376564
2024-01-31,2024-04-01,2024-02-06,002765.SZ,4.6,3.6,-0.21739130434782605
2024-01-31,2024-04-01,2024-02-06,002772.SZ,6.78,5.76,-0.1504424778761062
2024-01-31,2024-04-01,2024-02-06,300120.SZ,5.1,3.79,-0.2568627450980392
2024-01-31,2024-04-01,2024-02-06,603020.SH,6.92,5.71,-0.17485549132947975
2024-01-31,2024-04-01,2024-02-06,301349.SZ,29.89,23.8,-0.20374707259953162
2024-01-31,2024-04-01,2024-02-06,002255.SZ,4.5,3.66,-0.18666666666666665
2024-01-31,2024-04-01,2024-02-06,001311.SZ,34.39,29.96,-0.12881651642919456
2024-01-31,2024-04-01,2024-02-06,300532.SZ,12.06,10.35,-0.14179104477611948
2024-01-31,2024-04-01,2024-02-06,603217.SH,13.84,11.6,-0.161849710982659
2024-01-31,2024-04-01,2024-02-06,688181.SH,19.29,14.89,-0.22809745982374285
2024-01-31,2024-04-01,2024-02-06,002394.SZ,6.97,5.73,-0.1779053084648493
2024-01-31,2024-04-01,2024-02-06,603898.SH,8.91,7.22,-0.18967452300785637
2024-01-31,2024-04-01,2024-02-06,605287.SH,13.58,10.66,-0.21502209131075112
2024-01-31,2024-04-01,2024-02-06,603681.SH,11.84,9.46,-0.2010135135135135
2024-01-31,2024-04-01,2024-02-06,603948.SH,17.93,15.0,-0.16341327384272164
2024-01-31,2024-04-01,2024-02-06,002448.SZ,5.56,4.66,-0.16187050359712218
2024-01-31,2024-04-01,2024-02-06,002303.SZ,2.95,2.39,-0.18983050847457628
2024-01-31,2024-04-01,2024-02-06,688391.SH,33.58,27.62,-0.17748659916617027
2024-01-31,2024-04-01,2024-02-06,300265.SZ,6.45,5.0,-0.22480620155038766
2024-01-31,2024-04-01,2024-02-06,300867.SZ,12.85,9.85,-0.2334630350194553
2024-01-31,2024-04-01,2024-02-06,300905.SZ,13.4,10.5,-0.21641791044776126
2024-01-31,2024-04-01,2024-02-06,688175.SH,20.18,16.23,-0.1957383548067393
2024-01-31,2024-04-01,2024-02-06,603339.SH,9.55,7.82,-0.18115183246073296
2024-01-31,2024-04-01,2024-02-06,688485.SH,9.59,8.0,-0.16579770594369136
2024-01-31,2024-04-01,2024-02-06,301305.SZ,14.75,12.46,-0.1552542372881356
2024-01-31,2024-04-01,2024-02-06,301189.SZ,20.5,15.85,-0.2268292682926829
2024-01-31,2024-04-01,2024-02-06,002860.SZ,9.4,7.4,-0.21276595744680848
2024-01-31,2024-04-01,2024-02-06,301292.SZ,14.5,11.76,-0.18896551724137933
2024-01-31,2024-04-01,2024-02-06,300801.SZ,12.7,10.93,-0.1393700787401575
2024-01-31,2024-04-01,2024-02-06,688370.SH,19.5,16.58,-0.1497435897435898
2024-01-31,2024-04-01,2024-02-06,688479.SH,16.93,14.04,-0.17070289427052576
2024-01-31,2024-04-01,2024-02-06,301468.SZ,23.15,19.64,-0.15161987041036706
2024-01-31,2024-04-01,2024-02-06,301223.SZ,15.17,12.71,-0.16216216216216206
2024-01-31,2024-04-01,2024-02-06,002225.SZ,3.25,2.72,-0.163076923076923
2024-01-31,2024-04-01,2024-02-06,300100.SZ,7.38,5.9,-0.20054200542005418
2024-01-31,2024-04-01,2024-02-06,688325.SH,25.46,19.18,-0.24666142969363714
2024-01-31,2024-04-01,2024-02-06,603095.SH,12.85,10.02,-0.22023346303501945
2024-01-31,2024-04-01,2024-02-06,001283.SZ,35.65,26.97,-0.24347826086956526
2024-01-31,2024-04-01,2024-02-06,688015.SH,13.91,11.2,-0.19482386772106408
2024-01-31,2024-04-01,2024-02-06,300700.SZ,11.5,8.93,-0.22347826086956524
2024-01-31,2024-04-01,2024-02-06,605058.SH,16.2,12.76,-0.2123456790123457
2024-01-31,2024-04-01,2024-02-06,301310.SZ,34.66,28.38,-0.18118869013271777
2024-01-31,2024-04-01,2024-02-06,688610.SH,30.1,25.38,-0.156810631229236
2024-01-31,2024-04-01,2024-02-06,301235.SZ,19.11,15.03,-0.2135007849293563
2024-01-31,2024-04-01,2024-02-06,301387.SZ,40.27,31.89,-0.20809535634467347
2024-01-31,2024-04-01,2024-02-06,688299.SH,9.8,7.81,-0.20306122448979602
2024-01-31,2024-04-01,2024-02-06,002899.SZ,12.89,9.71,-0.24670287044220318
2024-01-31,2024-04-01,2024-02-06,002328.SZ,4.79,4.19,-0.12526096033402911
2024-01-31,2024-04-01,2024-02-06,300756.SZ,12.06,9.41,-0.21973466003316755
2024-01-31,2024-04-01,2024-02-06,688273.SH,22.09,19.13,-0.13399728383884113
2024-01-31,2024-04-01,2024-02-06,688338.SH,22.58,19.59,-0.13241806908768816
2024-01-31,2024-04-01,2024-02-06,688633.SH,22.29,18.88,-0.15298340062808435
2024-01-31,2024-04-01,2024-02-06,688267.SH,15.67,13.23,-0.15571155073388643
2024-01-31,2024-04-01,2024-02-06,003036.SZ,9.35,7.15,-0.23529411764705876
2024-01-31,2024-04-01,2024-02-06,603887.SH,5.78,4.46,-0.22837370242214539
2024-01-31,2024-04-01,2024-02-06,300632.SZ,9.04,7.04,-0.22123893805309724
2024-03-29,2024-06-03,2024-04-15,920640.BJ,17.12,15.13,-0.11623831775700932
2024-03-29,2024-06-03,2024-04-16,003033.SZ,25.81,22.4,-0.1321193335916312
2024-03-29,2024-06-03,2024-04-16,300983.SZ,25.4,22.23,-0.12480314960629912
2024-03-29,2024-06-03,2024-04-16,605189.SH,13.75,12.01,-0.12654545454545452
2024-03-29,2024-06-03,2024-04-17,688186.SH,13.7,11.84,-0.1357664233576642
2024-03-29,2024-06-03,2024-04-17,688370.SH,18.76,16.22,-0.13539445628997882
2024-03-29,2024-06-03,2024-04-17,001311.SZ,38.06,33.1,-0.1303205465055176
2024-03-29,2024-06-03,2024-04-17,002628.SZ,2.69,2.25,-0.16356877323420072
2024-03-29,2024-06-03,2024-04-17,300867.SZ,12.37,10.49,-0.15198059822150356
2024-03-29,2024-06-03,2024-04-17,300692.SZ,5.37,4.65,-0.13407821229050276
2024-03-29,2024-06-03,2024-04-17,600638.SH,4.4,3.79,-0.13863636363636367
2024-03-29,2024-06-03,2024-04-17,688068.SH,30.72,27.26,-0.11263020833333326
2024-03-29,2024-06-03,2024-04-17,605287.SH,13.71,11.84,-0.1363967906637491
2024-03-29,2024-06-03,2024-04-17,603898.SH,9.22,8.0,-0.13232104121475063
2024-03-29,2024-06-03,2024-04-17,301246.SZ,17.25,14.3,-0.17101449275362313
2024-03-29,2024-06-03,2024-04-17,000514.SZ,3.4,2.88,-0.15294117647058825
2024-03-29,2024-06-03,2024-04-17,300982.SZ,19.2,16.93,-0.11822916666666661
2024-03-29,2024-06-03,2024-04-17,688232.SH,23.3,20.38,-0.1253218884120172
2024-03-29,2024-06-03,2024-04-17,688558.SH,22.0,19.01,-0.13590909090909087
2024-03-29,2024-06-03,2024-04-17,603903.SH,8.66,7.55,-0.128175519630485
2024-03-29,2024-06-03,2024-04-17,301093.SZ,25.7,22.2,-0.13618677042801552
2024-03-29,2024-06-03,2024-04-17,688073.SH,36.32,31.09,-0.14399779735682816
2024-03-29,2024-06-03,2024-04-17,688350.SH,13.16,11.54,-0.12310030395136784
2024-03-29,2024-06-03,2024-04-17,688479.SH,18.3,15.92,-0.13005464480874318
2024-03-29,2024-06-03,2024-04-17,688531.SH,72.0,63.5,-0.11805555555555558
2024-03-29,2024-06-03,2024-04-17,688151.SH,15.44,13.41,-0.13147668393782375
2024-03-29,2024-06-03,2024-05-21,920418.BJ,21.0,15.26,-0.2733333333333333
2024-03-29,2024-06-03,2024-05-22,603125.SH,27.62,21.22,-0.23171614771904425
2024-03-29,2024-06-03,2024-05-22,300983.SZ,22.23,17.7,-0.20377867746288802
2024-03-29,2024-06-03,2024-05-30,301322.SZ,32.47,22.73,-0.2999692023406221
2024-03-29,2024-06-03,2024-05-31,920599.BJ,9.58,8.46,-0.1169102296450939
2024-05-31,2024-08-01,2024-06-07,600467.SH,1.9,1.57,-0.17368421052631566
2024-05-31,2024-08-01,2024-06-07,002628.SZ,2.31,2.03,-0.12121212121212133
2024-05-31,2024-08-01,2024-06-07,300840.SZ,11.83,10.31,-0.12848689771766686
2024-05-31,2024-08-01,2024-06-07,688186.SH,12.2,10.45,-0.14344262295081966
2024-05-31,2024-08-01,2024-06-07,300434.SZ,8.53,7.64,-0.10433763188745604
2024-05-31,2024-08-01,2024-06-07,300692.SZ,5.1,4.54,-0.1098039215686274
2024-05-31,2024-08-01,2024-06-07,300867.SZ,12.27,10.89,-0.1124694376528117
2024-05-31,2024-08-01,2024-06-07,605189.SH,12.63,10.85,-0.14093428345209824
2024-05-31,2024-08-01,2024-06-07,688360.SH,13.05,11.4,-0.12643678160919547
2024-05-31,2024-08-01,2024-06-07,688679.SH,8.17,6.87,-0.1591187270501836
2024-05-31,2024-08-01,2024-06-07,605136.SH,6.54,5.6,-0.143730886850153
2024-05-31,2024-08-01,2024-06-07,603903.SH,7.91,7.0,-0.11504424778761069
2024-05-31,2024-08-01,2024-06-07,300095.SZ,6.06,5.27,-0.13036303630363033
2024-05-31,2024-08-01,2024-06-07,603333.SH,3.64,3.09,-0.15109890109890112
2024-05-31,2024-08-01,2024-06-07,603278.SH,8.03,7.18,-0.10585305105853049
2024-05-31,2024-08-01,2024-06-07,300420.SZ,2.48,2.11,-0.14919354838709686
2024-05-31,2024-08-01,2024-06-07,603811.SH,7.65,6.68,-0.12679738562091514
2024-05-31,2024-08-01,2024-06-07,300877.SZ,12.43,10.5,-0.15526950925181016
2024-05-31,2024-08-01,2024-06-07,601616.SH,3.17,2.79,-0.11987381703470024
2024-05-31,2024-08-01,2024-06-12,001311.SZ,38.58,27.0,-0.3001555209953344
2024-05-31,2024-08-01,2024-06-17,920735.BJ,26.31,23.01,-0.12542759407069548
2024-05-31,2024-08-01,2024-06-19,603137.SH,15.71,10.37,-0.3399108847867601
2024-05-31,2024-08-01,2024-06-20,688606.SH,57.73,48.61,-0.1579767884981812
2024-05-31,2024-08-01,2024-06-20,300997.SZ,14.1,12.33,-0.12553191489361704
2024-05-31,2024-08-01,2024-06-21,301322.SZ,22.65,19.55,-0.13686534216335533
2024-05-31,2024-08-01,2024-06-21,000407.SZ,3.01,2.63,-0.12624584717607967
2024-05-31,2024-08-01,2024-06-21,002187.SZ,4.85,4.23,-0.12783505154639163
2024-05-31,2024-08-01,2024-06-21,300938.SZ,23.77,20.57,-0.13462347496844762
2024-05-31,2024-08-01,2024-06-24,600693.SH,3.26,2.84,-0.1288343558282209
2024-05-31,2024-08-01,2024-06-24,603125.SH,20.14,17.42,-0.13505461767626603
2024-05-31,2024-08-01,2024-06-25,002303.SZ,2.79,2.37,-0.15053763440860213
2024-05-31,2024-08-01,2024-06-25,920418.BJ,15.31,13.02,-0.14957544088830832
2024-05-31,2024-08-01,2024-06-25,002040.SZ,6.04,5.25,-0.13079470198675502
2024-05-31,2024-08-01,2024-06-25,300592.SZ,13.4,11.6,-0.13432835820895528
2024-05-31,2024-08-01,2024-06-25,603898.SH,8.51,7.15,-0.1598119858989424
2024-05-31,2024-08-01,2024-06-25,603817.SH,5.37,4.68,-0.12849162011173187
2024-05-31,2024-08-01,2024-06-25,600638.SH,4.18,3.65,-0.12679425837320568
2024-05-31,2024-08-01,2024-06-25,600784.SH,5.22,4.54,-0.13026819923371646
2024-05-31,2024-08-01,2024-06-25,688151.SH,14.46,12.32,-0.14799446749654221
2024-05-31,2024-08-01,2024-06-25,002969.SZ,3.27,2.73,-0.1651376146788991
2024-05-31,2024-08-01,2024-06-25,301391.SZ,51.5,43.24,-0.16038834951456304
2024-05-31,2024-08-01,2024-06-25,605288.SH,34.84,30.0,-0.13892078071182556
2024-05-31,2024-08-01,2024-06-25,301109.SZ,16.94,14.51,-0.1434474616292799
2024-05-31,2024-08-01,2024-06-25,603681.SH,14.19,12.24,-0.13742071881606766
2024-05-31,2024-08-01,2024-06-25,600865.SH,7.25,6.37,-0.12137931034482752
2024-05-31,2024-08-01,2024-06-25,000530.SZ,4.04,3.5,-0.13366336633663367
2024-05-31,2024-08-01,2024-06-25,603948.SH,18.31,15.99,-0.12670671764063346
2024-05-31,2024-08-01,2024-06-25,300873.SZ,16.29,14.5,-0.10988336402701038
2024-05-31,2024-08-01,2024-06-25,688350.SH,12.66,11.06,-0.12638230647709314
2024-05-31,2024-08-01,2024-06-26,600731.SH,5.26,4.51,-0.14258555133079853
2024-05-31,2024-08-01,2024-06-26,688767.SH,28.59,24.6,-0.13955928646379845
2024-05-31,2024-08-01,2024-06-28,603278.SH,7.18,6.25,-0.1295264623955431
2024-05-31,2024-08-01,2024-07-01,688480.SH,31.77,27.85,-0.12338684293358504
2024-05-31,2024-08-01,2024-07-03,301115.SZ,15.68,13.76,-0.12244897959183676
2024-05-31,2024-08-01,2024-07-03,300840.SZ,10.31,9.03,-0.12415130940834151
2024-05-31,2024-08-01,2024-07-04,920522.BJ,16.65,12.43,-0.2534534534534534
2024-05-31,2024-08-01,2024-07-05,605287.SH,13.19,11.3,-0.1432903714935556
2024-05-31,2024-08-01,2024-07-05,002899.SZ,14.6,12.84,-0.1205479452054794
2024-05-31,2024-08-01,2024-07-05,301277.SZ,14.56,12.53,-0.13942307692307698
2024-05-31,2024-08-01,2024-07-05,300592.SZ,11.6,10.23,-0.11810344827586206
2024-05-31,2024-08-01,2024-07-09,300983.SZ,16.92,14.66,-0.1335697399527187
2024-05-31,2024-08-01,2024-07-09,920599.BJ,8.42,7.35,-0.12707838479809985
2024-05-31,2024-08-01,2024-07-09,300695.SZ,39.51,34.6,-0.1242723361174386
2024-05-31,2024-08-01,2024-07-09,001380.SZ,20.6,17.71,-0.14029126213592236
2024-05-31,2024-08-01,2024-07-09,603230.SH,12.72,11.09,-0.12814465408805042
2024-05-31,2024-08-01,2024-07-09,603116.SH,4.88,4.25,-0.12909836065573765
2024-05-31,2024-08-01,2024-07-09,688479.SH,16.89,14.82,-0.12255772646536411
2024-05-31,2024-08-01,2024-07-09,301305.SZ,16.7,14.61,-0.12514970059880237
2024-05-31,2024-08-01,2024-07-09,000880.SZ,8.63,7.24,-0.16106604866743923
2024-05-31,2024-08-01,2024-07-09,001311.SZ,26.51,22.71,-0.1433421350433799
2024-05-31,2024-08-01,2024-07-09,603278.SH,6.21,5.44,-0.12399355877616736
2024-05-31,2024-08-01,2024-07-11,600467.SH,1.57,1.41,-0.1019108280254778
2024-05-31,2024-08-01,2024-07-11,603903.SH,7.0,5.98,-0.14571428571428569
2024-05-31,2024-08-01,2024-07-17,301061.SZ,46.2,40.68,-0.11948051948051952
2024-05-31,2024-08-01,2024-07-17,688786.SH,25.76,22.55,-0.12461180124223603
2024-05-31,2024-08-01,2024-07-17,688186.SH,10.45,9.16,-0.12344497607655491
2024-05-31,2024-08-01,2024-07-24,301391.SZ,43.24,36.73,-0.15055504162812217
2024-05-31,2024-08-01,2024-07-25,002394.SZ,6.77,5.91,-0.12703101920236326
2024-05-31,2024-08-01,2024-07-25,688391.SH,30.85,26.25,-0.14910858995137766
2024-05-31,2024-08-01,2024-07-25,688480.SH,26.73,22.87,-0.1444070332959222
2024-05-31,2024-08-01,2024-07-26,301319.SZ,29.0,25.6,-0.11724137931034473
2024-07-31,2024-10-08,2024-08-16,002971.SZ,17.96,15.66,-0.1280623608017818
2024-07-31,2024-10-08,2024-08-20,301096.SZ,43.13,37.97,-0.11963830280547194
2024-07-31,2024-10-08,2024-08-21,002674.SZ,9.1,7.84,-0.1384615384615384
2024-07-31,2024-10-08,2024-08-26,600785.SH,10.57,9.16,-0.1333964049195837
2024-07-31,2024-10-08,2024-08-26,603135.SH,9.18,8.06,-0.12200435729847492
2024-07-31,2024-10-08,2024-08-26,688410.SH,11.58,8.79,-0.2409326424870467
2024-07-31,2024-10-08,2024-08-26,001311.SZ,23.55,19.81,-0.15881104033970284
2024-07-31,2024-10-08,2024-08-26,601033.SH,15.53,13.69,-0.11848036059240175
2024-07-31,2024-10-08,2024-08-28,301102.SZ,8.55,7.42,-0.1321637426900586
2024-07-31,2024-10-08,2024-08-28,603119.SH,14.67,12.95,-0.1172460804362645
2024-07-31,2024-10-08,2024-08-28,300816.SZ,19.57,17.76,-0.09248850281042409
2024-07-31,2024-10-08,2024-08-29,603579.SH,13.78,11.77,-0.14586357039187225
2024-07-31,2024-10-08,2024-08-29,603230.SH,11.3,9.92,-0.12212389380530975
2024-07-31,2024-10-08,2024-09-05,002441.SZ,7.37,6.41,-0.1302578018995929
2024-07-31,2024-10-08,2024-09-09,603071.SH,12.34,10.8,-0.12479740680713125
2024-07-31,2024-10-08,2024-09-13,001215.SZ,26.19,22.66,-0.13478426880488736
2024-07-31,2024-10-08,2024-09-18,603681.SH,11.33,9.95,-0.12180052956751997
2024-07-31,2024-10-08,2024-09-18,603217.SH,14.08,12.45,-0.11576704545454553
2024-07-31,2024-10-08,2024-09-18,002448.SZ,5.85,5.12,-0.12478632478632468
2024-07-31,2024-10-08,2024-09-18,003041.SZ,11.64,10.13,-0.1297250859106529
2024-07-31,2024-10-08,2024-09-19,603903.SH,6.18,5.39,-0.12783171521035597
2024-07-31,2024-10-08,2024-09-19,300840.SZ,8.84,7.77,-0.12104072398190047
2024-09-30,2024-12-02,2024-10-10,688267.SH,24.44,21.1,-0.1366612111292962
2024-09-30,2024-12-02,2024-10-10,603020.SH,8.2,7.18,-0.12439024390243902
2024-09-30,2024-12-02,2024-10-10,000407.SZ,3.5,3.1,-0.11428571428571421
2024-09-30,2024-12-02,2024-10-10,603116.SH,5.32,4.6,-0.13533834586466176
2024-09-30,2024-12-02,2024-10-10,605287.SH,14.1,12.28,-0.12907801418439724
2024-09-30,2024-12-02,2024-10-10,301109.SZ,19.88,16.84,-0.1529175050301811
2024-09-30,2024-12-02,2024-10-10,300867.SZ,16.24,13.56,-0.16502463054187178
2024-09-30,2024-12-02,2024-10-10,688075.SH,46.0,38.82,-0.1560869565217391
2024-09-30,2024-12-02,2024-10-10,601033.SH,16.68,14.49,-0.13129496402877694
2024-09-30,2024-12-02,2024-10-10,301362.SZ,44.32,37.65,-0.15049638989169678
2024-09-30,2024-12-02,2024-10-10,301305.SZ,21.0,17.72,-0.1561904761904762
2024-09-30,2024-12-02,2024-10-10,688350.SH,14.25,12.26,-0.13964912280701758
2024-09-30,2024-12-02,2024-10-10,301223.SZ,19.55,16.31,-0.1657289002557546
2024-09-30,2024-12-02,2024-10-10,301235.SZ,22.9,19.09,-0.16637554585152836
2024-09-30,2024-12-02,2024-10-10,920522.BJ,21.22,18.66,-0.12064090480678602
2024-09-30,2024-12-02,2024-10-10,688338.SH,30.1,26.21,-0.12923588039867107
2024-09-30,2024-12-02,2024-10-10,603137.SH,12.1,10.62,-0.12231404958677694
2024-09-30,2024-12-02,2024-10-10,603903.SH,7.35,6.41,-0.12789115646258498
2024-09-30,2024-12-02,2024-10-10,300196.SZ,13.9,11.28,-0.1884892086330936
2024-09-30,2024-12-02,2024-10-10,688679.SH,9.12,7.67,-0.1589912280701754
2024-09-30,2024-12-02,2024-10-10,301196.SZ,39.0,34.8,-0.10769230769230775
2024-09-30,2024-12-02,2024-10-10,605566.SH,18.42,16.06,-0.12812160694896868
2024-09-30,2024-12-02,2024-10-10,301222.SZ,29.08,25.09,-0.1372077028885832
2024-09-30,2024-12-02,2024-10-10,688257.SH,19.47,16.74,-0.140215716486903
2024-09-30,2024-12-02,2024-10-10,300692.SZ,6.18,5.14,-0.16828478964401294
2024-09-30,2024-12-02,2024-10-10,920599.BJ,13.0,10.94,-0.15846153846153854
2024-09-30,2024-12-02,2024-10-10,300840.SZ,13.28,10.4,-0.216867469879518
2024-09-30,2024-12-02,2024-10-10,300877.SZ,15.04,13.09,-0.12965425531914887
2024-09-30,2024-12-02,2024-10-10,301061.SZ,64.0,54.0,-0.15625
2024-09-30,2024-12-02,2024-10-10,605259.SH,16.1,14.07,-0.12608695652173918
2024-09-30,2024-12-02,2024-10-10,688360.SH,17.97,15.2,-0.15414579855314414
2024-09-30,2024-12-02,2024-10-10,001289.SZ,18.45,15.88,-0.13929539295392945
2024-09-30,2024-12-02,2024-10-10,688557.SH,21.38,18.64,-0.12815715622076695
2024-09-30,2024-12-02,2024-10-10,002969.SZ,3.54,3.04,-0.14124293785310738
2024-09-30,2024-12-02,2024-10-10,688646.SH,35.1,30.0,-0.14529914529914534
2024-09-30,2024-12-02,2024-10-10,300834.SZ,23.39,20.55,-0.12141941000427536
2024-09-30,2024-12-02,2024-10-10,605488.SH,14.69,12.94,-0.1191286589516678
2024-09-30,2024-12-02,2024-10-10,688480.SH,35.6,28.83,-0.19016853932584277
2024-09-30,2024-12-02,2024-10-10,688377.SH,17.0,14.8,-0.12941176470588234
2024-09-30,2024-12-02,2024-10-10,000530.SZ,4.84,4.4,-0.09090909090909083
2024-09-30,2024-12-02,2024-10-10,603150.SH,29.85,25.91,-0.13199329983249586
2024-09-30,2024-12-02,2024-10-10,920735.BJ,34.33,28.28,-0.17623070200990376
2024-09-30,2024-12-02,2024-10-10,002774.SZ,7.15,6.28,-0.12167832167832171
2024-09-30,2024-12-02,2024-10-10,603928.SH,9.08,7.87,-0.1332599118942731
2024-09-30,2024-12-02,2024-10-10,603579.SH,15.99,14.16,-0.11444652908067543
2024-09-30,2024-12-02,2024-10-10,603898.SH,9.5,8.15,-0.14210526315789473
2024-09-30,2024-12-02,2024-10-10,688181.SH,23.34,20.4,-0.12596401028277637
2024-09-30,2024-12-02,2024-10-10,001323.SZ,35.82,30.97,-0.1353992183137912
2024-09-30,2024-12-02,2024-10-10,301115.SZ,17.88,14.91,-0.16610738255033553
2024-09-30,2024-12-02,2024-10-10,002394.SZ,8.28,7.26,-0.12318840579710144
2024-09-30,2024-12-02,2024-10-10,605138.SH,6.14,5.48,-0.10749185667752437
2024-09-30,2024-12-02,2024-10-10,603798.SH,9.4,8.18,-0.1297872340425532
2024-09-30,2024-12-02,2024-10-10,603630.SH,12.38,10.73,-0.13327948303715675
2024-09-30,2024-12-02,2024-10-10,301322.SZ,28.1,24.31,-0.1348754448398577
2024-09-30,2024-12-02,2024-10-10,300873.SZ,20.0,16.89,-0.15549999999999997
2024-09-30,2024-12-02,2024-10-10,002303.SZ,3.75,3.22,-0.1413333333333333
2024-09-30,2024-12-02,2024-10-11,003033.SZ,28.55,25.05,-0.12259194395796846
2024-09-30,2024-12-02,2024-10-11,603163.SH,28.22,24.48,-0.1325301204819277
2024-09-30,2024-12-02,2024-10-14,688370.SH,21.3,18.3,-0.14084507042253525
2024-09-30,2024-12-02,2024-10-14,603759.SH,7.13,6.31,-0.11500701262272095
2024-09-30,2024-12-02,2024-10-14,002328.SZ,5.53,4.82,-0.12839059674502706
2024-09-30,2024-12-02,2024-10-14,605389.SH,22.55,19.87,-0.11884700665188463
2024-09-30,2024-12-02,2024-10-14,605208.SH,7.95,6.84,-0.13962264150943404
2024-09-30,2024-12-02,2024-10-14,601616.SH,3.53,3.07,-0.13031161473087816
2024-09-30,2024-12-02,2024-10-14,603926.SH,9.85,8.45,-0.14213197969543157
2024-09-30,2024-12-02,2024-10-14,002560.SZ,6.7,5.9,-0.11940298507462688
2024-09-30,2024-12-02,2024-10-14,605288.SH,38.0,33.06,-0.1299999999999999
2024-09-30,2024-12-02,2024-10-14,001359.SZ,25.32,21.99,-0.13151658767772523
2024-09-30,2024-12-02,2024-10-14,605066.SH,6.48,5.63,-0.13117283950617287
2024-09-30,2024-12-02,2024-10-14,003025.SZ,16.33,13.89,-0.14941824862216768
2024-09-30,2024-12-02,2024-10-14,920522.BJ,18.66,16.41,-0.12057877813504825
2024-09-30,2024-12-02,2024-10-16,603681.SH,13.83,12.0,-0.13232104121475052
2024-09-30,2024-12-02,2024-10-16,002286.SZ,7.93,6.89,-0.1311475409836066
2024-09-30,2024-12-02,2024-10-17,603788.SH,14.75,12.93,-0.12338983050847463
2024-09-30,2024-12-02,2024-10-18,603817.SH,6.0,5.25,-0.125
2024-09-30,2024-12-02,2024-11-18,002734.SZ,8.48,7.48,-0.11792452830188682
2024-11-29,2025-01-02,2024-12-26,688480.SH,31.59,27.85,-0.11839189616967394
2024-11-29,2025-01-02,2024-12-31,301322.SZ,25.78,22.4,-0.13110938712179998
2024-12-31,2025-02-05,2025-01-13,002303.SZ,3.58,3.13,-0.12569832402234637
2024-12-31,2025-02-05,2025-01-13,688350.SH,13.79,11.9,-0.13705583756345174
2024-12-31,2025-02-05,2025-01-27,688253.SH,36.39,29.46,-0.19043693322341304
2025-03-31,2025-06-03,2025-04-07,301187.SZ,38.11,30.3,-0.204933088428234
2025-03-31,2025-06-03,2025-04-08,300196.SZ,11.19,9.36,-0.16353887399463807
2025-03-31,2025-06-03,2025-04-08,301115.SZ,13.92,12.35,-0.11278735632183912
2025-03-31,2025-06-03,2025-04-08,688726.SH,44.28,34.85,-0.2129629629629629
2025-03-31,2025-06-03,2025-04-08,920239.BJ,40.3,32.08,-0.20397022332506198
2025-03-31,2025-06-03,2025-04-08,300877.SZ,13.74,12.51,-0.08951965065502188
2025-03-31,2025-06-03,2025-04-08,301305.SZ,17.32,14.73,-0.14953810623556585
2025-03-31,2025-06-03,2025-04-08,300801.SZ,17.26,14.02,-0.18771726535341837
2025-03-31,2025-06-03,2025-04-08,301631.SZ,121.7,97.98,-0.19490550534100248
2025-03-31,2025-06-03,2025-04-08,688308.SH,18.95,15.69,-0.17203166226912925
2025-03-31,2025-06-03,2025-04-08,301246.SZ,13.74,12.01,-0.12590975254730719
2025-03-31,2025-06-03,2025-04-08,688485.SH,9.9,8.77,-0.11414141414141421
2025-03-31,2025-06-03,2025-04-08,301151.SZ,15.28,12.78,-0.16361256544502623
2025-03-31,2025-06-03,2025-04-08,301391.SZ,36.95,31.83,-0.13856562922868754
2025-03-31,2025-06-03,2025-04-08,001389.SZ,55.0,45.53,-0.1721818181818182
2025-03-31,2025-06-03,2025-04-08,300434.SZ,8.25,7.16,-0.13212121212121208
2025-03-31,2025-06-03,2025-04-08,002973.SZ,12.14,10.48,-0.13673805601317957
2025-03-31,2025-06-03,2025-04-08,301617.SZ,49.62,43.32,-0.12696493349455862
2025-03-31,2025-06-03,2025-04-08,688679.SH,10.75,8.44,-0.21488372093023256
2025-03-31,2025-06-03,2025-04-08,301362.SZ,40.0,32.8,-0.18000000000000005
2025-03-31,2025-06-03,2025-04-08,603194.SH,37.31,32.01,-0.14205306888233726
2025-03-31,2025-06-03,2025-04-08,688115.SH,37.6,31.26,-0.16861702127659572
2025-03-31,2025-06-03,2025-04-08,301102.SZ,10.66,8.7,-0.18386491557223272
2025-03-31,2025-06-03,2025-04-08,688267.SH,26.99,22.2,-0.17747313819933308
2025-03-31,2025-06-03,2025-04-08,301330.SZ,28.12,22.4,-0.20341394025604564
2025-03-31,2025-06-03,2025-04-08,300243.SZ,9.65,8.22,-0.14818652849740932
2025-03-31,2025-06-03,2025-04-08,301222.SZ,27.45,22.99,-0.16247723132969039
2025-03-31,2025-06-03,2025-04-08,301148.SZ,19.12,16.6,-0.13179916317991625
2025-03-31,2025-06-03,2025-04-08,688719.SH,29.6,24.8,-0.16216216216216217
2025-03-31,2025-06-03,2025-04-08,688551.SH,27.58,24.6,-0.10804931109499627
2025-03-31,2025-06-03,2025-04-08,301310.SZ,32.23,25.5,-0.20881166614955005
2025-03-31,2025-06-03,2025-04-08,301168.SZ,27.4,23.12,-0.1562043795620437
2025-03-31,2025-06-03,2025-04-08,301252.SZ,34.51,27.29,-0.20921472037090694
2025-03-31,2025-06-03,2025-04-08,688073.SH,49.16,38.98,-0.2070789259560618
2025-03-31,2025-06-03,2025-04-08,300632.SZ,12.72,10.08,-0.20754716981132082
2025-03-31,2025-06-03,2025-04-08,301468.SZ,22.52,19.8,-0.1207815275310834
2025-03-31,2025-06-03,2025-04-08,688448.SH,29.39,23.44,-0.20244981286151753
2025-03-31,2025-06-03,2025-04-08,301179.SZ,17.67,14.51,-0.1788341822297681
2025-03-31,2025-06-03,2025-04-08,300969.SZ,85.46,68.8,-0.19494500351041422
2025-03-31,2025-06-03,2025-04-08,301265.SZ,9.13,7.84,-0.14129244249726192
2025-03-31,2025-06-03,2025-04-08,300834.SZ,20.51,17.98,-0.12335446123842031
2025-03-31,2025-06-03,2025-04-08,688163.SH,17.8,15.2,-0.1460674157303371
2025-03-31,2025-06-03,2025-04-09,603681.SH,14.06,11.4,-0.18918918918918914
2025-03-31,2025-06-03,2025-04-09,603310.SH,18.35,16.09,-0.12316076294277933
2025-03-31,2025-06-03,2025-04-09,603150.SH,33.59,26.01,-0.22566239952366784
2025-03-31,2025-06-03,2025-04-09,603726.SH,16.08,13.27,-0.1747512437810944
2025-03-31,2025-06-03,2025-04-09,605288.SH,39.62,33.65,-0.15068147400302878
2025-03-31,2025-06-03,2025-04-09,001311.SZ,28.45,23.19,-0.1848857644991212
2025-03-31,2025-06-03,2025-04-09,603926.SH,10.36,8.45,-0.18436293436293438
2025-03-31,2025-06-03,2025-04-09,603051.SH,24.9,21.11,-0.15220883534136542
2025-03-31,2025-06-03,2025-05-08,300969.SZ,68.8,56.88,-0.17325581395348832
2025-03-31,2025-06-03,2025-05-27,301617.SZ,43.32,37.4,-0.13665743305632505
2025-03-31,2025-06-03,2025-05-28,301252.SZ,27.29,23.06,-0.15500183217295715
2025-05-30,2025-08-01,2025-06-11,001311.SZ,27.08,20.1,-0.2577548005908419
2025-05-30,2025-08-01,2025-06-13,920239.BJ,43.59,32.2,-0.26129846295021797
2025-05-30,2025-08-01,2025-06-18,301109.SZ,20.86,15.05,-0.2785234899328859
2025-07-31,2025-10-09,2025-08-11,603051.SH,27.7,20.33,-0.2660649819494585
2025-07-31,2025-10-09,2025-08-28,605189.SH,17.03,14.69,-0.13740458015267187
2025-07-31,2025-10-09,2025-09-17,001323.SZ,32.25,28.38,-0.12
2025-09-30,2025-12-01,2025-10-20,301199.SZ,27.57,24.55,-0.10953935437069273
2025-09-30,2025-12-01,2025-10-30,603173.SH,50.44,43.01,-0.14730372720063445
2025-09-30,2025-12-01,2025-11-05,301500.SZ,18.32,15.85,-0.13482532751091703
2025-09-30,2025-12-01,2025-11-13,301187.SZ,27.37,24.03,-0.12203142126415778
2025-09-30,2025-12-01,2025-11-21,688370.SH,28.0,24.35,-0.13035714285714284
2025-09-30,2025-12-01,2025-11-21,301199.SZ,25.7,22.5,-0.1245136186770428
2025-09-30,2025-12-01,2025-11-24,301317.SZ,33.23,28.88,-0.13090580800481488
2025-09-30,2025-12-01,2025-11-24,688726.SH,46.5,40.9,-0.12043010752688177
2025-09-30,2025-12-01,2025-11-24,301613.SZ,52.45,45.99,-0.12316491897044801
2025-09-30,2025-12-01,2025-11-24,002849.SZ,15.1,13.28,-0.1205298013245033
2025-09-30,2025-12-01,2025-11-24,301281.SZ,34.37,29.4,-0.14460285132382888
2025-09-30,2025-12-01,2025-11-24,920068.BJ,19.35,16.66,-0.13901808785529723
2025-09-30,2025-12-01,2025-11-24,688750.SH,21.33,18.59,-0.12845757149554615
2025-11-28,2026-01-05,2025-12-17,301588.SZ,20.08,17.67,-0.12001992031872499
2025-11-28,2026-01-05,2025-12-23,688726.SH,42.93,35.09,-0.18262287444677372
2026-01-30,2026-04-01,2026-03-04,688073.SH,59.8,51.9,-0.13210702341137126
2026-01-30,2026-04-01,2026-03-04,301275.SZ,59.23,50.92,-0.14030052338342047
2026-01-30,2026-04-01,2026-03-06,001328.SZ,40.03,34.89,-0.12840369722707967
2026-01-30,2026-04-01,2026-03-09,601133.SH,18.2,15.5,-0.14835164835164827
2026-01-30,2026-04-01,2026-03-16,301315.SZ,59.18,51.75,-0.12554917201757354
2026-01-30,2026-04-01,2026-03-17,688370.SH,29.36,25.86,-0.11920980926430513
2026-01-30,2026-04-01,2026-03-18,300163.SZ,5.5,4.77,-0.1327272727272728
2026-01-30,2026-04-01,2026-03-20,688721.SH,48.0,42.18,-0.12124999999999997
2026-01-30,2026-04-01,2026-03-20,301275.SZ,50.27,42.02,-0.16411378555798684
2026-01-30,2026-04-01,2026-03-23,605189.SH,15.48,13.02,-0.1589147286821706
2026-01-30,2026-04-01,2026-03-23,300920.SZ,41.65,36.25,-0.1296518607442977
2026-01-30,2026-04-01,2026-03-23,301528.SZ,67.9,58.9,-0.13254786450662748
2026-01-30,2026-04-01,2026-03-24,688459.SH,10.06,8.85,-0.12027833001988075
2026-01-30,2026-04-01,2026-03-24,301356.SZ,22.64,20.21,-0.10733215547703179
2026-01-30,2026-04-01,2026-03-24,001380.SZ,23.2,19.98,-0.13879310344827578
2026-01-30,2026-04-01,2026-03-24,603153.SH,17.48,15.22,-0.12929061784897022
2026-01-30,2026-04-01,2026-03-24,301199.SZ,24.3,21.71,-0.10658436213991773
2026-01-30,2026-04-01,2026-03-24,603725.SH,10.21,8.59,-0.15866797257590604
2026-01-30,2026-04-01,2026-03-24,603065.SH,8.89,7.6,-0.1451068616422948
2026-01-30,2026-04-01,2026-03-24,301339.SZ,14.68,12.96,-0.1171662125340599
2026-01-30,2026-04-01,2026-03-24,301092.SZ,36.0,32.49,-0.09749999999999992
2026-01-30,2026-04-01,2026-03-24,603375.SH,38.99,34.8,-0.10746345216722253
2026-01-30,2026-04-01,2026-03-24,688056.SH,36.8,32.92,-0.10543478260869554
2026-01-30,2026-04-01,2026-03-24,301280.SZ,58.79,51.88,-0.11753699608777002
2026-01-30,2026-04-01,2026-03-24,301328.SZ,53.0,45.58,-0.14
2026-01-30,2026-04-01,2026-03-24,603819.SH,12.57,11.16,-0.11217183770883055
2026-01-30,2026-04-01,2026-03-24,603637.SH,12.48,10.99,-0.11939102564102566
2026-01-30,2026-04-01,2026-03-24,603125.SH,18.64,16.63,-0.10783261802575117
2026-01-30,2026-04-01,2026-03-24,301202.SZ,42.0,36.0,-0.1428571428571429
2026-01-30,2026-04-01,2026-03-24,301366.SZ,35.46,30.9,-0.12859560067681897
2026-01-30,2026-04-01,2026-03-24,001314.SZ,47.09,41.37,-0.12146952643873443
2026-01-30,2026-04-01,2026-03-24,301387.SZ,59.0,49.72,-0.1572881355932204
2026-01-30,2026-04-01,2026-03-24,605186.SH,22.01,18.94,-0.1394820536119945
2026-01-30,2026-04-01,2026-03-24,603135.SH,11.5,9.9,-0.13913043478260867
2026-01-30,2026-04-01,2026-03-24,688370.SH,25.12,22.05,-0.1222133757961783
2026-01-30,2026-04-01,2026-03-27,688273.SH,44.0,38.28,-0.13
2026-01-30,2026-04-01,2026-03-31,301563.SZ,163.96,142.49,-0.13094657233471574
2026-03-31,2026-06-01,2026-04-07,688813.SH,48.0,42.33,-0.11812500000000004
2026-03-31,2026-06-01,2026-05-06,301280.SZ,53.38,44.51,-0.16616710378418886
2026-03-31,2026-06-01,2026-05-11,300932.SZ,13.35,10.87,-0.18576779026217227
2026-03-31,2026-06-01,2026-05-15,001380.SZ,21.02,18.46,-0.12178877259752607
2026-03-31,2026-06-01,2026-05-19,920068.BJ,21.39,18.56,-0.1323048153342684
2026-03-31,2026-06-01,2026-05-20,301310.SZ,40.39,31.06,-0.2309977717256747
2026-03-31,2026-06-01,2026-05-21,603210.SH,17.62,15.22,-0.1362088535754824
2026-03-31,2026-06-01,2026-05-25,603886.SH,12.65,11.11,-0.12173913043478268
2026-03-31,2026-06-01,2026-06-01,301199.SZ,22.76,19.42,-0.14674868189806678
2026-03-31,2026-06-01,2026-06-01,301398.SZ,48.25,41.28,-0.14445595854922277
2026-03-31,2026-06-01,2026-06-01,301280.SZ,46.97,40.78,-0.13178624654034488
