date,code,reason,pnl
2020-02-07,002645.SZ,买入,0.0
2020-02-07,600150.SH,买入,0.0
2020-02-07,600226.SH,买入,0.0
2020-02-07,600900.SH,买入,0.0
2020-02-07,601288.SH,买入,0.0
2020-02-07,601988.SH,买入,0.0
2020-02-07,601398.SH,买入,0.0
2020-02-07,000688.SZ,买入,0.0
2020-02-07,600036.SH,买入,0.0
2020-02-07,601328.SH,买入,0.0
2020-02-21,002645.SZ,调仓,17.032258064516135
2020-02-21,600150.SH,调仓,7.506561679790025
2020-02-21,600226.SH,调仓,5.693950177935947
2020-02-21,601225.SH,买入,0.0
2020-02-21,600028.SH,买入,0.0
2020-02-21,603288.SH,买入,0.0
2020-02-21,600919.SH,买入,0.0
2020-02-21,600276.SH,买入,0.0
2020-02-21,601088.SH,买入,0.0
2020-02-21,601939.SH,买入,0.0
2020-03-06,601857.SH,买入,0.0
2020-03-06,600256.SH,买入,0.0
2020-03-06,601318.SH,买入,0.0
2020-03-06,600011.SH,买入,0.0
2020-03-18,600036.SH,止损,-12.987012987012992
2020-03-18,601318.SH,止损,-13.644790507971816
2020-03-19,601225.SH,止损,-15.34653465346535
2020-03-19,600276.SH,止损,-12.416851441241683
2020-03-19,600256.SH,止损,-12.374581939799334
2020-03-20,000688.SZ,调仓,23.470122390208758
2020-03-20,603288.SH,调仓,-4.605702298083337
2020-03-20,601991.SH,买入,0.0
2020-03-20,601985.SH,买入,0.0
2020-03-20,601600.SH,买入,0.0
2020-03-20,600256.SH,买入,0.0
2020-03-20,000630.SZ,买入,0.0
2020-04-01,601857.SH,止损,-12.50000000000001
2020-04-03,000977.SZ,买入,0.0
2020-04-03,601127.SH,买入,0.0
2020-04-03,002294.SZ,买入,0.0
2020-04-13,600011.SH,止损,-12.67893660531698
2020-04-20,601991.SH,调仓,1.4218009478673022
2020-04-20,000977.SZ,调仓,1.1313962458215476
2020-04-20,601127.SH,调仓,-6.63716814159292
2020-04-20,603588.SH,买入,0.0
2020-04-20,601231.SH,买入,0.0
2020-04-20,600188.SH,买入,0.0
2020-04-21,600919.SH,止损,-12.556053811659208
2020-05-07,601231.SH,调仓,5.523917995444205
2020-05-07,300015.SZ,买入,0.0
2020-05-07,002079.SZ,买入,0.0
2020-05-07,601766.SH,买入,0.0
2020-05-21,600256.SH,调仓,-2.9962546816479474
2020-05-21,603588.SH,调仓,-4.628099173553723
2020-05-21,002079.SZ,调仓,2.1505376344086002
2020-05-21,603306.SH,买入,0.0
2020-05-21,002532.SZ,买入,0.0
2020-05-21,600893.SH,买入,0.0
2020-05-26,600028.SH,止损,-12.108559498956161
2020-05-28,300015.SZ,止损,-19.17131816230142
2020-05-28,002532.SZ,止损,-13.540197461212976
2020-06-04,002294.SZ,调仓,12.297372833985465
2020-06-04,603306.SH,调仓,0.27137042062415073
2020-06-04,002532.SZ,买入,0.0
2020-06-04,300666.SZ,买入,0.0
2020-06-04,600919.SH,买入,0.0
2020-06-04,601857.SH,买入,0.0
2020-06-15,601088.SH,止损,-12.724014336917556
2020-06-18,002532.SZ,调仓,14.516129032258052
2020-06-18,601111.SH,买入,0.0
2020-06-18,002254.SZ,买入,0.0
2020-06-18,002049.SZ,买入,0.0
2020-07-06,601398.SH,调仓,2.941176470588225
2020-07-06,601939.SH,调仓,7.090103397341219
2020-07-06,601600.SH,调仓,11.14864864864864
2020-07-06,000630.SZ,调仓,12.00000000000001
2020-07-06,600188.SH,调仓,21.809744779582374
2020-07-06,601766.SH,调仓,1.1345218800648427
2020-07-06,600893.SH,调仓,5.989477944152166
2020-07-06,300666.SZ,调仓,16.33281972265024
2020-07-06,600919.SH,调仓,12.100840336134455
2020-07-06,603379.SH,买入,0.0
2020-07-06,300283.SZ,买入,0.0
2020-07-06,603698.SH,买入,0.0
2020-07-06,002580.SZ,买入,0.0
2020-07-06,603662.SH,买入,0.0
2020-07-06,600367.SH,买入,0.0
2020-07-20,002049.SZ,调仓,92.98245614035088
2020-07-20,300283.SZ,调仓,2.083333333333326
2020-07-20,603662.SH,调仓,-3.807257584770951
2020-07-20,600028.SH,买入,0.0
2020-07-20,002865.SZ,买入,0.0
2020-07-20,600363.SH,买入,0.0
2020-07-20,600869.SH,买入,0.0
2020-07-20,000967.SZ,买入,0.0
2020-08-03,000967.SZ,调仓,13.789237668161448
2020-08-03,002245.SZ,买入,0.0
2020-08-03,600999.SH,买入,0.0
2020-08-03,601398.SH,买入,0.0
2020-08-17,603698.SH,调仓,18.365553602811957
2020-08-17,002865.SZ,调仓,9.14512922465207
2020-08-17,600363.SH,调仓,40.694789081885844
2020-08-17,002245.SZ,调仓,0.20408163265306367
2020-08-17,600999.SH,调仓,4.837209302325585
2020-08-17,600690.SH,买入,0.0
2020-08-17,300540.SZ,买入,0.0
2020-08-17,002342.SZ,买入,0.0
2020-08-17,601816.SH,买入,0.0
2020-08-31,600367.SH,调仓,17.52717391304348
2020-08-31,600690.SH,调仓,-7.430469074304691
2020-08-31,300540.SZ,调仓,4.21994884910486
2020-08-31,002342.SZ,调仓,-1.2232415902140636
2020-08-31,300475.SZ,买入,0.0
2020-08-31,002079.SZ,买入,0.0
2020-08-31,600256.SH,买入,0.0
2020-08-31,601939.SH,买入,0.0
2020-09-10,601328.SH,止损,-12.0
2020-09-10,603379.SH,止损,-12.277657266811293
2020-09-14,002580.SZ,调仓,4.770318021201403
2020-09-14,300475.SZ,调仓,20.239282153539385
2020-09-14,603002.SH,买入,0.0
2020-09-14,601328.SH,买入,0.0
2020-09-14,601766.SH,买入,0.0
2020-09-14,601166.SH,买入,0.0
2020-09-28,601111.SH,调仓,7.969924812030071
2020-09-28,002079.SZ,调仓,-9.973285841496004
2020-09-28,600596.SH,买入,0.0
2020-09-28,000100.SZ,买入,0.0
2020-09-28,000651.SZ,买入,0.0
2020-10-20,600256.SH,调仓,10.996563573883144
2020-10-20,603002.SH,调仓,-3.1894934333958735
2020-10-20,605358.SH,买入,0.0
2020-10-20,600547.SH,买入,0.0
2020-10-20,603379.SH,买入,0.0
2020-10-21,601816.SH,止损,-13.125000000000009
2020-11-03,000100.SZ,调仓,3.7520391517128937
2020-11-03,605358.SH,调仓,0.057208237986272614
2020-11-03,601088.SH,买入,0.0
2020-11-03,601991.SH,买入,0.0
2020-11-03,601958.SH,买入,0.0
2020-11-17,600596.SH,调仓,54.67289719626167
2020-11-17,600547.SH,调仓,-5.848179705654532
2020-11-17,603067.SH,买入,0.0
2020-11-17,600919.SH,买入,0.0
2020-12-01,601166.SH,调仓,33.99503722084367
2020-12-01,000651.SZ,调仓,26.74462466993588
2020-12-01,601816.SH,买入,0.0
2020-12-01,603662.SH,买入,0.0
2020-12-01,603698.SH,买入,0.0
2020-12-11,600869.SH,止损,-13.720930232558137
2020-12-15,601398.SH,调仓,0.6024096385542022
2020-12-15,601939.SH,调仓,3.70967741935484
2020-12-15,601088.SH,调仓,4.931669637552005
2020-12-15,603067.SH,调仓,-5.7342657342657315
2020-12-15,600487.SH,买入,0.0
2020-12-15,002741.SZ,买入,0.0
2020-12-15,601869.SH,买入,0.0
2020-12-15,600520.SH,买入,0.0
2020-12-29,603379.SH,调仓,-5.610724925521349
2020-12-29,601991.SH,调仓,6.222222222222218
2020-12-29,601958.SH,调仓,5.000000000000004
2020-12-29,002741.SZ,调仓,-7.271305707584053
2020-12-29,601869.SH,调仓,-3.2189600282985453
2020-12-29,002080.SZ,买入,0.0
2020-12-29,600176.SH,买入,0.0
2020-12-29,600919.SH,买入,0.0
2020-12-29,002558.SZ,买入,0.0
2021-01-06,600520.SH,止损,-13.907284768211914
2021-01-13,601985.SH,调仓,18.243243243243224
2021-01-13,601766.SH,调仓,23.92857142857143
2021-01-13,603698.SH,调仓,37.785588752196816
2021-01-13,002080.SZ,调仓,8.625792811839329
2021-01-13,600176.SH,调仓,14.747474747474731
2021-01-13,600919.SH,调仓,-0.18552875695732052
2021-01-13,300065.SZ,买入,0.0
2021-01-13,601398.SH,买入,0.0
2021-01-13,601939.SH,买入,0.0
2021-01-13,600010.SH,买入,0.0
2021-01-13,601975.SH,买入,0.0
2021-01-13,000651.SZ,买入,0.0
2021-01-25,300065.SZ,止损,-12.7299484915379
2021-01-27,002558.SZ,调仓,5.889281507656063
2021-01-27,600010.SH,调仓,2.6315789473684292
2021-01-27,600919.SH,买入,0.0
2021-01-27,603823.SH,买入,0.0
2021-01-27,600115.SH,买入,0.0
2021-01-27,600839.SH,买入,0.0
2021-01-29,600487.SH,止损,-12.756909992912824
2021-01-29,000651.SZ,止损,-13.277880468268643
2021-02-10,300005.SZ,买入,0.0
2021-02-10,600186.SH,买入,0.0
2021-02-10,601211.SH,买入,0.0
2021-03-03,600028.SH,调仓,10.396039603960405
2021-03-03,601939.SH,调仓,13.829787234042556
2021-03-03,603823.SH,调仓,4.112554112554112
2021-03-03,300005.SZ,调仓,9.597523219814242
2021-03-03,601688.SH,买入,0.0
2021-03-03,601991.SH,买入,0.0
2021-03-03,002957.SZ,买入,0.0
2021-03-03,000062.SZ,买入,0.0
2021-03-17,601816.SH,调仓,-1.7064846416382395
2021-03-17,600115.SH,调仓,20.264317180616743
2021-03-17,000062.SZ,调仓,6.085526315789469
2021-03-17,000783.SZ,买入,0.0
2021-03-17,600482.SH,买入,0.0
2021-03-17,002558.SZ,买入,0.0
2021-03-17,600909.SH,买入,0.0
2021-03-31,600919.SH,调仓,16.787003610108297
2021-03-31,601991.SH,调仓,19.91525423728815
2021-03-31,002131.SZ,买入,0.0
2021-03-31,603629.SH,买入,0.0
2021-03-31,000776.SZ,买入,0.0
2021-04-08,603629.SH,止损,-31.76164304310095
2021-04-15,601975.SH,调仓,-8.399999999999997
2021-04-15,002957.SZ,调仓,7.196162046908294
2021-04-15,002131.SZ,调仓,-8.163265306122437
2021-04-15,600707.SH,买入,0.0
2021-04-15,000063.SZ,买入,0.0
2021-04-15,688266.SH,买入,0.0
2021-04-29,601211.SH,调仓,4.414469650521169
2021-04-29,002558.SZ,调仓,-4.905913978494625
2021-04-29,600707.SH,调仓,2.9807692307692424
2021-04-29,000063.SZ,调仓,5.3030303030303205
2021-04-29,000425.SZ,买入,0.0
2021-04-29,600888.SH,买入,0.0
2021-04-29,600673.SH,买入,0.0
2021-04-29,601939.SH,买入,0.0
2021-05-18,600839.SH,调仓,12.35955056179776
2021-05-18,601688.SH,调仓,-5.39443155452436
2021-05-18,000783.SZ,调仓,4.95750708215299
2021-05-18,000425.SZ,调仓,0.14084507042253502
2021-05-18,600888.SH,调仓,1.1666666666666714
2021-05-18,601975.SH,买入,0.0
2021-05-18,300174.SZ,买入,0.0
2021-05-18,603115.SH,买入,0.0
2021-05-18,000988.SZ,买入,0.0
2021-06-01,601857.SH,调仓,9.027777777777768
2021-06-01,600909.SH,调仓,-5.182926829268286
2021-06-01,000776.SZ,调仓,1.4677728142948432
2021-06-01,688266.SH,调仓,42.81211696725617
2021-06-01,600673.SH,调仓,-4.801670146137793
2021-06-01,603115.SH,调仓,-8.789808917197451
2021-06-01,300720.SZ,买入,0.0
2021-06-01,603379.SH,买入,0.0
2021-06-01,600011.SH,买入,0.0
2021-06-01,601985.SH,买入,0.0
2021-06-01,603031.SH,买入,0.0
2021-06-08,300720.SZ,止损,-48.26168224299066
2021-06-11,601988.SH,止损,-12.250712250712247
2021-06-16,300174.SZ,调仓,7.255304585900069
2021-06-16,300657.SZ,买入,0.0
2021-06-16,601988.SH,买入,0.0
2021-06-16,002565.SZ,买入,0.0
2021-06-16,300401.SZ,买入,0.0
2021-06-30,600186.SH,调仓,12.977099236641209
2021-06-30,000988.SZ,调仓,17.131474103585663
2021-06-30,603379.SH,调仓,11.302795954788824
2021-06-30,300657.SZ,调仓,7.75588048315321
2021-06-30,600909.SH,买入,0.0
2021-06-30,603115.SH,买入,0.0
2021-06-30,603268.SH,买入,0.0
2021-06-30,601611.SH,买入,0.0
2021-07-05,603662.SH,止损,-31.26750700280112
2021-07-14,601288.SH,止损,-12.058823529411756
2021-07-14,603031.SH,调仓,1.9274376417233396
2021-07-14,603268.SH,调仓,9.483960948396097
2021-07-14,600460.SH,买入,0.0
2021-07-14,300339.SZ,买入,0.0
2021-07-14,001896.SZ,买入,0.0
2021-07-14,601288.SH,买入,0.0
2021-07-15,601939.SH,止损,-12.80575539568346
2021-07-23,001896.SZ,止损,-14.338235294117641
2021-07-26,300339.SZ,止损,-19.61274203622736
2021-07-28,601975.SH,止损,-12.107623318385652
2021-07-28,002565.SZ,止损,-15.228426395939088
2021-07-28,603115.SH,调仓,16.342692584593223
2021-07-28,600460.SH,调仓,7.8678074148632815
2021-07-28,600028.SH,买入,0.0
2021-07-28,601816.SH,买入,0.0
2021-07-28,000783.SZ,买入,0.0
2021-07-28,601975.SH,买入,0.0
2021-07-28,601991.SH,买入,0.0
2021-08-11,601857.SH,买入,0.0
2021-08-11,300442.SZ,买入,0.0
2021-08-11,603031.SH,买入,0.0
2021-08-25,600011.SH,调仓,28.297362110311752
2021-08-25,300401.SZ,调仓,19.191118160190324
2021-08-25,601611.SH,调仓,17.728531855955687
2021-08-25,601088.SH,买入,0.0
2021-08-25,603687.SH,买入,0.0
2021-08-25,002131.SZ,买入,0.0
2021-09-08,600482.SH,调仓,14.388059701492528
2021-09-08,601985.SH,调仓,25.338491295938105
2021-09-08,601991.SH,调仓,29.28870292887027
2021-09-08,603031.SH,调仓,26.656848306332837
2021-09-08,603687.SH,调仓,20.187165775401073
2021-09-08,002131.SZ,调仓,19.999999999999996
2021-09-08,002515.SZ,买入,0.0
2021-09-08,002432.SZ,买入,0.0
2021-09-08,601939.SH,买入,0.0
2021-09-08,600489.SH,买入,0.0
2021-09-08,600115.SH,买入,0.0
2021-09-17,300442.SZ,止损,-14.226375908618905
2021-09-24,000783.SZ,调仓,15.62043795620438
2021-09-24,601975.SH,调仓,11.22448979591837
2021-09-24,601857.SH,调仓,29.50108459869847
2021-09-24,601088.SH,调仓,21.531631520532745
2021-09-24,002515.SZ,调仓,-4.212454212454208
2021-09-24,600489.SH,调仓,-5.672969966629582
2021-09-24,002655.SZ,买入,0.0
2021-09-24,002559.SZ,买入,0.0
2021-09-24,688183.SH,买入,0.0
2021-09-24,002422.SZ,买入,0.0
2021-09-24,603516.SH,买入,0.0
2021-09-24,300442.SZ,买入,0.0
2021-10-15,600028.SH,调仓,11.05527638190955
2021-10-15,600115.SH,调仓,1.6096579476861272
2021-10-15,002655.SZ,调仓,-5.633802816901401
2021-10-15,002559.SZ,调仓,-4.9397590361445864
2021-10-15,300442.SZ,调仓,5.14945993468976
2021-10-15,600877.SH,买入,0.0
2021-10-15,600895.SH,买入,0.0
2021-10-15,688578.SH,买入,0.0
2021-10-15,688266.SH,买入,0.0
2021-10-15,688181.SH,买入,0.0
2021-10-15,300174.SZ,买入,0.0
2021-10-18,002432.SZ,止损,-12.894375857338824
2021-10-28,603516.SH,止损,-12.452419793365955
2021-10-29,600877.SH,调仓,8.445945945945944
2021-10-29,688181.SH,调仓,-3.703703703703709
2021-10-29,601766.SH,买入,0.0
2021-10-29,600919.SH,买入,0.0
2021-10-29,000703.SZ,买入,0.0
2021-10-29,000034.SZ,买入,0.0
2021-10-29,600999.SH,买入,0.0
2021-11-08,600895.SH,止损,-13.376546847377725
2021-11-12,688578.SH,调仓,30.396004281127343
2021-11-12,688266.SH,调仓,2.7297964219617388
2021-11-12,300174.SZ,调仓,4.374999999999996
2021-11-12,300438.SZ,买入,0.0
2021-11-12,601138.SH,买入,0.0
2021-11-12,600839.SH,买入,0.0
2021-11-12,000977.SZ,买入,0.0
2021-11-12,601975.SH,买入,0.0
2021-11-26,600919.SH,调仓,-5.564387917329084
2021-11-26,300438.SZ,调仓,16.213151927437643
2021-11-26,000977.SZ,调仓,4.37420178799488
2021-11-26,000783.SZ,买入,0.0
2021-11-26,601336.SH,买入,0.0
2021-11-26,600498.SH,买入,0.0
2021-11-26,600028.SH,买入,0.0
2021-12-10,688183.SH,调仓,5.944319036869827
2021-12-10,600839.SH,调仓,13.240418118466902
2021-12-10,002943.SZ,买入,0.0
2021-12-10,002142.SZ,买入,0.0
2021-12-10,603078.SH,买入,0.0
2021-12-24,000034.SZ,调仓,5.637583892617459
2021-12-24,002142.SZ,调仓,-3.2997481108312354
2021-12-24,603078.SH,调仓,-2.8809441166261607
2021-12-24,600900.SH,买入,0.0
2021-12-24,600547.SH,买入,0.0
2021-12-24,600352.SH,买入,0.0
2022-01-10,600900.SH,调仓,0.13410818059900187
2022-01-10,002943.SZ,买入,0.0
2022-01-10,600489.SH,买入,0.0
2022-01-17,002943.SZ,止损,-14.611419508326717
2022-01-24,002422.SZ,调仓,3.7479630635524286
2022-01-24,600667.SH,买入,0.0
2022-01-24,600895.SH,买入,0.0
2022-02-14,601975.SH,调仓,4.615384615384621
2022-02-14,601336.SH,调仓,3.8632210910989118
2022-02-14,600498.SH,调仓,-5.120990433314576
2022-02-14,600547.SH,调仓,7.481162540365993
2022-02-14,600030.SH,买入,0.0
2022-02-14,000725.SZ,买入,0.0
2022-02-14,600900.SH,买入,0.0
2022-02-28,600489.SH,调仓,4.9219687875150075
2022-02-28,600667.SH,调仓,3.346203346203347
2022-02-28,600895.SH,调仓,-5.449591280653943
2022-02-28,600030.SH,调仓,-5.927419354838714
2022-02-28,600887.SH,买入,0.0
2022-02-28,002203.SZ,买入,0.0
2022-02-28,600482.SH,买入,0.0
2022-03-07,000703.SZ,止损,-15.799086757990855
2022-03-08,600909.SH,止损,-13.105924596050277
2022-03-08,000725.SZ,止损,-12.373225152129807
2022-03-09,600999.SH,止损,-14.685314685314687
2022-03-09,000783.SZ,止损,-14.502762430939221
2022-03-11,601138.SH,止损,-12.286689419795227
2022-03-14,000970.SZ,买入,0.0
2022-03-14,601138.SH,买入,0.0
2022-03-14,000700.SZ,买入,0.0
2022-03-14,000651.SZ,买入,0.0
2022-03-15,601766.SH,止损,-12.962962962962965
2022-03-15,600352.SH,止损,-16.82769726247987
2022-03-15,002203.SZ,止损,-14.380165289256198
2022-03-15,600482.SH,止损,-12.444690265486713
2022-03-28,601816.SH,调仓,-3.8775510204081765
2022-03-28,600887.SH,调仓,-8.83097165991903
2022-03-28,000970.SZ,调仓,1.0126582278481067
2022-03-28,000063.SZ,买入,0.0
2022-03-28,603629.SH,买入,0.0
2022-03-28,688257.SH,买入,0.0
2022-03-28,300442.SZ,买入,0.0
2022-03-28,600877.SH,买入,0.0
2022-03-28,688090.SH,买入,0.0
2022-04-08,600877.SH,止损,-13.169319826338644
2022-04-11,688257.SH,止损,-12.309582309582323
2022-04-13,000703.SZ,买入,0.0
2022-04-13,688336.SH,买入,0.0
2022-04-13,002126.SZ,买入,0.0
2022-04-13,601233.SH,买入,0.0
2022-04-21,000063.SZ,止损,-12.3138832997988
2022-04-21,603629.SH,止损,-13.345864661654138
2022-04-25,000700.SZ,止损,-14.28571428571429
2022-04-25,688090.SH,止损,-15.34545454545454
2022-04-25,000703.SZ,止损,-13.325471698113212
2022-04-25,688336.SH,止损,-14.988151658767768
2022-04-25,601233.SH,止损,-17.087492660011748
2022-04-27,002126.SZ,调仓,-6.4056939501779375
2022-04-27,300548.SZ,买入,0.0
2022-04-27,600887.SH,买入,0.0
2022-04-27,603757.SH,买入,0.0
2022-04-27,601211.SH,买入,0.0
2022-04-27,601766.SH,买入,0.0
2022-05-13,300548.SZ,止损,-28.15934065934066
2022-05-16,300442.SZ,调仓,1.5269025690741733
2022-05-16,601816.SH,买入,0.0
2022-05-16,601318.SH,买入,0.0
2022-05-16,300308.SZ,买入,0.0
2022-05-16,002142.SZ,买入,0.0
2022-05-30,000651.SZ,调仓,-3.602785346654558
2022-05-30,603757.SH,调仓,5.799256505576222
2022-05-30,300308.SZ,调仓,0.09448818897637157
2022-05-30,600482.SH,买入,0.0
2022-05-30,600352.SH,买入,0.0
2022-05-30,688336.SH,买入,0.0
2022-06-14,601816.SH,调仓,3.31125827814569
2022-06-14,002142.SZ,调仓,0.6259314456035892
2022-06-14,688336.SH,调仓,7.318789584799434
2022-06-14,000425.SZ,买入,0.0
2022-06-14,000651.SZ,买入,0.0
2022-06-14,600489.SH,买入,0.0
2022-06-28,000551.SZ,买入,0.0
2022-06-28,600531.SH,买入,0.0
2022-07-12,600063.SH,买入,0.0
2022-07-13,601398.SH,止损,-12.648221343873512
2022-07-26,600482.SH,调仓,4.5396419437340185
2022-07-26,600531.SH,调仓,-2.3853211009174258
2022-07-26,300442.SZ,买入,0.0
2022-07-26,300475.SZ,买入,0.0
2022-08-03,601939.SH,止损,-12.700964630225087
2022-08-09,000551.SZ,调仓,6.711409395973145
2022-08-09,600063.SH,调仓,18.982118294360404
2022-08-09,300442.SZ,调仓,5.401301518438184
2022-08-09,300475.SZ,调仓,8.346374543557623
2022-08-09,601398.SH,买入,0.0
2022-08-09,601939.SH,买入,0.0
2022-08-09,601857.SH,买入,0.0
2022-08-23,002552.SZ,买入,0.0
2022-08-23,600115.SH,买入,0.0
2022-09-02,600887.SH,止损,-13.076923076923086
2022-09-06,300442.SZ,买入,0.0
2022-09-19,601138.SH,止损,-12.671905697445961
2022-09-19,600352.SH,止损,-12.866603595080406
2022-09-19,002552.SZ,止损,-12.268102932375823
2022-09-21,600352.SH,买入,0.0
2022-09-21,601138.SH,买入,0.0
2022-09-29,300442.SZ,止损,-12.133620689655167
2022-10-12,600489.SH,调仓,0.0
2022-10-12,601857.SH,调仓,1.9607843137255054
2022-10-12,600887.SH,买入,0.0
2022-10-12,603588.SH,买入,0.0
2022-10-24,601318.SH,止损,-13.053505535055344
2022-10-26,600115.SH,调仓,4.979253112033177
2022-10-26,601688.SH,买入,0.0
2022-10-26,600999.SH,买入,0.0
2022-10-28,600887.SH,止损,-20.515970515970526
2022-11-09,000651.SZ,调仓,-4.361567635903918
2022-11-09,603588.SH,调仓,-0.19047619047618536
2022-11-09,600110.SH,买入,0.0
2022-11-09,600900.SH,买入,0.0
2022-11-23,600110.SH,调仓,-0.21834061135370675
2022-11-23,600900.SH,调仓,6.163021868787277
2022-11-23,300323.SZ,买入,0.0
2022-11-23,300442.SZ,买入,0.0
2022-11-23,300308.SZ,买入,0.0
2022-12-07,601766.SH,调仓,8.2995951417004
2022-12-07,601688.SH,调仓,10.116086235489208
2022-12-07,300323.SZ,调仓,1.388888888888884
2022-12-07,601016.SH,买入,0.0
2022-12-07,600157.SH,买入,0.0
2022-12-07,600839.SH,买入,0.0
2022-12-21,601016.SH,调仓,-8.5995085995086
2022-12-21,000975.SZ,买入,0.0
2022-12-21,300502.SZ,买入,0.0
2023-01-05,300308.SZ,调仓,-1.6129032258064502
2023-01-05,000975.SZ,调仓,5.827937095282132
2023-01-05,600301.SH,买入,0.0
2023-01-05,000630.SZ,买入,0.0
2023-01-19,300442.SZ,调仓,6.239015817223192
2023-01-19,000630.SZ,调仓,15.73770491803279
2023-01-19,600961.SH,买入,0.0
2023-01-19,601766.SH,买入,0.0
2023-02-09,600999.SH,调仓,12.619808306709256
2023-02-09,300502.SZ,调仓,35.88110403397027
2023-02-09,600301.SH,调仓,32.333577176298455
2023-02-09,600961.SH,调仓,6.829896907216493
2023-02-09,601985.SH,买入,0.0
2023-02-09,601857.SH,买入,0.0
2023-02-09,601179.SH,买入,0.0
2023-02-23,601138.SH,调仓,10.857142857142854
2023-02-23,600839.SH,调仓,11.46953405017921
2023-02-23,600378.SH,买入,0.0
2023-02-23,601816.SH,买入,0.0
2023-02-23,301196.SZ,买入,0.0
2023-03-09,600352.SH,调仓,9.698275862068972
2023-03-09,601766.SH,调仓,18.893129770992378
2023-03-09,600378.SH,调仓,-1.7204301075268713
2023-03-09,601816.SH,调仓,4.073319755600813
2023-03-09,600900.SH,买入,0.0
2023-03-09,001896.SZ,买入,0.0
2023-03-09,002203.SZ,买入,0.0
2023-03-23,600028.SH,调仓,39.364303178484114
2023-03-23,601857.SH,调仓,11.605415860735002
2023-03-23,601179.SH,调仓,13.374485596707796
2023-03-23,601166.SH,买入,0.0
2023-03-23,600919.SH,买入,0.0
2023-03-23,000783.SZ,买入,0.0
2023-03-23,002001.SZ,买入,0.0
2023-04-07,601985.SH,调仓,9.151414309484185
2023-04-07,001896.SZ,调仓,-7.4747474747474785
2023-04-07,600887.SH,买入,0.0
2023-04-07,600309.SH,买入,0.0
2023-04-07,600352.SH,买入,0.0
2023-04-21,600309.SH,调仓,-2.611625947767471
2023-04-21,600352.SH,调仓,3.4895314057826754
2023-04-21,002202.SZ,买入,0.0
2023-04-21,601016.SH,买入,0.0
2023-05-10,601328.SH,调仓,28.354978354978357
2023-05-10,601988.SH,调仓,39.482200647249186
2023-05-10,601288.SH,调仓,20.735785953177242
2023-05-10,601398.SH,调仓,15.89861751152075
2023-05-10,601939.SH,调仓,20.58287795992715
2023-05-10,000783.SZ,调仓,9.677419354838701
2023-05-10,002714.SZ,买入,0.0
2023-05-10,600549.SH,买入,0.0
2023-05-10,605006.SH,买入,0.0
2023-05-10,300401.SZ,买入,0.0
2023-05-10,600186.SH,买入,0.0
2023-05-24,600887.SH,调仓,2.951269732326689
2023-05-24,002714.SZ,调仓,-7.13978494623656
2023-05-24,600549.SH,调仓,-2.417695473251036
2023-05-24,601678.SH,买入,0.0
2023-05-24,001696.SZ,买入,0.0
2023-05-24,603155.SH,买入,0.0
2023-05-24,002842.SZ,买入,0.0
2023-05-30,002001.SZ,止损,-12.99943725379853
2023-06-07,600186.SH,调仓,-1.041666666666663
2023-06-07,603155.SH,调仓,3.348554033485529
2023-06-07,600352.SH,买入,0.0
2023-06-07,603002.SH,买入,0.0
2023-06-07,600909.SH,买入,0.0
2023-06-08,600157.SH,止损,-12.269938650306745
2023-06-21,001696.SZ,调仓,1.8018018018018056
2023-06-21,600999.SH,买入,0.0
2023-06-21,000776.SZ,买入,0.0
2023-06-21,600887.SH,买入,0.0
2023-07-07,002842.SZ,调仓,3.8140643623361115
2023-07-07,603002.SH,调仓,0.7920792079207928
2023-07-07,300319.SZ,买入,0.0
2023-07-07,600516.SH,买入,0.0
2023-07-21,301196.SZ,调仓,-0.6433566433566296
2023-07-21,300319.SZ,调仓,2.350176263219761
2023-07-21,600516.SH,调仓,-4.480000000000006
2023-07-21,300346.SZ,买入,0.0
2023-07-21,600888.SH,买入,0.0
2023-07-21,002001.SZ,买入,0.0
2023-08-04,601211.SH,调仓,10.724233983286924
2023-08-04,600909.SH,调仓,21.205821205821216
2023-08-04,600999.SH,调仓,13.970588235294112
2023-08-04,000776.SZ,调仓,14.140040788579178
2023-08-04,600887.SH,调仓,-1.7013888888888995
2023-08-04,300346.SZ,调仓,1.018135539293663
2023-08-04,688469.SH,买入,0.0
2023-08-04,300255.SZ,买入,0.0
2023-08-04,600063.SH,买入,0.0
2023-08-04,002342.SZ,买入,0.0
2023-08-18,300401.SZ,调仓,-5.298013245033117
2023-08-18,300255.SZ,调仓,0.3968253968253954
2023-08-18,600063.SH,调仓,-6.17059891107078
2023-08-18,603588.SH,买入,0.0
2023-08-18,002552.SZ,买入,0.0
2023-08-18,601611.SH,买入,0.0
2023-08-18,600887.SH,买入,0.0
2023-08-23,601016.SH,止损,-13.28125
2023-08-24,002202.SZ,止损,-13.211009174311917
2023-08-24,605006.SH,止损,-12.158808933002485
2023-09-01,688469.SH,调仓,-1.7605633802816878
2023-09-01,002552.SZ,调仓,1.400862068965525
2023-09-01,601611.SH,调仓,-4.645161290322585
2023-09-01,603031.SH,买入,0.0
2023-09-01,600938.SH,买入,0.0
2023-09-01,601939.SH,买入,0.0
2023-09-01,603601.SH,买入,0.0
2023-09-01,600516.SH,买入,0.0
2023-09-15,603588.SH,调仓,-5.273833671399586
2023-09-15,601328.SH,买入,0.0
2023-09-15,601988.SH,买入,0.0
2023-09-15,601288.SH,买入,0.0
2023-10-09,601678.SH,调仓,-5.394190871369309
2023-10-09,603601.SH,调仓,-3.7117903930131035
2023-10-09,601398.SH,买入,0.0
2023-10-09,002432.SZ,买入,0.0
2023-10-23,600888.SH,止损,-12.222222222222213
2023-10-23,600999.SH,买入,0.0
2023-10-23,601211.SH,买入,0.0
2023-11-02,002203.SZ,止损,-14.590163934426226
2023-11-06,600938.SH,调仓,-1.8276762402088642
2023-11-06,601939.SH,调仓,3.3333333333333437
2023-11-06,600516.SH,调仓,1.2027491408934665
2023-11-06,600157.SH,买入,0.0
2023-11-06,600690.SH,买入,0.0
2023-11-06,600406.SH,买入,0.0
2023-11-14,601166.SH,止损,-12.744516893894486
2023-11-20,603031.SH,调仓,-0.3641816623821792
2023-11-20,601328.SH,调仓,3.539823008849541
2023-11-20,601611.SH,买入,0.0
2023-11-20,601016.SH,买入,0.0
2023-11-20,601919.SH,买入,0.0
2023-12-04,002432.SZ,调仓,-0.05377789728420179
2023-12-04,600157.SH,调仓,2.9197080291970767
2023-12-04,600690.SH,调仓,-6.015037593984962
2023-12-04,603920.SH,买入,0.0
2023-12-04,601816.SH,买入,0.0
2023-12-04,000776.SZ,买入,0.0
2023-12-18,002342.SZ,调仓,0.7109004739336511
2023-12-18,601919.SH,调仓,10.041407867494833
2023-12-18,603920.SH,调仓,-0.893854748603351
2023-12-18,000651.SZ,买入,0.0
2023-12-18,600516.SH,买入,0.0
2023-12-18,601939.SH,买入,0.0
2024-01-02,000651.SZ,调仓,-3.4368405185408513
2024-01-02,600516.SH,调仓,-5.072463768115931
2024-01-02,000703.SZ,买入,0.0
2024-01-02,601328.SH,买入,0.0
2024-01-08,600352.SH,止损,-12.633832976445392
2024-01-16,601766.SH,买入,0.0
2024-01-16,600362.SH,买入,0.0
2024-01-22,601611.SH,止损,-13.276836158192095
2024-01-22,601016.SH,止损,-13.650793650793647
2024-01-30,601166.SH,买入,0.0
2024-01-30,600036.SH,买入,0.0
2024-02-21,000703.SZ,调仓,5.530642750373671
2024-02-21,600690.SH,买入,0.0
2024-03-06,000651.SZ,买入,0.0
2024-03-20,601766.SH,调仓,20.373831775700957
2024-03-20,600362.SH,调仓,25.31645569620251
2024-03-20,600352.SH,买入,0.0
2024-04-03,600690.SH,调仓,9.517871986699934
2024-04-03,603031.SH,买入,0.0
2024-04-12,603031.SH,止损,-15.973971452560875
2024-04-19,601919.SH,买入,0.0
2024-05-08,600919.SH,调仓,12.447552447552424
2024-05-08,600226.SH,买入,0.0
2024-05-22,600406.SH,调仓,-0.8826125330979706
2024-05-22,601919.SH,调仓,27.504553734061933
2024-05-22,600157.SH,买入,0.0
2024-05-22,002415.SZ,买入,0.0
2024-06-05,600226.SH,止损,-12.851405622489976
2024-06-05,600036.SH,调仓,9.64516129032258
2024-06-05,600028.SH,买入,0.0
2024-06-05,600989.SH,买入,0.0
2024-06-06,000776.SZ,止损,-13.236313236313235
2024-06-20,601211.SH,调仓,-0.4946996466431153
2024-06-20,601328.SH,调仓,24.221453287197225
2024-06-20,600115.SH,买入,0.0
2024-06-20,603379.SH,买入,0.0
2024-06-20,000776.SZ,买入,0.0
2024-06-24,600157.SH,止损,-12.87878787878789
2024-07-04,600352.SH,调仓,1.0563380281690016
2024-07-04,600989.SH,调仓,6.127450980392157
2024-07-04,603379.SH,调仓,-2.4402907580477806
2024-07-04,601318.SH,买入,0.0
2024-07-04,000001.SZ,买入,0.0
2024-07-04,601111.SH,买入,0.0
2024-07-18,600919.SH,买入,0.0
2024-07-30,002415.SZ,止损,-13.200121102028461
2024-08-01,002001.SZ,调仓,32.5107958050586
2024-08-01,000651.SZ,调仓,1.2462612163509412
2024-08-01,601211.SH,买入,0.0
2024-08-01,600406.SH,买入,0.0
2024-08-15,601016.SH,买入,0.0
2024-08-20,600887.SH,止损,-12.653061224489793
2024-08-29,600028.SH,调仓,9.74440894568691
2024-08-29,000651.SZ,买入,0.0
2024-08-29,600726.SH,买入,0.0
2024-09-12,601988.SH,调仓,25.135135135135123
2024-09-12,601288.SH,调仓,29.106628242074926
2024-09-12,601398.SH,调仓,18.62955032119915
2024-09-12,601939.SH,调仓,10.436137071651096
2024-09-12,600919.SH,调仓,-4.430379746835444
2024-09-12,601678.SH,买入,0.0
2024-09-12,000970.SZ,买入,0.0
2024-09-12,002001.SZ,买入,0.0
2024-09-12,601628.SH,买入,0.0
2024-09-19,601111.SH,止损,-12.027972027972034
2024-09-30,600999.SH,调仓,42.731277533039666
2024-09-30,000776.SZ,调仓,33.70696557245796
2024-09-30,601318.SH,调仓,35.99333015721775
2024-09-30,601016.SH,调仓,10.77441077441077
2024-09-30,601678.SH,调仓,29.46708463949843
2024-09-30,600150.SH,买入,0.0
2024-09-30,600919.SH,买入,0.0
2024-09-30,000333.SZ,买入,0.0
2024-09-30,601126.SH,买入,0.0
2024-09-30,600352.SH,买入,0.0
2024-09-30,000887.SZ,买入,0.0
2024-10-21,000001.SZ,调仓,15.107212475633535
2024-10-21,601628.SH,调仓,29.314420803782482
2024-10-21,600150.SH,调仓,-6.4639693559971345
2024-10-21,601288.SH,买入,0.0
2024-10-21,601988.SH,买入,0.0
2024-10-21,601398.SH,买入,0.0
2024-10-21,601899.SH,买入,0.0
2024-11-04,600726.SH,调仓,19.90049751243783
2024-11-04,000970.SZ,调仓,30.635118306351195
2024-11-04,600520.SH,买入,0.0
2024-11-04,603991.SH,买入,0.0
2024-11-04,600096.SH,买入,0.0
2024-11-04,601939.SH,买入,0.0
2024-11-12,601899.SH,止损,-12.294182217343575
2024-11-15,601126.SH,止损,-12.6
2024-11-18,600520.SH,止损,-12.614445574771116
2024-11-18,603991.SH,止损,-12.434623430962343
2024-11-18,601328.SH,买入,0.0
2024-11-18,600026.SH,买入,0.0
2024-11-18,601857.SH,买入,0.0
2024-12-02,600028.SH,买入,0.0
2024-12-02,600938.SH,买入,0.0
2024-12-16,601816.SH,调仓,22.637795275590555
2024-12-16,000887.SZ,调仓,-5.010737294201872
2024-12-16,000001.SZ,买入,0.0
2024-12-16,603757.SH,买入,0.0
2024-12-20,600026.SH,止损,-12.586872586872577
2024-12-30,600115.SH,调仓,3.5532994923857864
2024-12-30,601857.SH,调仓,10.42944785276072
2024-12-30,600938.SH,调仓,12.252663622526638
2024-12-30,603757.SH,调仓,-5.391467416783868
2024-12-30,300420.SZ,买入,0.0
2024-12-30,601958.SH,买入,0.0
2024-12-30,600459.SH,买入,0.0
2025-01-14,300420.SZ,调仓,-4.024767801857587
2025-01-14,600887.SH,买入,0.0
2025-01-14,600346.SH,买入,0.0
2025-02-05,600096.SH,调仓,-4.164877629884067
2025-02-05,002432.SZ,买入,0.0
2025-02-05,601816.SH,买入,0.0
2025-02-19,601988.SH,调仓,11.717171717171727
2025-02-19,601398.SH,调仓,14.448051948051944
2025-02-19,601939.SH,调仓,8.663366336633649
2025-02-19,002432.SZ,调仓,11.73042817329617
2025-02-19,601211.SH,买入,0.0
2025-02-19,600063.SH,买入,0.0
2025-02-19,601117.SH,买入,0.0
2025-03-05,000333.SZ,调仓,-5.666579016565876
2025-03-05,601975.SH,买入,0.0
2025-03-05,600256.SH,买入,0.0
2025-03-07,600352.SH,止损,-12.072243346007605
2025-03-19,600887.SH,调仓,-0.03490401396160081
2025-03-19,600346.SH,调仓,4.521276595744683
2025-03-19,601211.SH,调仓,0.9670079635950124
2025-03-19,600063.SH,调仓,12.082262210796912
2025-03-19,600114.SH,买入,0.0
2025-03-19,688037.SH,买入,0.0
2025-03-19,601016.SH,买入,0.0
2025-03-26,600114.SH,止损,-14.893617021276595
2025-04-02,002001.SZ,调仓,18.56835306781488
2025-04-02,600256.SH,调仓,0.3278688524590345
2025-04-02,601016.SH,调仓,-4.516129032258065
2025-04-02,601398.SH,买入,0.0
2025-04-02,000703.SZ,买入,0.0
2025-04-02,600888.SH,买入,0.0
2025-04-02,601857.SH,买入,0.0
2025-04-07,600028.SH,止损,-14.738510301109342
2025-04-17,601958.SH,调仓,-5.576923076923079
2025-04-17,601975.SH,调仓,-10.197368421052634
2025-04-17,688037.SH,调仓,-3.819973585289038
2025-04-17,601857.SH,调仓,-2.2031823745410017
2025-04-17,601939.SH,买入,0.0
2025-04-17,600887.SH,买入,0.0
2025-04-17,600346.SH,买入,0.0
2025-04-17,601988.SH,买入,0.0
2025-05-06,600459.SH,调仓,-4.406538734896948
2025-05-06,600888.SH,调仓,-7.015130674002745
2025-05-06,601985.SH,买入,0.0
2025-05-06,601066.SH,买入,0.0
2025-05-06,601318.SH,买入,0.0
2025-05-20,600919.SH,调仓,27.500000000000014
2025-05-20,601288.SH,调仓,15.082644628099185
2025-05-20,601117.SH,调仓,9.305555555555545
2025-05-20,601398.SH,调仓,4.087591240875921
2025-05-20,601939.SH,调仓,0.8810572687224738
2025-05-20,601988.SH,调仓,-0.8833922261484051
2025-05-20,002515.SZ,买入,0.0
2025-05-20,000333.SZ,买入,0.0
2025-05-20,000792.SZ,买入,0.0
2025-05-20,601958.SH,买入,0.0
2025-05-20,002001.SZ,买入,0.0
2025-06-04,601166.SH,调仓,50.92651757188498
2025-06-04,601066.SH,调仓,-0.3841229193341844
2025-06-04,601318.SH,调仓,5.826771653543306
2025-06-04,002515.SZ,调仓,8.960573476702516
2025-06-04,600888.SH,买入,0.0
2025-06-04,002415.SZ,买入,0.0
2025-06-04,601016.SH,买入,0.0
2025-06-04,600157.SH,买入,0.0
2025-06-04,601398.SH,买入,0.0
2025-06-18,000333.SZ,调仓,-8.351341044870985
2025-06-18,603019.SH,买入,0.0
2025-06-18,300327.SZ,买入,0.0
2025-06-18,300672.SZ,买入,0.0
2025-07-02,000001.SZ,调仓,6.482281763180642
2025-07-02,601958.SH,调仓,12.3
2025-07-02,603019.SH,调仓,1.3056379821958286
2025-07-02,300672.SZ,调仓,5.000000000000004
2025-07-02,300046.SZ,买入,0.0
2025-07-02,000725.SZ,买入,0.0
2025-07-02,601766.SH,买入,0.0
2025-07-16,601328.SH,调仓,10.013717421124824
2025-07-16,000792.SZ,调仓,8.312342569269514
2025-07-16,600157.SH,调仓,2.962962962962945
2025-07-16,300046.SZ,调仓,-3.2547169811320664
2025-07-16,600962.SH,买入,0.0
2025-07-16,688352.SH,买入,0.0
2025-07-16,600352.SH,买入,0.0
2025-07-16,601888.SH,买入,0.0
2025-07-30,600406.SH,调仓,-7.5630252100840405
2025-07-30,600346.SH,调仓,5.781865965834432
2025-07-30,002001.SZ,调仓,0.39630118890356947
2025-07-30,600888.SH,调仓,6.451612903225801
2025-07-30,601016.SH,调仓,4.081632653061229
2025-07-30,300327.SZ,调仓,7.4875207986688785
2025-07-30,601766.SH,调仓,6.647807637906644
2025-07-30,600962.SH,调仓,-7.211538461538458
2025-07-30,601888.SH,调仓,8.389206868356514
2025-07-30,600026.SH,买入,0.0
2025-07-30,601872.SH,买入,0.0
2025-07-30,688548.SH,买入,0.0
2025-07-30,603288.SH,买入,0.0
2025-07-30,600520.SH,买入,0.0
2025-07-30,603031.SH,买入,0.0
2025-07-30,688584.SH,买入,0.0
2025-08-13,000703.SZ,调仓,-0.6644518272425071
2025-08-13,002415.SZ,调仓,4.495575221238934
2025-08-13,688548.SH,调仓,13.690476190476208
2025-08-13,603031.SH,调仓,21.17952522255193
2025-08-13,688584.SH,调仓,43.3734939759036
2025-08-13,001267.SZ,买入,0.0
2025-08-13,600036.SH,买入,0.0
2025-08-13,600938.SH,买入,0.0
2025-08-13,600115.SH,买入,0.0
2025-08-13,300219.SZ,买入,0.0
2025-08-13,002432.SZ,买入,0.0
2025-08-27,600026.SH,调仓,2.250489236790587
2025-08-27,601872.SH,调仓,5.186385737439236
2025-08-27,001267.SZ,调仓,-3.6023054755043193
2025-08-27,002432.SZ,调仓,-0.07500000000000284
2025-08-27,600150.SH,买入,0.0
2025-08-27,601088.SH,买入,0.0
2025-08-27,600406.SH,买入,0.0
2025-08-27,600256.SH,买入,0.0
2025-08-27,601166.SH,买入,0.0
2025-09-10,600520.SH,调仓,-1.0291595197255532
2025-09-10,600150.SH,调仓,3.9408866995073843
2025-09-10,601088.SH,调仓,-0.15694480774259834
2025-09-10,688347.SH,买入,0.0
2025-09-10,000333.SZ,买入,0.0
2025-09-10,601939.SH,买入,0.0
2025-09-10,600028.SH,买入,0.0
2025-09-24,688352.SH,调仓,14.398595258999114
2025-09-24,600115.SH,调仓,4.6511627906976605
2025-09-24,300219.SZ,调仓,14.835948644793163
2025-09-24,688347.SH,调仓,25.00732064421669
2025-09-24,000001.SZ,买入,0.0
2025-09-24,601088.SH,买入,0.0
2025-09-24,601766.SH,买入,0.0
2025-09-24,000338.SZ,买入,0.0
2025-10-09,601166.SH,止损,-12.577777777777765
2025-10-16,002962.SZ,买入,0.0
2025-10-16,601988.SH,买入,0.0
2025-10-16,600707.SH,买入,0.0
2025-10-30,600406.SH,调仓,10.636363636363644
2025-10-30,002185.SZ,买入,0.0
2025-10-30,601133.SH,买入,0.0
2025-11-13,600938.SH,调仓,11.85328185328185
2025-11-13,000338.SZ,调仓,27.118644067796605
2025-11-13,002185.SZ,调仓,-3.667481662591676
2025-11-13,601133.SH,调仓,5.442729488220954
2025-11-13,002142.SZ,买入,0.0
2025-11-13,601328.SH,买入,0.0
2025-11-13,601919.SH,买入,0.0
2025-11-27,601066.SH,买入,0.0
2025-11-27,600999.SH,买入,0.0
2025-12-11,000725.SZ,调仓,3.266331658291466
2025-12-11,601988.SH,调仓,6.13382899628252
2025-12-11,600707.SH,调仓,8.732876712328764
2025-12-11,300015.SZ,买入,0.0
2025-12-11,601016.SH,买入,0.0
2025-12-25,601766.SH,调仓,-7.114093959731549
2025-12-25,002812.SZ,买入,0.0
2025-12-25,600406.SH,买入,0.0
2026-01-12,600028.SH,调仓,6.417112299465222
2026-01-12,002812.SZ,调仓,1.3659099653712925
2026-01-12,301362.SZ,买入,0.0
2026-01-12,600690.SH,买入,0.0
2026-01-19,601816.SH,止损,-12.142857142857133
2026-01-21,600036.SH,止损,-12.172714745062008
2026-01-26,600352.SH,调仓,30.02973240832507
2026-01-26,002142.SZ,调仓,1.6784155756965458
2026-01-26,600406.SH,调仓,12.549019607843137
2026-01-26,002049.SZ,买入,0.0
2026-01-26,603065.SH,买入,0.0
2026-01-26,000858.SZ,买入,0.0
2026-01-28,601328.SH,止损,-12.080536912751683
2026-02-09,600256.SH,调仓,2.238805970149249
2026-02-09,601088.SH,调仓,8.369704749679062
2026-02-09,002049.SZ,调仓,-7.462332423775065
2026-02-09,000858.SZ,调仓,4.905217901113934
2026-02-09,002131.SZ,买入,0.0
2026-02-09,603078.SH,买入,0.0
2026-02-09,601995.SH,买入,0.0
2026-02-09,600030.SH,买入,0.0
2026-02-27,600887.SH,止损,-12.129380053908356
2026-03-03,601919.SH,调仓,9.20205920205921
2026-03-03,300015.SZ,调仓,-6.08537693006358
2026-03-03,603065.SH,调仓,-2.1444695259593582
2026-03-03,002131.SZ,调仓,-5.414746543778792
2026-03-03,603078.SH,调仓,-4.426559356136828
2026-03-03,600887.SH,买入,0.0
2026-03-03,600036.SH,买入,0.0
2026-03-03,601166.SH,买入,0.0
2026-03-03,688578.SH,买入,0.0
2026-03-03,601328.SH,买入,0.0
2026-03-17,002962.SZ,调仓,-4.946100190234615
2026-03-17,601016.SH,调仓,51.66666666666666
2026-03-17,688578.SH,调仓,5.533333333333346
2026-03-17,600673.SH,买入,0.0
2026-03-17,600919.SH,买入,0.0
2026-03-17,601988.SH,买入,0.0
2026-03-17,601816.SH,买入,0.0
2026-03-17,002142.SZ,买入,0.0
2026-03-23,600030.SH,止损,-13.43549536707056
2026-03-24,600673.SH,止损,-12.5
2026-03-26,601066.SH,止损,-12.794476035743308
2026-03-27,600690.SH,止损,-15.152671755725189
2026-03-31,603288.SH,调仓,4.591836734693877
2026-03-31,300142.SZ,买入,0.0
2026-03-31,600988.SH,买入,0.0
2026-03-31,000858.SZ,买入,0.0
2026-03-31,601066.SH,买入,0.0
2026-04-15,300142.SZ,调仓,3.2284100080710143
2026-04-15,000568.SZ,买入,0.0
2026-04-15,601919.SH,买入,0.0
2026-04-15,600028.SH,买入,0.0
2026-04-28,600988.SH,止损,-13.395133256083437
2026-04-29,601766.SH,买入,0.0
2026-04-29,603288.SH,买入,0.0
2026-05-12,000858.SZ,止损,-12.307543333010551
2026-05-18,000568.SZ,止损,-12.726743622077796
2026-05-18,601211.SH,买入,0.0
2026-05-18,601288.SH,买入,0.0
2026-05-22,600028.SH,止损,-12.82952548330405
2026-06-01,600028.SH,买入,0.0
2026-06-03,603288.SH,止损,-12.401324166030058
2026-06-15,601066.SH,调仓,20.885780885780882
2026-06-15,601318.SH,买入,0.0
2026-06-15,603288.SH,买入,0.0
2026-06-30,000001.SZ,止损,-12.303664921465973
2026-06-30,601919.SH,止损,-12.06896551724138
2026-06-30,601766.SH,止损,-12.013536379018607
