run_id,date,code,side,volume,price,amount,slippage_amt,commission,tax,reason,layer,model
20260816_135207_464b72,2019-01-03,300087.SZ,buy,600,90.539249,54323.5494,54.26928,13.580887,0.0,huang529_signal,,next_open
20260816_135207_464b72,2019-01-03,603663.SH,buy,3500,17.720313,62021.0955,61.959135,15.505274,0.0,huang529_signal,,next_open
20260816_135207_464b72,2019-01-03,002155.SZ,buy,2900,20.956886,60774.9694,60.714255,15.193742,0.0,huang529_signal,,next_open
20260816_135207_464b72,2019-01-07,601989.SH,buy,8200,7.610243,62403.9926,62.341648,15.600998,0.0,huang529_signal,,next_open
20260816_135207_464b72,2019-01-07,600863.SH,buy,1500,40.526666,60789.999,60.72927,15.1975,0.0,huang529_signal,,next_open
20260816_135207_464b72,2019-01-07,600820.SH,buy,500,117.022706,58511.353,58.4529,14.627838,0.0,huang529_signal,,next_open
20260816_135207_464b72,2019-01-07,603665.SH,buy,2300,27.172195,62496.0485,62.433615,15.624012,0.0,huang529_signal,,next_open
20260816_135207_464b72,2019-01-07,300610.SZ,buy,3000,20.55037,61651.11,61.58952,15.412778,0.0,huang529_signal,,next_open
20260816_135207_464b72,2019-01-08,601107.SH,buy,14200,4.445241,63122.4222,63.05936,15.780606,0.0,huang529_signal,,next_open
20260816_135207_464b72,2019-01-08,601158.SH,buy,8100,7.754046,62807.7726,62.74503,15.701943,0.0,huang529_signal,,next_open
20260816_135207_464b72,2019-01-08,000899.SZ,buy,3900,16.007351,62428.6689,62.366304,15.607167,0.0,huang529_signal,,next_open
20260816_135207_464b72,2019-01-08,600021.SH,buy,3600,17.54797,63172.692,63.109584,15.793173,0.0,huang529_signal,,next_open
20260816_135207_464b72,2019-01-08,000895.SZ,buy,100,507.994387,50799.4387,50.74869,12.69986,0.0,huang529_signal,,next_open
20260816_135207_464b72,2019-01-08,002318.SZ,buy,1700,35.486041,60326.2697,60.266003,15.081567,0.0,huang529_signal,,next_open
20260816_135207_464b72,2019-01-08,600615.SH,buy,100,586.36571,58636.571,58.577993,14.659143,0.0,huang529_signal,,next_open
20260816_135207_464b72,2019-01-08,300205.SZ,buy,1200,49.603534,59524.2408,59.464776,14.88106,0.0,huang529_signal,,next_open
20260816_135207_464b72,2019-01-15,300087.SZ,sell,600,76.743819,46046.2914,46.092384,11.511573,23.023146,stop_loss,confirm,next_open
20260816_135207_464b72,2019-01-16,002838.SZ,buy,1000,57.362105,57362.105,57.3048,14.340526,0.0,huang529_signal,,next_open
20260816_135207_464b72,2019-02-01,300610.SZ,sell,3000,17.665836,52997.508,53.05056,13.249377,26.498754,stop_loss,confirm,next_open
20260816_135207_464b72,2019-02-11,600750.SH,buy,300,178.427529,53528.2587,53.474784,13.382065,0.0,huang529_signal,,next_open
20260816_135207_464b72,2019-02-12,603665.SH,sell,2300,21.083895,48492.9585,48.5415,12.12324,24.246479,stop_loss,confirm,next_open
20260816_135207_464b72,2019-02-13,002142.SZ,buy,1600,36.292997,58068.7952,58.010784,14.517199,0.0,huang529_signal,,next_open
20260816_135207_464b72,2019-04-04,603663.SH,sell,3500,21.007771,73527.1985,73.6008,18.3818,36.763599,holding_expired,confirm,next_open
20260816_135207_464b72,2019-04-04,002155.SZ,sell,2900,23.44613,67993.777,68.06184,16.998444,33.996889,holding_expired,confirm,next_open
20260816_135207_464b72,2019-04-08,002394.SZ,buy,1500,48.732684,73099.026,73.026,18.274756,0.0,huang529_signal,,next_open
20260816_135207_464b72,2019-04-08,600642.SH,buy,1400,50.952341,71333.2774,71.262016,17.833319,0.0,huang529_signal,,next_open
20260816_135207_464b72,2019-04-09,601989.SH,sell,8200,11.30854,92730.028,92.822852,23.182507,46.365014,holding_expired,confirm,next_open
20260816_135207_464b72,2019-04-09,600863.SH,sell,1500,49.792388,74688.582,74.763345,18.672145,37.344291,holding_expired,confirm,next_open
20260816_135207_464b72,2019-04-09,600820.SH,sell,500,137.315427,68657.7135,68.72644,17.164428,34.328857,holding_expired,confirm,next_open
20260816_135207_464b72,2019-04-10,601107.SH,sell,14200,5.667327,80476.0434,80.5566,20.119011,40.238022,holding_expired,confirm,next_open
20260816_135207_464b72,2019-04-10,601158.SH,sell,8100,8.403798,68070.7638,68.138901,17.017691,34.035382,holding_expired,confirm,next_open
20260816_135207_464b72,2019-04-10,000899.SZ,sell,3900,19.224596,74975.9244,75.050976,18.743981,37.487962,holding_expired,confirm,next_open
20260816_135207_464b72,2019-04-10,600021.SH,sell,3600,19.218442,69186.3912,69.255648,17.296598,34.593196,holding_expired,confirm,next_open
20260816_135207_464b72,2019-04-10,000895.SZ,sell,100,552.994412,55299.4412,55.354796,13.82486,27.649721,holding_expired,confirm,next_open
20260816_135207_464b72,2019-04-10,002318.SZ,sell,1700,45.220804,76875.3668,76.952319,19.218842,38.437683,holding_expired,confirm,next_open
20260816_135207_464b72,2019-04-10,600615.SH,sell,100,746.136227,74613.6227,74.688311,18.653406,37.306811,holding_expired,confirm,next_open
20260816_135207_464b72,2019-04-10,300205.SZ,sell,1200,86.604809,103925.7708,104.0298,25.981443,51.962885,holding_expired,confirm,next_open
20260816_135207_464b72,2019-04-10,600085.SH,buy,100,356.788832,35678.8832,35.64324,8.919721,0.0,huang529_signal,,next_open
20260816_135207_464b72,2019-04-10,002880.SZ,buy,1100,51.622171,56784.3881,56.72766,14.196097,0.0,huang529_signal,,next_open
20260816_135207_464b72,2019-04-10,603286.SH,buy,3400,17.723306,60259.2404,60.19904,15.06481,0.0,huang529_signal,,next_open
20260816_135207_464b72,2019-04-10,600182.SH,buy,2800,21.417496,59968.9888,59.90908,14.992247,0.0,huang529_signal,,next_open
20260816_135207_464b72,2019-04-11,600886.SH,buy,100,402.27188,40227.188,40.187001,10.056797,0.0,huang529_signal,,next_open
20260816_135207_464b72,2019-04-11,600269.SH,buy,1400,52.507655,73510.717,73.43728,18.377679,0.0,huang529_signal,,next_open
20260816_135207_464b72,2019-04-11,000598.SZ,buy,500,125.761806,62880.903,62.818085,15.720226,0.0,huang529_signal,,next_open
20260816_135207_464b72,2019-04-11,600713.SH,buy,1300,55.582707,72257.5191,72.185334,18.06438,0.0,huang529_signal,,next_open
20260816_135207_464b72,2019-04-11,300258.SZ,buy,1200,61.537176,73844.6112,73.77084,18.461153,0.0,huang529_signal,,next_open
20260816_135207_464b72,2019-04-11,000848.SZ,buy,300,207.777059,62333.1177,62.270847,15.583279,0.0,huang529_signal,,next_open
20260816_135207_464b72,2019-04-15,000883.SZ,buy,3100,23.291969,72205.1039,72.13297,18.051276,0.0,huang529_signal,,next_open
20260816_135207_464b72,2019-04-18,002838.SZ,sell,1000,62.98735,62987.35,63.0504,15.746837,31.493675,holding_expired,confirm,next_open
20260816_135207_464b72,2019-04-22,601898.SH,buy,11600,6.364899,73832.8284,73.759064,18.458207,0.0,huang529_signal,,next_open
20260816_135207_464b72,2019-04-30,603286.SH,sell,3400,14.974411,50912.9974,50.96396,12.728249,25.456499,stop_loss,confirm,next_open
20260816_135207_464b72,2019-04-30,000883.SZ,sell,3100,20.231189,62716.6859,62.779464,15.679171,31.358343,stop_loss,confirm,next_open
20260816_135207_464b72,2019-05-06,600332.SH,buy,1000,64.346983,64346.983,64.2827,16.086746,0.0,huang529_signal,,next_open
20260816_135207_464b72,2019-05-07,002394.SZ,sell,1500,42.069548,63104.322,63.16749,15.776081,31.552161,stop_loss,confirm,next_open
20260816_135207_464b72,2019-05-07,002880.SZ,sell,1100,42.982974,47281.2714,47.3286,11.820318,23.640636,stop_loss,confirm,next_open
20260816_135207_464b72,2019-05-07,000598.SZ,sell,500,109.730679,54865.3395,54.92026,13.716335,27.43267,stop_loss,confirm,next_open
20260816_135207_464b72,2019-05-07,600713.SH,sell,1300,46.481772,60426.3036,60.48679,15.106576,30.213152,stop_loss,confirm,next_open
20260816_135207_464b72,2019-05-07,300258.SZ,sell,1200,52.628519,63154.2228,63.21744,15.788556,31.577111,stop_loss,confirm,next_open
20260816_135207_464b72,2019-05-07,601898.SH,sell,11600,5.568246,64591.6536,64.656312,16.147913,32.295827,stop_loss,confirm,next_open
20260816_135207_464b72,2019-05-09,600886.SH,sell,100,348.030401,34803.0401,34.837878,8.70076,17.40152,stop_loss,confirm,next_open
20260816_135207_464b72,2019-05-10,600750.SH,sell,300,170.07935,51023.805,51.07488,12.755951,25.511903,holding_expired,confirm,next_open
20260816_135207_464b72,2019-05-14,002142.SZ,sell,1600,44.19545,70712.72,70.783504,17.67818,35.35636,holding_expired,confirm,next_open
20260816_135207_464b72,2019-05-16,000403.SZ,buy,500,129.253665,64626.8325,64.56227,16.156708,0.0,huang529_signal,,next_open
20260816_135207_464b72,2019-05-16,002697.SZ,buy,1500,43.460697,65191.0455,65.12592,16.297761,0.0,huang529_signal,,next_open
20260816_135207_464b72,2019-05-29,600900.SH,buy,1300,50.522952,65679.8376,65.614224,16.419959,0.0,huang529_signal,,next_open
20260816_135207_464b72,2019-05-30,600377.SH,buy,2300,28.059762,64537.4526,64.472979,16.134363,0.0,huang529_signal,,next_open
20260816_135207_464b72,2019-05-31,000403.SZ,sell,500,113.534502,56767.251,56.824075,14.191813,28.383625,stop_loss,confirm,next_open
20260816_135207_464b72,2019-06-04,600332.SH,sell,1000,56.635648,56635.648,56.69234,14.158912,28.317824,stop_loss,confirm,next_open
20260816_135207_464b72,2019-06-05,600085.SH,sell,100,308.818972,30881.8972,30.91281,7.720474,15.440949,stop_loss,confirm,next_open
20260816_135207_464b72,2019-06-13,600547.SH,buy,100,376.449573,37644.9573,37.60735,9.411239,0.0,huang529_signal,,next_open
20260816_135207_464b72,2019-06-17,600489.SH,buy,600,102.330528,61398.3168,61.33698,15.349579,0.0,huang529_signal,,next_open
20260816_135207_464b72,2019-06-21,601006.SH,buy,4500,14.723459,66255.5655,66.189375,16.563891,0.0,huang529_signal,,next_open
20260816_135207_464b72,2019-06-21,600000.SH,buy,400,155.011377,62004.5508,61.942608,15.501138,0.0,huang529_signal,,next_open
20260816_135207_464b72,2019-06-27,603043.SH,buy,2100,31.910158,67011.3318,66.944388,16.752833,0.0,huang529_signal,,next_open
20260816_135207_464b72,2019-06-27,300701.SZ,buy,1600,42.116825,67386.92,67.3196,16.84673,0.0,huang529_signal,,next_open
20260816_135207_464b72,2019-07-01,300701.SZ,sell,1600,37.523189,60037.1024,60.0972,15.009276,30.018551,stop_loss,confirm,next_open
20260816_135207_464b72,2019-07-02,600429.SH,buy,7400,9.091162,67274.5988,67.207392,16.81865,0.0,huang529_signal,,next_open
20260816_135207_464b72,2019-07-05,600642.SH,sell,1400,53.711395,75195.953,75.271224,18.798988,37.597976,holding_expired,confirm,next_open
20260816_135207_464b72,2019-07-05,603326.SH,buy,3800,17.463446,66361.0948,66.2948,16.590274,0.0,huang529_signal,,next_open
20260816_135207_464b72,2019-07-05,603506.SH,buy,1700,37.965928,64542.0776,64.4776,16.135519,0.0,huang529_signal,,next_open
20260816_135207_464b72,2019-07-08,002647.SZ,buy,1300,50.578788,65752.4244,65.686738,16.438106,0.0,huang529_signal,,next_open
20260816_135207_464b72,2019-07-09,600182.SH,sell,2800,19.763577,55338.0156,55.393408,13.834504,27.669008,holding_expired,confirm,next_open
20260816_135207_464b72,2019-07-09,603506.SH,sell,1700,33.153813,56361.4821,56.4179,14.090371,28.180741,stop_loss,confirm,next_open
20260816_135207_464b72,2019-07-10,600269.SH,sell,1400,49.880599,69832.8386,69.902742,17.45821,34.916419,holding_expired,confirm,next_open
20260816_135207_464b72,2019-07-10,000848.SZ,sell,300,188.128403,56438.5209,56.495016,14.10963,28.21926,holding_expired,confirm,next_open
20260816_135207_464b72,2019-07-11,600007.SH,buy,2300,28.092064,64611.7472,64.5472,16.152937,0.0,huang529_signal,,next_open
20260816_135207_464b72,2019-07-18,002179.SZ,buy,200,281.45117,56290.234,56.234,14.072558,0.0,huang529_signal,,next_open
20260816_135207_464b72,2019-07-22,600048.SH,buy,200,295.120426,59024.0852,58.96512,14.756021,0.0,huang529_signal,,next_open
20260816_135207_464b72,2019-07-22,002120.SZ,buy,400,162.842079,65136.8316,65.07176,16.284208,0.0,huang529_signal,,next_open
20260816_135207_464b72,2019-07-25,601939.SH,buy,5100,13.000437,66302.2287,66.235995,16.575557,0.0,huang529_signal,,next_open
20260816_135207_464b72,2019-08-06,600429.SH,sell,7400,7.944188,58786.9912,58.845836,14.696748,29.393496,stop_loss,confirm,next_open
20260816_135207_464b72,2019-08-09,002697.SZ,sell,1500,46.869454,70304.181,70.374555,17.576045,35.15209,holding_expired,confirm,next_open
20260816_135207_464b72,2019-08-22,600900.SH,sell,1300,58.146775,75590.8075,75.666474,18.897702,37.795404,holding_expired,confirm,next_open
20260816_135207_464b72,2019-08-22,600323.SH,buy,1000,67.685117,67685.117,67.6175,16.921279,0.0,huang529_signal,,next_open
20260816_135207_464b72,2019-08-22,600038.SH,buy,400,139.124185,55649.674,55.59408,13.912418,0.0,huang529_signal,,next_open
20260816_135207_464b72,2019-08-23,600377.SH,sell,2300,27.547165,63358.4795,63.421902,15.83962,31.67924,holding_expired,confirm,next_open
20260816_135207_464b72,2019-08-26,002039.SZ,buy,1900,35.60599,67651.381,67.583798,16.912845,0.0,huang529_signal,,next_open
20260816_135207_464b72,2019-08-26,600062.SH,buy,600,102.941519,61764.9114,61.703208,15.441228,0.0,huang529_signal,,next_open
20260816_135207_464b72,2019-09-05,600547.SH,sell,100,620.365094,62036.5094,62.098608,15.509127,31.018255,holding_expired,confirm,next_open
20260816_135207_464b72,2019-09-06,000667.SZ,buy,900,72.821509,65539.3581,65.473884,16.38484,0.0,huang529_signal,,next_open
20260816_135207_464b72,2019-09-09,600489.SH,sell,600,111.361527,66816.9162,66.8838,16.704229,33.408458,holding_expired,confirm,next_open
20260816_135207_464b72,2019-09-10,600461.SH,buy,2500,27.602715,69006.7875,68.93785,17.251697,0.0,huang529_signal,,next_open
20260816_135207_464b72,2019-09-16,601006.SH,sell,4500,13.890056,62505.252,62.56782,15.626313,31.252626,holding_expired,confirm,next_open
20260816_135207_464b72,2019-09-16,600000.SH,sell,400,152.288419,60915.3676,60.976344,15.228842,30.457684,holding_expired,confirm,next_open
20260816_135207_464b72,2019-09-17,600285.SH,buy,1100,61.037476,67141.2236,67.07415,16.785306,0.0,huang529_signal,,next_open
20260816_135207_464b72,2019-09-17,002190.SZ,buy,1200,53.237855,63885.426,63.821604,15.971357,0.0,huang529_signal,,next_open
20260816_135207_464b72,2019-09-20,603043.SH,sell,2100,34.054392,71514.2232,71.585808,17.878556,35.757112,holding_expired,confirm,next_open
20260816_135207_464b72,2019-09-23,600628.SH,buy,100,387.16702,38716.702,38.678024,9.679175,0.0,huang529_signal,,next_open
20260816_135207_464b72,2019-09-30,603326.SH,sell,3800,17.299983,65739.9354,65.80574,16.434984,32.869968,holding_expired,confirm,next_open
20260816_135207_464b72,2019-10-08,002647.SZ,sell,1300,54.377568,70690.8384,70.7616,17.67271,35.345419,holding_expired,confirm,next_open
20260816_135207_464b72,2019-10-08,601369.SH,buy,4800,13.855912,66508.3776,66.441936,16.627094,0.0,huang529_signal,,next_open
20260816_135207_464b72,2019-10-09,000598.SZ,buy,500,119.560962,59780.481,59.72076,14.94512,0.0,huang529_signal,,next_open
20260816_135207_464b72,2019-10-11,600007.SH,sell,2300,29.42021,67666.483,67.734218,16.916621,33.833241,holding_expired,confirm,next_open
20260816_135207_464b72,2019-10-14,601998.SH,buy,7600,8.843535,67210.866,67.14372,16.802716,0.0,huang529_signal,,next_open
20260816_135207_464b72,2019-10-18,002179.SZ,sell,200,308.683508,61736.7016,61.7985,15.434175,30.868351,holding_expired,confirm,next_open
20260816_135207_464b72,2019-10-22,600048.SH,sell,200,323.983852,64796.7704,64.861632,16.199193,32.398385,holding_expired,confirm,next_open
20260816_135207_464b72,2019-10-22,002120.SZ,sell,400,172.565831,69026.3324,69.095428,17.256583,34.513166,holding_expired,confirm,next_open
20260816_135207_464b72,2019-10-22,600865.SH,buy,2200,30.569999,67253.9978,67.186812,16.813499,0.0,huang529_signal,,next_open
20260816_135207_464b72,2019-10-23,000999.SZ,buy,1000,65.904449,65904.449,65.83861,16.476112,0.0,huang529_signal,,next_open
20260816_135207_464b72,2019-10-23,000895.SZ,buy,100,563.029737,56302.9737,56.246727,14.075743,0.0,huang529_signal,,next_open
20260816_135207_464b72,2019-10-25,601939.SH,sell,5100,13.098029,66799.9479,66.866814,16.699987,33.399974,holding_expired,confirm,next_open
20260816_135207_464b72,2019-10-28,300457.SZ,buy,700,97.629031,68340.3217,68.27205,17.08508,0.0,huang529_signal,,next_open
20260816_135207_464b72,2019-11-18,000999.SZ,sell,1000,56.628215,56628.215,56.6849,14.157054,28.314107,stop_loss,confirm,next_open
20260816_135207_464b72,2019-11-22,600323.SH,sell,1000,63.60643,63606.43,63.6701,15.901608,31.803215,holding_expired,confirm,next_open
20260816_135207_464b72,2019-11-22,600038.SH,sell,400,134.308757,53723.5028,53.77728,13.430876,26.861751,holding_expired,confirm,next_open
20260816_135207_464b72,2019-11-26,002039.SZ,sell,1900,36.484719,69320.9661,69.390356,17.330242,34.660483,holding_expired,confirm,next_open
20260816_135207_464b72,2019-11-26,600062.SH,sell,600,96.362841,57817.7046,57.87558,14.454426,28.908852,holding_expired,confirm,next_open
20260816_135207_464b72,2019-12-09,000667.SZ,sell,900,70.650199,63585.1791,63.648828,15.896295,31.79259,holding_expired,confirm,next_open
20260816_135207_464b72,2019-12-11,600461.SH,sell,2500,25.035499,62588.7475,62.6514,15.647187,31.294374,holding_expired,confirm,next_open
20260816_135207_464b72,2019-12-17,600285.SH,sell,1100,69.657073,76622.7803,76.69948,19.155695,38.31139,holding_expired,confirm,next_open
20260816_135207_464b72,2019-12-17,002190.SZ,sell,1200,54.444671,65333.6052,65.399004,16.333401,32.666803,holding_expired,confirm,next_open
20260816_135207_464b72,2019-12-17,300138.SZ,buy,1800,36.560144,65808.2592,65.742516,16.452065,0.0,huang529_signal,,next_open
20260816_135207_464b72,2019-12-17,600252.SH,buy,600,113.851978,68311.1868,68.242944,17.077797,0.0,huang529_signal,,next_open
20260816_135207_464b72,2019-12-17,603167.SH,buy,5300,12.8326,68012.78,67.944834,17.003195,0.0,huang529_signal,,next_open
20260816_135207_464b72,2019-12-17,600193.SH,buy,2600,26.085169,67821.4394,67.753686,16.95536,0.0,huang529_signal,,next_open
20260816_135207_464b72,2019-12-17,600399.SH,buy,6600,10.333323,68199.9318,68.1318,17.049983,0.0,huang529_signal,,next_open
20260816_135207_464b72,2019-12-17,000042.SZ,buy,400,138.251954,55300.7816,55.245536,13.825195,0.0,huang529_signal,,next_open
20260816_135207_464b72,2019-12-18,000776.SZ,buy,800,80.545415,64436.332,64.37196,16.109083,0.0,huang529_signal,,next_open
20260816_135207_464b72,2019-12-18,600362.SH,buy,2700,24.937332,67330.7964,67.263534,16.832699,0.0,huang529_signal,,next_open
20260816_135207_464b72,2019-12-18,001965.SZ,buy,7500,9.213805,69103.5375,69.0345,17.275884,0.0,huang529_signal,,next_open
20260816_135207_464b72,2019-12-23,600628.SH,sell,100,438.134107,43813.4107,43.857268,10.953353,21.906705,holding_expired,confirm,next_open
20260816_135207_464b72,2019-12-24,600658.SH,buy,2300,29.652363,68200.4349,68.132302,17.050109,0.0,huang529_signal,,next_open
20260816_135207_464b72,2019-12-31,601369.SH,sell,4800,13.002075,62409.96,62.472432,15.60249,31.20498,holding_expired,confirm,next_open
20260816_135207_464b72,2020-01-02,000598.SZ,sell,500,114.886343,57443.1715,57.500672,14.360793,28.721586,holding_expired,confirm,next_open
20260816_135207_464b72,2020-01-02,600694.SH,buy,500,130.246011,65123.0055,65.057948,16.280751,0.0,huang529_signal,,next_open
20260816_135207_464b72,2020-01-03,600028.SH,buy,4400,16.11444,70903.536,70.832705,17.725884,0.0,huang529_signal,,next_open
20260816_135207_464b72,2020-01-07,601998.SH,sell,7600,9.03146,68639.096,68.7078,17.159774,34.319548,holding_expired,confirm,next_open
20260816_135207_464b72,2020-01-08,000719.SZ,buy,2200,32.185478,70808.0516,70.737315,17.702013,0.0,huang529_signal,,next_open
20260816_135207_464b72,2020-01-15,600865.SH,sell,2200,31.783463,69923.6186,69.993612,17.480905,34.961809,holding_expired,confirm,next_open
20260816_135207_464b72,2020-01-16,000895.SZ,sell,100,652.755471,65275.5471,65.340888,16.318887,32.637774,holding_expired,confirm,next_open
20260816_135207_464b72,2020-01-16,600676.SH,buy,1100,64.006599,70407.2589,70.336922,17.601815,0.0,huang529_signal,,next_open
20260816_135207_464b72,2020-01-17,002595.SZ,buy,700,95.43019,66801.133,66.734398,16.700283,0.0,huang529_signal,,next_open
20260816_135207_464b72,2020-01-21,300457.SZ,sell,700,154.297978,108008.5846,108.116701,27.002146,54.004292,holding_expired,confirm,next_open
20260816_135207_464b72,2020-01-22,002275.SZ,buy,3100,22.999929,71299.7799,71.228551,17.824945,0.0,huang529_signal,,next_open
20260816_135207_464b72,2020-02-04,000042.SZ,sell,400,114.361603,45744.6412,45.790432,11.43616,22.872321,stop_loss,confirm,next_open
20260816_135207_464b72,2020-02-04,600362.SH,sell,2700,21.59416,58304.232,58.362595,14.576058,29.152116,stop_loss,confirm,next_open
20260816_135207_464b72,2020-02-04,001965.SZ,sell,7500,7.819153,58643.6475,58.70235,14.660912,29.321824,stop_loss,confirm,next_open
20260816_135207_464b72,2020-02-04,600694.SH,sell,500,109.084255,54542.1275,54.596724,13.635532,27.271064,stop_loss,confirm,next_open
20260816_135207_464b72,2020-02-04,000719.SZ,sell,2200,28.792329,63343.1238,63.40653,15.835781,31.671562,stop_loss,confirm,next_open
20260816_135207_464b72,2020-02-04,600676.SH,sell,1100,50.170835,55187.9185,55.243162,13.79698,27.593959,stop_loss,confirm,next_open
20260816_135207_464b72,2020-02-05,603167.SH,sell,5300,9.855215,52232.6395,52.284924,13.05816,26.11632,stop_loss,confirm,next_open
20260816_135207_464b72,2020-02-05,600193.SH,sell,2600,21.548244,56025.4344,56.081516,14.006359,28.012717,stop_loss,confirm,next_open
20260816_135207_464b72,2020-03-03,600039.SH,buy,2200,30.475762,67046.6764,66.979697,16.761669,0.0,huang529_signal,,next_open
20260816_135207_464b72,2020-03-03,600881.SH,buy,400,162.95854,65183.416,65.118298,16.295854,0.0,huang529_signal,,next_open
20260816_135207_464b72,2020-03-04,002694.SZ,buy,4600,14.558184,66967.6464,66.900744,16.741912,0.0,huang529_signal,,next_open
20260816_135207_464b72,2020-03-05,600873.SH,buy,2100,32.018707,67239.2847,67.172112,16.809821,0.0,huang529_signal,,next_open
20260816_135207_464b72,2020-03-06,000726.SZ,buy,800,76.187146,60949.7168,60.888828,15.237429,0.0,huang529_signal,,next_open
20260816_135207_464b72,2020-03-06,002887.SZ,buy,1500,42.932197,64398.2955,64.333962,16.099574,0.0,huang529_signal,,next_open
20260816_135207_464b72,2020-03-06,600763.SH,buy,200,273.179206,54635.8412,54.58126,13.65896,0.0,huang529_signal,,next_open
20260816_135207_464b72,2020-03-09,002262.SZ,buy,500,102.39388,51196.94,51.145794,12.799235,0.0,huang529_signal,,next_open
20260816_135207_464b72,2020-03-16,600028.SH,sell,4400,14.192038,62444.9672,62.507474,15.611242,31.222484,stop_loss,confirm,next_open
20260816_135207_464b72,2020-03-17,600763.SH,sell,200,238.855805,47771.161,47.81898,11.94279,23.88558,stop_loss,confirm,next_open
20260816_135207_464b72,2020-03-18,002694.SZ,sell,4600,12.851088,59115.0048,59.174179,14.778751,29.557502,stop_loss,confirm,next_open
20260816_135207_464b72,2020-03-18,002262.SZ,sell,500,89.036219,44518.1095,44.562672,11.129527,22.259055,stop_loss,confirm,next_open
20260816_135207_464b72,2020-03-18,000598.SZ,buy,500,121.045084,60522.542,60.46208,15.130636,0.0,huang529_signal,,next_open
20260816_135207_464b72,2020-03-19,300138.SZ,sell,1800,47.069268,84724.6824,84.809491,21.181171,42.362341,holding_expired,confirm,next_open
20260816_135207_464b72,2020-03-19,600252.SH,sell,600,116.575156,69945.0936,70.015109,17.486273,34.972547,holding_expired,confirm,next_open
20260816_135207_464b72,2020-03-19,600399.SH,sell,6600,12.649482,83486.5812,83.57015,20.871645,41.743291,holding_expired,confirm,next_open
20260816_135207_464b72,2020-03-19,600881.SH,sell,400,141.54222,56616.888,56.673562,14.154222,28.308444,stop_loss,confirm,next_open
20260816_135207_464b72,2020-03-20,000776.SZ,sell,800,75.392628,60314.1024,60.374477,15.078526,30.157051,holding_expired,confirm,next_open
20260816_135207_464b72,2020-03-20,002595.SZ,sell,700,83.939916,58757.9412,58.816758,14.689485,29.378971,stop_loss,confirm,next_open
20260816_135207_464b72,2020-03-24,600873.SH,sell,2100,28.293253,59415.8313,59.475307,14.853958,29.707916,stop_loss,confirm,next_open
20260816_135207_464b72,2020-03-24,000726.SZ,sell,800,67.234218,53787.3744,53.841216,13.446844,26.893687,stop_loss,confirm,next_open
20260816_135207_464b72,2020-03-26,600658.SH,sell,2300,27.737818,63796.9814,63.860843,15.949245,31.898491,holding_expired,confirm,next_open
20260816_135207_464b72,2020-04-08,300218.SZ,buy,3300,18.99908,62696.964,62.63433,15.674241,0.0,huang529_signal,,next_open
20260816_135207_464b72,2020-04-09,600461.SH,buy,2100,30.030961,63065.0181,63.002016,15.766255,0.0,huang529_signal,,next_open
20260816_135207_464b72,2020-04-10,002290.SZ,buy,4600,13.644554,62764.9484,62.702246,15.691237,0.0,huang529_signal,,next_open
20260816_135207_464b72,2020-04-14,002809.SZ,buy,2100,29.139891,61193.7711,61.132638,15.298443,0.0,huang529_signal,,next_open
20260816_135207_464b72,2020-04-17,300218.SZ,sell,3300,16.306563,53811.6579,53.865524,13.452914,26.905829,stop_loss,confirm,next_open
20260816_135207_464b72,2020-04-17,603926.SH,buy,3400,18.283105,62162.557,62.100456,15.540639,0.0,huang529_signal,,next_open
20260816_135207_464b72,2020-04-21,600193.SH,buy,2400,25.882839,62118.8136,62.056757,15.529703,0.0,huang529_signal,,next_open
20260816_135207_464b72,2020-04-21,002883.SZ,buy,1800,34.763241,62573.8338,62.511322,15.643458,0.0,huang529_signal,,next_open
20260816_135207_464b72,2020-04-21,002263.SZ,buy,6100,10.280886,62713.4046,62.650751,15.678351,0.0,huang529_signal,,next_open
20260816_135207_464b72,2020-04-21,002690.SZ,buy,400,156.928752,62771.5008,62.708792,15.692875,0.0,huang529_signal,,next_open
20260816_135207_464b72,2020-04-21,603856.SH,buy,3900,16.117193,62857.0527,62.794259,15.714263,0.0,huang529_signal,,next_open
20260816_135207_464b72,2020-04-21,000952.SZ,buy,2500,24.407841,61019.6025,60.958645,15.254901,0.0,huang529_signal,,next_open
20260816_135207_464b72,2020-04-22,603926.SH,sell,3400,15.177833,51604.6322,51.656288,12.901158,25.802316,stop_loss,confirm,next_open
20260816_135207_464b72,2020-04-22,000631.SZ,buy,1100,54.32414,59756.554,59.696857,14.939138,0.0,huang529_signal,,next_open
20260816_135207_464b72,2020-04-22,603020.SH,buy,2900,20.043904,58127.3216,58.069252,14.53183,0.0,huang529_signal,,next_open
20260816_135207_464b72,2020-04-24,002275.SZ,sell,3100,22.14364,68645.284,68.713999,17.161321,34.322642,holding_expired,confirm,next_open
20260816_135207_464b72,2020-04-24,300741.SZ,buy,1400,37.472781,52461.8934,52.409484,13.115473,0.0,huang529_signal,,next_open
20260816_135207_464b72,2020-04-27,000531.SZ,buy,600,92.412966,55447.7796,55.392387,13.861945,0.0,huang529_signal,,next_open
20260816_135207_464b72,2020-04-30,000952.SZ,sell,2500,21.34299,53357.475,53.410885,13.339369,26.678738,stop_loss,confirm,next_open
20260816_135207_464b72,2020-05-07,002039.SZ,buy,1600,36.650868,58641.3888,58.582806,14.660347,0.0,huang529_signal,,next_open
20260816_135207_464b72,2020-06-01,600039.SH,sell,2200,30.569655,67253.241,67.320561,16.81331,33.626621,holding_expired,confirm,next_open
20260816_135207_464b72,2020-06-03,600900.SH,buy,1100,55.644269,61208.6959,61.147548,15.302174,0.0,huang529_signal,,next_open
20260816_135207_464b72,2020-06-04,002887.SZ,sell,1500,51.458098,77187.147,77.264412,19.296787,38.593573,holding_expired,confirm,next_open
20260816_135207_464b72,2020-06-05,000042.SZ,buy,400,141.685208,56674.0832,56.617466,14.168521,0.0,huang529_signal,,next_open
20260816_135207_464b72,2020-06-16,000598.SZ,sell,500,114.654503,57327.2515,57.384636,14.331813,28.663626,holding_expired,confirm,next_open
20260816_135207_464b72,2020-06-17,603968.SH,buy,2000,32.339307,64678.614,64.614,16.169653,0.0,huang529_signal,,next_open
20260816_135207_464b72,2020-07-09,600461.SH,sell,2100,29.722376,62416.9896,62.479469,15.604247,31.208495,holding_expired,confirm,next_open
20260816_135207_464b72,2020-07-10,002290.SZ,sell,4600,14.679069,67523.7174,67.59131,16.880929,33.761859,holding_expired,confirm,next_open
20260816_135207_464b72,2020-07-10,600269.SH,buy,1700,43.548407,74032.2919,73.958333,18.508073,0.0,huang529_signal,,next_open
20260816_135207_464b72,2020-07-13,600713.SH,buy,1400,51.172265,71641.171,71.569602,17.910293,0.0,huang529_signal,,next_open
20260816_135207_464b72,2020-07-14,002809.SZ,sell,2100,39.700684,83371.4364,83.45489,20.842859,41.685718,holding_expired,confirm,next_open
20260816_135207_464b72,2020-07-15,600054.SH,buy,1800,42.591669,76665.0042,76.588416,19.166251,0.0,huang529_signal,,next_open
20260816_135207_464b72,2020-07-21,600193.SH,sell,2400,33.861527,81267.6648,81.349013,20.316916,40.633832,holding_expired,confirm,next_open
20260816_135207_464b72,2020-07-21,002883.SZ,sell,1800,42.777929,77000.2722,77.07735,19.250068,38.500136,holding_expired,confirm,next_open
20260816_135207_464b72,2020-07-21,002263.SZ,sell,6100,12.97233,79131.213,79.210422,19.782803,39.565607,holding_expired,confirm,next_open
20260816_135207_464b72,2020-07-21,002690.SZ,sell,400,197.153941,78861.5764,78.940517,19.715394,39.430788,holding_expired,confirm,next_open
20260816_135207_464b72,2020-07-21,603856.SH,sell,3900,21.020019,81978.0741,82.060134,20.494519,40.989037,holding_expired,confirm,next_open
20260816_135207_464b72,2020-07-22,000631.SZ,sell,1100,55.107945,60618.7395,60.679419,15.154685,30.30937,holding_expired,confirm,next_open
20260816_135207_464b72,2020-07-22,603020.SH,sell,2900,27.559321,79922.0309,80.002033,19.980508,39.961015,holding_expired,confirm,next_open
20260816_135207_464b72,2020-07-22,300547.SZ,buy,2100,35.84824,75281.304,75.206099,18.820326,0.0,huang529_signal,,next_open
20260816_135207_464b72,2020-07-22,600027.SH,buy,11200,6.773078,75858.4736,75.782694,18.964618,0.0,huang529_signal,,next_open
20260816_135207_464b72,2020-07-23,603586.SH,buy,3800,19.576257,74389.7766,74.31546,18.597444,0.0,huang529_signal,,next_open
20260816_135207_464b72,2020-07-24,300741.SZ,sell,1400,74.284142,103997.7988,104.1019,25.99945,51.998899,holding_expired,confirm,next_open
20260816_135207_464b72,2020-07-24,002598.SZ,buy,4600,16.173439,74397.8194,74.323497,18.599455,0.0,huang529_signal,,next_open
20260816_135207_464b72,2020-07-24,603789.SH,buy,3700,20.376076,75391.4812,75.316164,18.84787,0.0,huang529_signal,,next_open
20260816_135207_464b72,2020-07-24,300733.SZ,buy,6500,11.516145,74854.9425,74.78016,18.713736,0.0,huang529_signal,,next_open
20260816_135207_464b72,2020-07-27,000531.SZ,sell,600,121.466665,72879.999,72.952952,18.22,36.439999,holding_expired,confirm,next_open
20260816_135207_464b72,2020-07-27,000537.SZ,buy,1400,50.740638,71036.8932,70.965927,17.759223,0.0,huang529_signal,,next_open
20260816_135207_464b72,2020-07-28,000042.SZ,sell,400,124.590437,49836.1748,49.886061,12.459044,24.918087,stop_loss,confirm,next_open
20260816_135207_464b72,2020-07-28,002574.SZ,buy,5800,12.567615,72892.167,72.819348,18.223042,0.0,huang529_signal,,next_open
20260816_135207_464b72,2020-07-28,600420.SH,buy,700,99.274335,69492.0345,69.422612,17.373009,0.0,huang529_signal,,next_open
20260816_135207_464b72,2020-07-29,600097.SH,buy,4800,15.098633,72473.4384,72.401035,18.11836,0.0,huang529_signal,,next_open
20260816_135207_464b72,2020-08-03,002039.SZ,sell,1600,41.347397,66155.8352,66.222058,16.538959,33.077918,holding_expired,confirm,next_open
20260816_135207_464b72,2020-08-04,600202.SH,buy,3300,22.943597,75713.8701,75.638231,18.928468,0.0,huang529_signal,,next_open
20260816_135207_464b72,2020-08-28,600900.SH,sell,1100,59.621369,65583.5059,65.649155,16.395876,32.791753,holding_expired,confirm,next_open
20260816_135207_464b72,2020-08-31,600023.SH,buy,11900,6.583917,78348.6123,78.270346,19.587153,0.0,huang529_signal,,next_open
20260816_135207_464b72,2020-09-01,603789.SH,sell,3700,17.826456,65957.8872,66.02391,16.489472,32.978944,stop_loss,confirm,next_open
20260816_135207_464b72,2020-09-02,601566.SH,buy,4900,16.105071,78914.8479,78.836012,19.728712,0.0,huang529_signal,,next_open
20260816_135207_464b72,2020-09-11,603968.SH,sell,2000,36.528197,73056.394,73.129524,18.264098,36.528197,holding_expired,confirm,next_open
20260816_135207_464b72,2020-09-14,600376.SH,buy,1100,68.407745,75248.5195,75.173347,18.81213,0.0,huang529_signal,,next_open
20260816_135207_464b72,2020-09-24,000537.SZ,sell,1400,44.131153,61783.6142,61.845459,15.445904,30.891807,stop_loss,confirm,next_open
20260816_135207_464b72,2020-09-28,002574.SZ,sell,5800,10.977611,63670.1438,63.73388,15.917536,31.835072,stop_loss,confirm,next_open
20260816_135207_464b72,2020-09-29,002132.SZ,buy,3700,20.714117,76642.2329,76.565669,19.160558,0.0,huang529_signal,,next_open
20260816_135207_464b72,2020-10-09,600420.SH,sell,700,87.376976,61163.8832,61.225108,15.290971,30.581942,stop_loss,confirm,next_open
20260816_135207_464b72,2020-10-12,600269.SH,sell,1700,40.319784,68543.6328,68.612245,17.135908,34.271816,holding_expired,confirm,next_open
20260816_135207_464b72,2020-10-12,300679.SZ,buy,800,95.72088,76576.704,76.500204,19.144176,0.0,huang529_signal,,next_open
20260816_135207_464b72,2020-10-13,600713.SH,sell,1400,50.535818,70750.1452,70.820966,17.687536,35.375073,holding_expired,confirm,next_open
20260816_135207_464b72,2020-10-13,600333.SH,buy,4400,12.482462,54922.8328,54.867965,13.730708,0.0,huang529_signal,,next_open
20260816_135207_464b72,2020-10-13,002872.SZ,buy,5600,9.893784,55405.1904,55.34984,13.851298,0.0,huang529_signal,,next_open
20260816_135207_464b72,2020-10-14,601339.SH,buy,7200,9.781352,70425.7344,70.355376,17.606434,0.0,huang529_signal,,next_open
20260816_135207_464b72,2020-10-15,600054.SH,sell,1800,38.610135,69498.243,69.567811,17.374561,34.749122,holding_expired,confirm,next_open
20260816_135207_464b72,2020-10-16,601166.SH,buy,900,73.439197,66095.2773,66.029248,16.523819,0.0,huang529_signal,,next_open
20260816_135207_464b72,2020-10-22,300547.SZ,sell,2100,54.374151,114185.7171,114.300018,28.546429,57.092859,holding_expired,confirm,next_open
20260816_135207_464b72,2020-10-22,600027.SH,sell,11200,6.35608,71188.096,71.25935,17.797024,35.594048,holding_expired,confirm,next_open
20260816_135207_464b72,2020-10-23,603586.SH,sell,3800,19.248101,73142.7838,73.215998,18.285696,36.571392,holding_expired,confirm,next_open
20260816_135207_464b72,2020-10-26,002598.SZ,sell,4600,15.783493,72604.0678,72.676743,18.151017,36.302034,holding_expired,confirm,next_open
20260816_135207_464b72,2020-10-26,300733.SZ,sell,6500,21.960098,142740.637,142.88352,35.685159,71.370318,holding_expired,confirm,next_open
20260816_135207_464b72,2020-10-29,600097.SH,sell,4800,13.32246,63947.808,64.011821,15.986952,31.973904,holding_expired,confirm,next_open
20260816_135207_464b72,2020-10-30,000883.SZ,buy,3500,22.141317,77494.6095,77.417193,19.373652,0.0,huang529_signal,,next_open
20260816_135207_464b72,2020-10-30,600019.SH,buy,5500,14.243049,78336.7695,78.25851,19.584192,0.0,huang529_signal,,next_open
20260816_135207_464b72,2020-11-02,600376.SH,sell,1100,57.978471,63776.3181,63.840159,15.94408,31.888159,stop_loss,confirm,next_open
20260816_135207_464b72,2020-11-03,002872.SZ,sell,5600,8.643562,48403.9472,48.452398,12.100987,24.201974,stop_loss,confirm,next_open
20260816_135207_464b72,2020-11-03,600507.SH,buy,600,118.448498,71069.0988,70.998101,17.767275,0.0,huang529_signal,,next_open
20260816_135207_464b72,2020-11-03,002230.SZ,buy,100,541.963062,54196.3062,54.142164,13.549077,0.0,huang529_signal,,next_open
20260816_135207_464b72,2020-11-03,002499.SZ,buy,7200,10.464142,75341.8224,75.266554,18.835456,0.0,huang529_signal,,next_open
20260816_135207_464b72,2020-11-03,603519.SH,buy,1500,48.044555,72066.8325,71.994837,18.016708,0.0,huang529_signal,,next_open
20260816_135207_464b72,2020-11-03,002085.SZ,buy,1300,58.175464,75628.1032,75.552551,18.907026,0.0,huang529_signal,,next_open
20260816_135207_464b72,2020-11-04,600202.SH,sell,3300,20.764129,68521.6257,68.590216,17.130406,34.260813,holding_expired,confirm,next_open
20260816_135207_464b72,2020-11-05,002789.SZ,buy,2500,30.090166,75225.415,75.150265,18.806354,0.0,huang529_signal,,next_open
20260816_135207_464b72,2020-11-06,600012.SH,buy,6000,13.003737,78022.422,77.944476,19.505606,0.0,huang529_signal,,next_open
20260816_135207_464b72,2020-12-01,600023.SH,sell,11900,6.41716,76364.204,76.44065,19.091051,38.182102,holding_expired,confirm,next_open
20260816_135207_464b72,2020-12-02,002936.SZ,buy,17200,4.660656,80163.2832,80.0832,20.040821,0.0,huang529_signal,,next_open
20260816_135207_464b72,2020-12-03,601566.SH,sell,4900,19.171659,93941.1291,94.035165,23.485282,46.970565,holding_expired,confirm,next_open
20260816_135207_464b72,2020-12-04,601997.SH,buy,5900,13.565692,80037.5828,79.957626,20.009396,0.0,huang529_signal,,next_open
20260816_135207_464b72,2020-12-14,300679.SZ,sell,800,83.633038,66906.4304,66.973404,16.726608,33.453215,stop_loss,confirm,next_open
20260816_135207_464b72,2020-12-15,600098.SH,buy,2200,34.259605,75371.131,75.295836,18.842783,0.0,huang529_signal,,next_open
20260816_135207_464b72,2020-12-25,603519.SH,sell,1500,42.106481,63159.7215,63.222945,15.78993,31.579861,stop_loss,confirm,next_open
20260816_135207_464b72,2020-12-25,002085.SZ,sell,1300,48.11066,62543.858,62.606465,15.635965,31.271929,stop_loss,confirm,next_open
20260816_135207_464b72,2020-12-28,600101.SH,buy,1800,43.890983,79003.7694,78.924845,19.750942,0.0,huang529_signal,,next_open
20260816_135207_464b72,2020-12-28,000900.SZ,buy,1400,55.379032,77530.6448,77.453191,19.382661,0.0,huang529_signal,,next_open
20260816_135207_464b72,2020-12-30,002132.SZ,sell,3700,19.27119,71303.403,71.374776,17.825851,35.651702,holding_expired,confirm,next_open
20260816_135207_464b72,2021-01-06,600333.SH,sell,4400,20.236903,89042.3732,89.131504,22.260593,44.521187,holding_expired,confirm,next_open
20260816_135207_464b72,2021-01-07,601339.SH,sell,7200,9.61999,69263.928,69.333264,17.315982,34.631964,holding_expired,confirm,next_open
20260816_135207_464b72,2021-01-07,002801.SZ,buy,800,100.283383,80226.7064,80.14656,20.056677,0.0,huang529_signal,,next_open
20260816_135207_464b72,2021-01-08,000825.SZ,buy,2900,27.680253,80272.7337,80.19254,20.068183,0.0,huang529_signal,,next_open
20260816_135207_464b72,2021-01-08,002032.SZ,buy,100,676.476731,67647.6731,67.580093,16.911918,0.0,huang529_signal,,next_open
20260816_135207_464b72,2021-01-11,601166.SH,sell,900,88.672778,79805.5002,79.885386,19.951375,39.90275,holding_expired,confirm,next_open
20260816_135207_464b72,2021-01-12,002275.SZ,buy,3000,26.584298,79752.894,79.67322,19.938223,0.0,huang529_signal,,next_open
20260816_135207_464b72,2021-01-14,002789.SZ,sell,2500,25.741073,64352.6825,64.4171,16.088171,32.176341,stop_loss,confirm,next_open
20260816_135207_464b72,2021-01-15,601390.SH,buy,11300,7.243156,81847.6628,81.765896,20.461916,0.0,huang529_signal,,next_open
20260816_135207_464b72,2021-01-25,000883.SZ,sell,3500,19.355825,67745.3875,67.8132,16.936347,33.872694,stop_loss,confirm,next_open
20260816_135207_464b72,2021-01-25,600019.SH,sell,5500,17.116466,94140.563,94.2348,23.535141,47.070282,holding_expired,confirm,next_open
20260816_135207_464b72,2021-01-26,600101.SH,sell,1800,38.041281,68474.3058,68.542848,17.118576,34.237153,stop_loss,confirm,next_open
20260816_135207_464b72,2021-01-26,603177.SH,buy,8000,9.927518,79420.144,79.3408,19.855036,0.0,huang529_signal,,next_open
20260816_135207_464b72,2021-01-26,002859.SZ,buy,600,120.852792,72511.6752,72.439236,18.127919,0.0,huang529_signal,,next_open
20260816_135207_464b72,2021-01-27,600507.SH,sell,600,125.89414,75536.484,75.612096,18.884121,37.768242,holding_expired,confirm,next_open
20260816_135207_464b72,2021-01-27,002230.SZ,sell,100,654.024801,65402.4801,65.467948,16.35062,32.70124,holding_expired,confirm,next_open
20260816_135207_464b72,2021-01-27,002499.SZ,sell,7200,19.138842,137799.6624,137.9376,34.449916,68.899831,holding_expired,confirm,next_open
20260816_135207_464b72,2021-01-27,000663.SZ,buy,4500,17.428111,78426.4995,78.34815,19.606625,0.0,huang529_signal,,next_open
20260816_135207_464b72,2021-01-28,600674.SH,buy,300,219.076117,65722.8351,65.657178,16.430709,0.0,huang529_signal,,next_open
20260816_135207_464b72,2021-01-28,600538.SH,buy,3900,20.361541,79410.0099,79.33068,19.852502,0.0,huang529_signal,,next_open
20260816_135207_464b72,2021-01-28,002376.SZ,buy,1700,44.852207,76248.7519,76.17258,19.062188,0.0,huang529_signal,,next_open
20260816_135207_464b72,2021-01-29,002275.SZ,sell,3000,23.118109,69354.327,69.42375,17.338582,34.677164,stop_loss,confirm,next_open
20260816_135207_464b72,2021-01-29,601390.SH,sell,11300,6.366987,71946.9531,72.018968,17.986738,35.973477,stop_loss,confirm,next_open
20260816_135207_464b72,2021-02-01,600012.SH,sell,6000,13.142295,78853.77,78.9327,19.713443,39.426885,holding_expired,confirm,next_open
20260816_135207_464b72,2021-02-02,603300.SH,buy,4200,18.536418,77852.9556,77.77518,19.463239,0.0,huang529_signal,,next_open
20260816_135207_464b72,2021-02-02,300441.SZ,buy,1100,66.973697,73671.0667,73.597469,18.417767,0.0,huang529_signal,,next_open
20260816_135207_464b72,2021-02-02,000690.SZ,buy,200,335.612938,67122.5876,67.055532,16.780647,0.0,huang529_signal,,next_open
20260816_135207_464b72,2021-02-04,000690.SZ,sell,200,282.302515,56460.503,56.51702,14.115126,28.230251,stop_loss,confirm,next_open
20260816_135207_464b72,2021-02-05,600098.SH,sell,2200,29.308862,64479.4964,64.54404,16.119874,32.239748,stop_loss,confirm,next_open
20260816_135207_464b72,2021-02-08,002859.SZ,sell,600,105.560474,63336.2844,63.399684,15.834071,31.668142,stop_loss,confirm,next_open
20260816_135207_464b72,2021-02-10,002254.SZ,buy,700,107.440313,75208.2191,75.133086,18.802055,0.0,huang529_signal,,next_open
20260816_135207_464b72,2021-02-18,000553.SZ,buy,2000,37.133917,74267.834,74.19364,18.566959,0.0,huang529_signal,,next_open
20260816_135207_464b72,2021-02-19,002033.SZ,buy,2100,35.908072,75406.9512,75.33162,18.851738,0.0,huang529_signal,,next_open
20260816_135207_464b72,2021-03-04,002936.SZ,sell,17200,4.523432,77803.0304,77.880912,19.450758,38.901515,holding_expired,confirm,next_open
20260816_135207_464b72,2021-03-05,002032.SZ,sell,100,588.684896,58868.4896,58.927417,14.717122,29.434245,stop_loss,confirm,next_open
20260816_135207_464b72,2021-03-08,601997.SH,sell,5900,13.082584,77187.2456,77.264512,19.296811,38.593623,holding_expired,confirm,next_open
20260816_135207_464b72,2021-03-22,002254.SZ,sell,700,93.602484,65521.7388,65.587326,16.380435,32.760869,stop_loss,confirm,next_open
20260816_135207_464b72,2021-03-30,000900.SZ,sell,1400,58.754487,82256.2818,82.33862,20.56407,41.128141,holding_expired,confirm,next_open
20260816_135207_464b72,2021-04-09,002801.SZ,sell,800,102.973404,82378.7232,82.461184,20.594681,41.189362,holding_expired,confirm,next_open
20260816_135207_464b72,2021-04-12,000825.SZ,sell,2900,39.983477,115952.0833,116.06815,28.988021,57.976042,holding_expired,confirm,next_open
20260816_135207_464b72,2021-04-28,603177.SH,sell,8000,13.203503,105628.024,105.73376,26.407006,52.814012,holding_expired,confirm,next_open
20260816_135207_464b72,2021-04-29,000663.SZ,sell,4500,22.489928,101204.676,101.30598,25.301169,50.602338,holding_expired,confirm,next_open
20260816_135207_464b72,2021-04-30,600674.SH,sell,300,228.549482,68564.8446,68.633478,17.141211,34.282422,holding_expired,confirm,next_open
20260816_135207_464b72,2021-04-30,600538.SH,sell,3900,22.814782,88977.6498,89.066718,22.244412,44.488825,holding_expired,confirm,next_open
20260816_135207_464b72,2021-04-30,002376.SZ,sell,1700,41.326272,70254.6624,70.324988,17.563666,35.127331,holding_expired,confirm,next_open
20260816_135207_464b72,2021-05-10,603300.SH,sell,4200,24.450625,102692.625,102.79542,25.673156,51.346313,holding_expired,confirm,next_open
20260816_135207_464b72,2021-05-10,300441.SZ,sell,1100,68.694707,75564.1777,75.639817,18.891044,37.782089,holding_expired,confirm,next_open
20260816_135207_464b72,2021-05-19,000553.SZ,sell,2000,37.101551,74203.102,74.27738,18.550776,37.101551,holding_expired,confirm,next_open
20260816_135207_464b72,2021-05-20,002033.SZ,sell,2100,34.32542,72083.382,72.155538,18.020846,36.041691,holding_expired,confirm,next_open
20260816_135207_464b72,2021-06-01,600479.SH,buy,600,122.479557,73487.7342,73.41432,18.371934,0.0,huang529_signal,,next_open
20260816_135207_464b72,2021-06-01,000973.SZ,buy,5000,16.849172,84245.86,84.1617,21.061465,0.0,huang529_signal,,next_open
20260816_135207_464b72,2021-06-01,002462.SZ,buy,3400,24.262418,82492.2212,82.409812,20.623055,0.0,huang529_signal,,next_open
20260816_135207_464b72,2021-06-01,600755.SH,buy,500,159.245546,79622.773,79.54323,19.905693,0.0,huang529_signal,,next_open
20260816_135207_464b72,2021-06-01,600663.SH,buy,500,154.680126,77340.063,77.2628,19.335016,0.0,huang529_signal,,next_open
20260816_135207_464b72,2021-06-01,601010.SH,buy,5400,15.497612,83687.1048,83.603502,20.921776,0.0,huang529_signal,,next_open
20260816_135207_464b72,2021-06-01,300305.SZ,buy,1900,43.024872,81747.2568,81.665591,20.436814,0.0,huang529_signal,,next_open
20260816_135207_464b72,2021-06-01,601211.SH,buy,4200,20.035536,84149.2512,84.065184,21.037313,0.0,huang529_signal,,next_open
20260816_135207_464b72,2021-06-01,603217.SH,buy,1900,42.615733,80969.8927,80.889004,20.242473,0.0,huang529_signal,,next_open
20260816_135207_464b72,2021-06-01,002788.SZ,buy,3300,25.369624,83719.7592,83.636124,20.92994,0.0,huang529_signal,,next_open
20260816_135207_464b72,2021-06-01,002690.SZ,buy,400,193.467544,77387.0176,77.309708,19.346754,0.0,huang529_signal,,next_open
20260816_135207_464b72,2021-06-01,000595.SZ,buy,7100,11.911099,84568.8029,84.48432,21.142201,0.0,huang529_signal,,next_open
20260816_135207_464b72,2021-06-02,002347.SZ,buy,5100,16.42602,83772.702,83.689011,20.943176,0.0,huang529_signal,,next_open
20260816_135207_464b72,2021-06-02,000828.SZ,buy,2000,42.488946,84977.892,84.893,21.244473,0.0,huang529_signal,,next_open
20260816_135207_464b72,2021-06-02,603808.SH,buy,2400,34.878343,83708.0232,83.6244,20.927006,0.0,huang529_signal,,next_open
20260816_135207_464b72,2021-06-02,002191.SZ,buy,1100,72.890738,80179.8118,80.099712,20.044953,0.0,huang529_signal,,next_open
20260816_135207_464b72,2021-06-30,002788.SZ,sell,3300,22.496601,74238.7833,74.313096,18.559696,37.119392,stop_loss,confirm,next_open
20260816_135207_464b72,2021-07-01,601608.SH,buy,13900,6.350164,88267.2796,88.179098,22.06682,0.0,huang529_signal,,next_open
20260816_135207_464b72,2021-07-09,601608.SH,sell,13900,5.499855,76447.9845,76.524504,19.111996,38.223992,stop_loss,confirm,next_open
20260816_135207_464b72,2021-07-12,000795.SZ,buy,3700,23.799976,88059.9112,87.97194,22.014978,0.0,huang529_signal,,next_open
20260816_135207_464b72,2021-08-02,002191.SZ,sell,1100,63.377829,69715.6119,69.785397,17.428903,34.857806,stop_loss,confirm,next_open
20260816_135207_464b72,2021-08-03,002790.SZ,buy,5200,16.488472,85740.0544,85.6544,21.435014,0.0,huang529_signal,,next_open
20260816_135207_464b72,2021-08-18,002690.SZ,sell,400,165.72368,66289.472,66.355828,16.572368,33.144736,stop_loss,confirm,next_open
20260816_135207_464b72,2021-08-23,601010.SH,sell,5400,13.608558,73486.2132,73.559772,18.371553,36.743107,stop_loss,confirm,next_open
20260816_135207_464b72,2021-08-24,603689.SH,buy,6700,10.776205,72200.5735,72.128448,18.050143,0.0,huang529_signal,,next_open
20260816_135207_464b72,2021-08-24,600795.SH,buy,100,694.118065,69411.8065,69.342464,17.352952,0.0,huang529_signal,,next_open
20260816_135207_464b72,2021-08-25,600479.SH,sell,600,113.9056,68343.36,68.411772,17.08584,34.17168,holding_expired,confirm,next_open
20260816_135207_464b72,2021-08-25,000973.SZ,sell,5000,18.789392,93946.96,94.041,23.48674,46.97348,holding_expired,confirm,next_open
20260816_135207_464b72,2021-08-25,002462.SZ,sell,3400,21.955762,74649.5908,74.724316,18.662398,37.324795,holding_expired,confirm,next_open
20260816_135207_464b72,2021-08-25,600755.SH,sell,500,174.428397,87214.1985,87.3015,21.80355,43.607099,holding_expired,confirm,next_open
20260816_135207_464b72,2021-08-25,600663.SH,sell,500,152.648479,76324.2395,76.40064,19.08106,38.16212,holding_expired,confirm,next_open
20260816_135207_464b72,2021-08-25,300305.SZ,sell,1900,65.951662,125308.1578,125.433592,31.327039,62.654079,holding_expired,confirm,next_open
20260816_135207_464b72,2021-08-25,601211.SH,sell,4200,21.407811,89912.8062,90.002808,22.478202,44.956403,holding_expired,confirm,next_open
20260816_135207_464b72,2021-08-25,603217.SH,sell,1900,67.737874,128701.9606,128.830792,32.17549,64.35098,holding_expired,confirm,next_open
20260816_135207_464b72,2021-08-25,000595.SZ,sell,7100,13.472274,95653.1454,95.748896,23.913286,47.826573,holding_expired,confirm,next_open
20260816_135207_464b72,2021-08-26,002347.SZ,sell,5100,19.949511,101742.5061,101.844348,25.435627,50.871253,holding_expired,confirm,next_open
20260816_135207_464b72,2021-08-26,000828.SZ,sell,2000,42.301936,84603.872,84.68856,21.150968,42.301936,holding_expired,confirm,next_open
20260816_135207_464b72,2021-08-26,603808.SH,sell,2400,33.722244,80933.3856,81.0144,20.233346,40.466693,holding_expired,confirm,next_open
20260816_135207_464b72,2021-08-26,601107.SH,buy,21000,4.261097,89483.037,89.39364,22.370759,0.0,huang529_signal,,next_open
20260816_135207_464b72,2021-08-26,600881.SH,buy,600,146.584238,87950.5428,87.86268,21.987636,0.0,huang529_signal,,next_open
20260816_135207_464b72,2021-08-26,601989.SH,buy,12600,7.100944,89471.8944,89.38251,22.367974,0.0,huang529_signal,,next_open
20260816_135207_464b72,2021-08-26,600561.SH,buy,6800,13.16307,89508.876,89.419456,22.377219,0.0,huang529_signal,,next_open
20260816_135207_464b72,2021-08-26,002830.SZ,buy,4100,21.820519,89464.1279,89.374752,22.366032,0.0,huang529_signal,,next_open
20260816_135207_464b72,2021-08-26,002809.SZ,buy,2900,29.963794,86895.0026,86.808194,21.723751,0.0,huang529_signal,,next_open
20260816_135207_464b72,2021-08-26,605178.SH,buy,1600,55.960855,89537.368,89.44792,22.384342,0.0,huang529_signal,,next_open
20260816_135207_464b72,2021-08-26,603066.SH,buy,3300,26.452926,87294.6558,87.20745,21.823664,0.0,huang529_signal,,next_open
20260816_135207_464b72,2021-08-26,600128.SH,buy,4000,22.058597,88234.388,88.14624,22.058597,0.0,huang529_signal,,next_open
20260816_135207_464b72,2021-08-27,600168.SH,buy,5700,15.767642,89875.5594,89.785773,22.46889,0.0,huang529_signal,,next_open
20260816_135207_464b72,2021-08-27,601518.SH,buy,32800,2.741138,89909.3264,89.81952,22.477332,0.0,huang529_signal,,next_open
20260816_135207_464b72,2021-08-27,601188.SH,buy,21700,4.135131,89732.3427,89.6427,22.433086,0.0,huang529_signal,,next_open
20260816_135207_464b72,2021-10-13,000795.SZ,sell,3700,22.040537,81549.9869,81.63162,20.387497,40.774993,holding_expired,confirm,next_open
20260816_135207_464b72,2021-10-26,002809.SZ,sell,2900,26.129644,75775.9676,75.85182,18.943992,37.887984,stop_loss,confirm,next_open
20260816_135207_464b72,2021-10-27,002830.SZ,sell,4100,18.940081,77654.3321,77.732064,19.413583,38.827166,stop_loss,confirm,next_open
20260816_135207_464b72,2021-10-27,600128.SH,sell,4000,19.171989,76687.956,76.76472,19.171989,38.343978,stop_loss,confirm,next_open
20260816_135207_464b72,2021-10-29,603066.SH,sell,3300,23.169947,76460.8251,76.537362,19.115206,38.230413,stop_loss,confirm,next_open
20260816_135207_464b72,2021-11-04,002790.SZ,sell,5200,20.85912,108467.424,108.576,27.116856,54.233712,holding_expired,confirm,next_open
20260816_135207_464b72,2021-11-12,002376.SZ,buy,2100,40.233473,84490.2933,84.405888,21.122573,0.0,huang529_signal,,next_open
20260816_135207_464b72,2021-11-12,601801.SH,buy,7300,11.957335,87288.5455,87.201347,21.822136,0.0,huang529_signal,,next_open
20260816_135207_464b72,2021-11-12,600229.SH,buy,8300,10.513303,87260.4149,87.17324,21.815104,0.0,huang529_signal,,next_open
20260816_135207_464b72,2021-11-12,002449.SZ,buy,2600,33.421008,86894.6208,86.807812,21.723655,0.0,huang529_signal,,next_open
20260816_135207_464b72,2021-11-12,600775.SH,buy,7400,11.681029,86439.6146,86.353264,21.609904,0.0,huang529_signal,,next_open
20260816_135207_464b72,2021-11-12,603506.SH,buy,2200,38.301433,84263.1526,84.178974,21.065788,0.0,huang529_signal,,next_open
20260816_135207_464b72,2021-11-25,603689.SH,sell,6700,11.000069,73700.4623,73.774236,18.425116,36.850231,holding_expired,confirm,next_open
20260816_135207_464b72,2021-11-25,600795.SH,sell,100,692.731215,69273.1215,69.342464,17.31828,34.636561,holding_expired,confirm,next_open
20260816_135207_464b72,2021-11-26,600479.SH,buy,600,134.405551,80643.3306,80.562768,20.160833,0.0,huang529_signal,,next_open
20260816_135207_464b72,2021-11-26,002826.SZ,buy,8400,9.770521,82072.3764,81.990384,20.518094,0.0,huang529_signal,,next_open
20260816_135207_464b72,2021-11-29,601107.SH,sell,21000,4.648787,97624.527,97.72224,24.406132,48.812264,holding_expired,confirm,next_open
20260816_135207_464b72,2021-11-29,600881.SH,sell,600,152.426161,91455.6966,91.547244,22.863924,45.727848,holding_expired,confirm,next_open
20260816_135207_464b72,2021-11-29,601989.SH,sell,12600,6.901591,86960.0466,87.0471,21.740012,43.480023,holding_expired,confirm,next_open
20260816_135207_464b72,2021-11-29,600561.SH,sell,6800,12.74712,86680.416,86.767184,21.670104,43.340208,holding_expired,confirm,next_open
20260816_135207_464b72,2021-11-29,605178.SH,sell,1600,49.827622,79724.1952,79.804,19.931049,39.862098,holding_expired,confirm,next_open
20260816_135207_464b72,2021-11-30,600168.SH,sell,5700,14.441824,82318.3968,82.400796,20.579599,41.159198,holding_expired,confirm,next_open
20260816_135207_464b72,2021-11-30,601518.SH,sell,32800,2.838249,93094.5672,93.187752,23.273642,46.547284,holding_expired,confirm,next_open
20260816_135207_464b72,2021-11-30,601188.SH,sell,21700,4.163283,90343.2411,90.433665,22.58581,45.171621,holding_expired,confirm,next_open
20260816_135207_464b72,2021-11-30,002197.SZ,buy,2800,31.360729,87810.0412,87.72232,21.95251,0.0,huang529_signal,,next_open
20260816_135207_464b72,2021-11-30,600594.SH,buy,700,110.148569,77103.9983,77.026971,19.276,0.0,huang529_signal,,next_open
20260816_135207_464b72,2021-11-30,600568.SH,buy,3400,25.718072,87441.4448,87.354092,21.860361,0.0,huang529_signal,,next_open
20260816_135207_464b72,2021-11-30,002166.SZ,buy,1300,66.064949,85884.4337,85.798635,21.471108,0.0,huang529_signal,,next_open
20260816_135207_464b72,2021-12-01,002401.SZ,buy,1200,72.289497,86747.3964,86.660736,21.686849,0.0,huang529_signal,,next_open
20260816_135207_464b72,2021-12-01,600679.SH,buy,2900,30.388348,88126.2092,88.038171,22.031552,0.0,huang529_signal,,next_open
20260816_135207_464b72,2021-12-01,600271.SH,buy,300,260.071011,78021.3033,77.94336,19.505326,0.0,huang529_signal,,next_open
20260816_135207_464b72,2021-12-01,002275.SZ,buy,3500,24.95511,87342.885,87.25563,21.835721,0.0,huang529_signal,,next_open
20260816_135207_464b72,2022-01-26,002449.SZ,sell,2600,28.316195,73622.107,73.695804,18.405527,36.811053,stop_loss,confirm,next_open
20260816_135207_464b72,2022-01-28,600679.SH,sell,2900,26.615068,77183.6972,77.260959,19.295924,38.591849,stop_loss,confirm,next_open
20260816_135207_464b72,2022-02-14,002376.SZ,sell,2100,40.106613,84223.8873,84.308196,21.055972,42.111944,holding_expired,confirm,next_open
20260816_135207_464b72,2022-02-14,601801.SH,sell,7300,12.272325,89587.9725,89.677653,22.396993,44.793986,holding_expired,confirm,next_open
20260816_135207_464b72,2022-02-14,600229.SH,sell,8300,10.861528,90150.6824,90.24092,22.537671,45.075341,holding_expired,confirm,next_open
20260816_135207_464b72,2022-02-14,600775.SH,sell,7400,14.616049,108158.7626,108.267032,27.039691,54.079381,holding_expired,confirm,next_open
20260816_135207_464b72,2022-02-14,603506.SH,sell,2200,41.034474,90275.8428,90.36621,22.568961,45.137921,holding_expired,confirm,next_open
20260816_135207_464b72,2022-02-25,600568.SH,sell,3400,22.108929,75170.3586,75.245604,18.79259,37.585179,stop_loss,confirm,next_open
20260816_135207_464b72,2022-02-28,600479.SH,sell,600,165.038406,99023.0436,99.122166,24.755761,49.511522,holding_expired,confirm,next_open
20260816_135207_464b72,2022-02-28,002826.SZ,sell,8400,10.944375,91932.75,92.024772,22.983187,45.966375,holding_expired,confirm,next_open
20260816_135207_464b72,2022-03-02,002197.SZ,sell,2800,55.85439,156392.292,156.54884,39.098073,78.196146,holding_expired,confirm,next_open
20260816_135207_464b72,2022-03-02,600594.SH,sell,700,112.123684,78486.5788,78.565144,19.621645,39.243289,holding_expired,confirm,next_open
20260816_135207_464b72,2022-03-02,002166.SZ,sell,1300,60.384495,78499.8435,78.578422,19.624961,39.249922,holding_expired,confirm,next_open
20260816_135207_464b72,2022-03-03,002401.SZ,sell,1200,71.648,85977.6,86.063664,21.4944,42.9888,holding_expired,confirm,next_open
20260816_135207_464b72,2022-03-03,600271.SH,sell,300,270.666662,81199.9986,81.28128,20.3,40.599999,holding_expired,confirm,next_open
20260816_135207_464b72,2022-03-03,002275.SZ,sell,3500,25.439315,89037.6025,89.12673,22.259401,44.518801,holding_expired,confirm,next_open
