date,open,high,low,close,volume,amount
2021-02-04,0.98,0.991,0.951,0.968,1587134,154098109.0
2021-02-05,0.975,0.993,0.949,0.953,1929955,187187129.0
2021-02-08,0.951,0.963,0.92,0.962,1181278,111560429.0
2021-02-09,0.962,0.999,0.962,0.997,1441479,142511148.0
2021-02-10,1.0,1.02,0.989,1.015,2734522,275949061.99999994
2021-02-18,1.045,1.047,0.992,1.005,1812204,183132988.0
2021-02-19,0.993,1.0,0.96,0.99,1857902,181670106.0
2021-02-22,0.988,1.01,0.971,0.971,1637359,162027504.0
2021-02-23,0.97,0.975,0.948,0.965,1119688,107846773.0
2021-02-24,0.961,0.967,0.907,0.918,2682099,249837494.00000003
2021-02-25,0.93,0.936,0.903,0.909,1282909,117489985.0
2021-02-26,0.893,0.899,0.87,0.893,1335074,118342460.0
2021-03-01,0.902,0.928,0.902,0.923,1076167,98642338.0
2021-03-02,0.93,0.935,0.908,0.92,1075153,99254314.0
2021-03-03,0.915,0.922,0.899,0.922,902242,82131675.0
2021-03-04,0.915,0.915,0.858,0.862,2884824,252578435.0
2021-03-05,0.842,0.87,0.834,0.861,1118466,95437925.0
2021-03-08,0.864,0.87,0.813,0.814,1383493,116072708.0
2021-03-09,0.812,0.825,0.775,0.797,1237786,99196308.0
2021-03-10,0.818,0.827,0.804,0.808,930252,75795748.0
2021-03-11,0.81,0.839,0.805,0.836,1249107,103356098.0
2021-03-12,0.843,0.855,0.831,0.849,1051160,88811464.00000001
2021-03-15,0.849,0.85,0.808,0.818,965807,79425532.0
2021-03-16,0.816,0.826,0.804,0.82,645402,52734405.00000001
2021-03-17,0.819,0.835,0.803,0.833,746144,61602253.0
2021-03-18,0.833,0.846,0.832,0.843,637039,53534410.0
2021-03-19,0.825,0.831,0.81,0.817,822718,67414254.0
2021-03-22,0.815,0.835,0.815,0.829,651115,53901185.0
2021-03-23,0.829,0.829,0.798,0.805,1254544,101230207.0
2021-03-24,0.8,0.809,0.784,0.789,891716,70584546.0
2021-03-25,0.781,0.794,0.772,0.79,643425,50384184.00000001
2021-03-26,0.794,0.829,0.791,0.826,1727207,140951697.00000003
2021-03-29,0.824,0.827,0.814,0.819,663494,54532651.0
2021-03-30,0.816,0.837,0.811,0.835,895985,74283156.0
2021-03-31,0.835,0.837,0.822,0.833,734341,60913446.0
2021-04-01,0.834,0.852,0.834,0.841,817085,68889851.0
2021-04-02,0.842,0.85,0.833,0.844,544446,45861762.00000001
2021-04-06,0.847,0.864,0.845,0.856,764276,65372215.00000001
2021-04-07,0.86,0.86,0.834,0.843,595353,50087888.00000001
2021-04-08,0.836,0.84,0.828,0.837,430094,35937491.0
2021-04-09,0.839,0.839,0.818,0.821,617503,50912010.00000001
2021-04-12,0.821,0.825,0.794,0.8,870928,70032344.99999999
2021-04-13,0.8,0.81,0.794,0.802,589671,47269864.0
2021-04-14,0.806,0.827,0.803,0.826,834002,68217346.0
2021-04-15,0.821,0.83,0.814,0.826,511330,42066361.99999999
2021-04-16,0.826,0.828,0.807,0.823,685631,55994864.0
2021-04-19,0.823,0.863,0.818,0.861,1719438,146226783.00000003
2021-04-20,0.86,0.878,0.852,0.864,1192140,103513934.0
2021-04-21,0.859,0.869,0.85,0.861,597482,51378671.99999999
2021-04-22,0.868,0.874,0.854,0.864,592952,51326985.0
2021-04-23,0.865,0.882,0.861,0.879,746914,65426778.99999999
2021-04-26,0.879,0.896,0.864,0.866,966115,85116902.0
2021-04-27,0.867,0.871,0.849,0.861,786643,67483609.00000001
2021-04-28,0.858,0.884,0.858,0.88,876502,76556137.0
2021-04-29,0.881,0.885,0.87,0.882,620870,54586787.0
2021-04-30,0.882,0.91,0.877,0.906,1651119,148565332.00000003
2021-05-06,0.905,0.914,0.884,0.901,1170407,105360909.0
2021-05-07,0.898,0.91,0.878,0.881,896997,80048161.0
2021-05-10,0.88,0.892,0.866,0.889,715043,63189942.0
2021-05-11,0.881,0.881,0.855,0.876,936885,81247239.0
2021-05-12,0.87,0.879,0.865,0.875,730345,63745020.0
2021-05-13,0.865,0.866,0.854,0.856,853728,73237847.0
2021-05-14,0.856,0.875,0.847,0.873,793513,68486373.00000001
2021-05-17,0.874,0.905,0.871,0.902,1481877,132842590.0
2021-05-18,0.902,0.91,0.897,0.901,701376,63253238.0
2021-05-19,0.902,0.925,0.892,0.921,1288729,118019878.0
2021-05-20,0.919,0.928,0.911,0.919,910636,83697612.0
2021-05-21,0.929,0.939,0.913,0.922,897927,83113393.0
2021-05-24,0.926,0.927,0.912,0.926,788384,72615205.0
2021-05-25,0.926,0.936,0.917,0.935,886633,82301250.00000001
2021-05-26,0.934,0.936,0.921,0.924,774609,71800988.0
2021-05-27,0.927,0.929,0.919,0.926,642113,59376539.00000001
2021-05-28,0.927,0.971,0.925,0.954,2281005,218668348.00000003
2021-05-31,0.96,1.001,0.959,0.997,2112591,208696968.0
2021-06-01,0.996,0.997,0.973,0.991,1176352,116029769.0
2021-06-02,0.995,1.006,0.977,0.984,1144245,113452113.0
2021-06-03,0.984,0.987,0.961,0.968,826871,80418625.0
2021-06-04,0.964,0.995,0.956,0.982,1184665,116459423.0
2021-06-07,0.977,0.98,0.955,0.966,1046125,101024699.0
2021-06-08,0.964,0.985,0.949,0.957,1040211,100127124.0
2021-06-09,0.956,0.964,0.95,0.962,563369,53998063.0
2021-06-10,0.965,1.01,0.963,1.003,2626035,261929418.0
2021-06-11,1.011,1.031,1.0,1.021,2211018,225502157.0
2021-06-15,1.024,1.033,0.999,1.011,1057481,107063931.0
2021-06-16,1.002,1.003,0.952,0.959,1802612,174955465.0
2021-06-17,0.959,0.977,0.955,0.976,703940,68281266.0
2021-06-18,0.981,1.019,0.978,1.011,1573653,157822632.0
2021-06-21,1.011,1.038,1.0,1.025,1732652,177611870.0
2021-06-22,1.028,1.036,1.01,1.028,998746,102364852.0
2021-06-23,1.031,1.061,1.031,1.051,1922348,201900429.0
2021-06-24,1.061,1.067,1.041,1.059,1164272,123227740.0
2021-06-25,1.061,1.078,1.056,1.074,1299250,138766544.0
2021-06-28,1.074,1.1,1.074,1.091,1351689,147619900.0
2021-06-29,1.102,1.118,1.097,1.106,1488610,164725574.0
2021-06-30,1.105,1.13,1.09,1.129,1493194,166812666.0
2021-07-01,1.13,1.134,1.096,1.101,1357264,150599804.0
2021-07-02,1.093,1.113,1.082,1.093,1184612,129811930.0
2021-07-05,1.088,1.12,1.086,1.116,1076675,119050670.0
2021-07-06,1.118,1.139,1.084,1.104,1427824,158578450.0
2021-07-07,1.093,1.173,1.084,1.172,2144906,245361547.0
2021-07-08,1.18,1.215,1.18,1.203,1777196,213434401.0
2021-07-09,1.185,1.225,1.17,1.217,1750341,208987180.00000003
2021-07-12,1.231,1.275,1.231,1.262,1838936,230326744.00000003
2021-07-13,1.263,1.269,1.241,1.265,1381305,173576093.00000003
2021-07-14,1.257,1.257,1.215,1.223,1730093,213244774.0
2021-07-15,1.207,1.265,1.207,1.264,1700419,211026728.0
2021-07-16,1.261,1.276,1.223,1.228,1477978,184523941.0
2021-07-19,1.219,1.25,1.197,1.207,1429719,174224070.0
2021-07-20,1.197,1.227,1.19,1.224,1019058,123959707.0
2021-07-21,1.23,1.289,1.23,1.284,1827859,231357188.00000003
2021-07-22,1.292,1.307,1.275,1.307,1582811,204201492.0
2021-07-23,1.303,1.339,1.288,1.297,1550836,202948769.0
2021-07-26,1.296,1.309,1.24,1.29,1654195,211876388.0
2021-07-27,1.29,1.315,1.203,1.209,2601741,328109663.0
2021-07-28,1.194,1.232,1.157,1.204,2042312,245005860.0
2021-07-29,1.244,1.295,1.23,1.291,2152287,272028887.0
2021-07-30,1.292,1.327,1.281,1.309,2548219,332390995.0
2021-08-02,1.318,1.352,1.278,1.317,2955786,389294953.0
2021-08-03,1.312,1.314,1.247,1.26,2320138,294502751.0
2021-08-04,1.248,1.349,1.248,1.347,3108816,409281275.0
2021-08-05,1.348,1.363,1.319,1.353,1582284,212347254.0
2021-08-06,1.373,1.404,1.356,1.376,1791431,246826021.0
2021-08-09,1.37,1.37,1.297,1.334,2558623,337360846.0
2021-08-10,1.328,1.358,1.292,1.325,2128277,281862933.0
2021-08-11,1.326,1.348,1.304,1.338,1870096,248806110.0
2021-08-12,1.333,1.343,1.308,1.336,1306602,173183949.0
2021-08-13,1.31,1.366,1.309,1.322,1431738,191140705.00000003
2021-08-16,1.303,1.314,1.273,1.281,1615945,207826143.0
2021-08-17,1.275,1.306,1.261,1.279,1593643,204961067.0
2021-08-18,1.275,1.297,1.255,1.265,1481541,188308303.0
2021-08-19,1.272,1.313,1.244,1.296,1839878,235351410.0
2021-08-20,1.29,1.316,1.274,1.296,1256409,162557396.0
2021-08-23,1.304,1.333,1.285,1.331,2472042,325697822.0
2021-08-24,1.332,1.384,1.329,1.359,2549221,347213701.0
2021-08-25,1.36,1.392,1.34,1.389,1716416,234616463.0
2021-08-26,1.391,1.409,1.369,1.371,1368789,190010673.0
2021-08-27,1.365,1.404,1.361,1.396,1159586,160857610.0
2021-08-30,1.397,1.472,1.397,1.445,1793715,258473051.00000003
2021-08-31,1.44,1.443,1.408,1.426,1440937,204743464.00000003
2021-09-01,1.427,1.432,1.327,1.351,2346172,320821624.0
2021-09-02,1.343,1.394,1.342,1.391,1365721,188198470.0
2021-09-03,1.392,1.414,1.33,1.344,1696880,232397912.0
2021-09-06,1.342,1.36,1.3,1.359,1928921,257270973.0
2021-09-07,1.355,1.396,1.346,1.393,1615795,222744610.0
2021-09-08,1.392,1.41,1.362,1.37,1210240,167424733.0
2021-09-09,1.37,1.383,1.342,1.371,1402585,191091528.0
2021-09-10,1.369,1.389,1.352,1.385,1310921,179708202.0
2021-09-13,1.383,1.391,1.35,1.361,1275274,174068181.00000003
2021-09-14,1.363,1.402,1.335,1.381,1480130,204259003.00000003
2021-09-15,1.385,1.415,1.376,1.413,1490184,208940749.0
2021-09-16,1.413,1.43,1.34,1.346,2162916,294849608.0
2021-09-17,1.332,1.362,1.308,1.346,1528923,204415140.0
2021-09-22,1.328,1.364,1.32,1.355,874252,118342060.0
2021-09-23,1.365,1.377,1.353,1.356,963567,131142259.0
2021-09-24,1.353,1.396,1.332,1.371,1120278,153472386.0
2021-09-27,1.376,1.388,1.317,1.345,1094152,147583510.0
2021-09-28,1.334,1.358,1.321,1.328,944425,126248187.0
2021-09-29,1.315,1.338,1.298,1.307,1004200,132193195.0
2021-09-30,1.312,1.35,1.306,1.348,949172,126719917.0
2021-10-08,1.366,1.375,1.304,1.316,1261724,167047785.0
2021-10-11,1.315,1.323,1.285,1.302,918582,119891058.0
2021-10-12,1.298,1.306,1.258,1.275,1073353,137454664.00000003
2021-10-13,1.275,1.324,1.275,1.321,1204066,157156059.0
2021-10-14,1.32,1.355,1.31,1.34,1044099,139944703.0
2021-10-15,1.34,1.379,1.325,1.374,1172168,159513829.00000003
2021-10-18,1.381,1.412,1.375,1.411,1260714,175837664.0
2021-10-19,1.412,1.427,1.4,1.413,905387,127815979.0
2021-10-20,1.409,1.457,1.401,1.436,1192607,172148551.99999997
2021-10-21,1.431,1.436,1.405,1.417,839130,119038558.0
2021-10-22,1.418,1.424,1.391,1.395,908718,127620805.0
2021-10-25,1.41,1.454,1.401,1.452,1275595,183399449.0
2021-10-26,1.473,1.476,1.441,1.445,1137844,166149285.0
2021-10-27,1.452,1.483,1.445,1.481,1582892,233155253.0
2021-10-28,1.478,1.498,1.453,1.461,1328771,195709041.0
2021-10-29,1.457,1.495,1.419,1.49,1636066,238323200.0
2021-11-01,1.488,1.51,1.46,1.478,1687572,251248848.0
2021-11-02,1.474,1.494,1.451,1.469,1465869,215810976.00000003
2021-11-03,1.455,1.465,1.415,1.434,1501157,215338308.0
2021-11-04,1.441,1.475,1.44,1.462,1351053,197368242.00000003
2021-11-05,1.453,1.466,1.434,1.436,1102233,159662207.99999997
2021-11-08,1.432,1.482,1.43,1.478,1421976,208513125.00000003
2021-11-09,1.496,1.505,1.475,1.489,1056513,157321550.0
2021-11-10,1.474,1.479,1.436,1.466,1711341,249221295.00000003
2021-11-11,1.467,1.482,1.452,1.467,1163638,170237540.99999997
2021-11-12,1.471,1.477,1.458,1.47,907822,133333920.0
2021-11-15,1.47,1.47,1.411,1.42,1996344,284723279.0
2021-11-16,1.414,1.422,1.391,1.396,1418320,199122408.0
2021-11-17,1.4,1.434,1.4,1.431,1290210,183241097.0
2021-11-18,1.431,1.442,1.407,1.431,1131219,161385763.00000003
2021-11-19,1.427,1.45,1.422,1.447,1031016,148234261.0
2021-11-22,1.453,1.5,1.453,1.499,1735855,257853957.0
2021-11-23,1.5,1.502,1.485,1.494,789201,117833499.0
2021-11-24,1.489,1.496,1.456,1.459,1581762,232150484.0
2021-11-25,1.458,1.459,1.436,1.443,1168032,168625890.0
2021-11-26,1.436,1.469,1.436,1.46,1059333,154528706.00000003
2021-11-29,1.436,1.493,1.433,1.485,1257271,185883164.0
2021-11-30,1.492,1.498,1.474,1.486,867858,129008951.0
2021-12-01,1.48,1.493,1.458,1.474,883685,129905106.0
2021-12-02,1.468,1.478,1.457,1.468,803824,117759141.0
2021-12-03,1.467,1.469,1.45,1.468,893229,130457158.0
2021-12-06,1.46,1.473,1.435,1.437,1537436,223105330.0
2021-12-07,1.441,1.448,1.392,1.41,1747375,246233423.0
2021-12-08,1.414,1.437,1.413,1.434,1008509,144025317.0
2021-12-09,1.433,1.436,1.418,1.429,798880,113966068.0
2021-12-10,1.42,1.456,1.416,1.452,1166931,168424940.0
2021-12-13,1.449,1.456,1.436,1.45,821625,118883326.0
2021-12-14,1.443,1.449,1.43,1.434,784024,112589143.0
2021-12-15,1.431,1.446,1.424,1.428,717400,102818293.0
2021-12-16,1.432,1.438,1.42,1.435,529580,75673075.00000001
2021-12-17,1.43,1.431,1.396,1.4,1263059,177898184.0
2021-12-20,1.395,1.396,1.331,1.335,1795848,242965502.0
2021-12-21,1.334,1.348,1.314,1.341,1030967,137090998.0
2021-12-22,1.343,1.35,1.336,1.343,609332,81888754.0
2021-12-23,1.35,1.358,1.338,1.351,670935,90572198.0
2021-12-24,1.352,1.355,1.29,1.3,1781994,232855870.00000003
2021-12-27,1.294,1.317,1.285,1.297,1051830,137020970.99999997
2021-12-28,1.298,1.33,1.292,1.328,1057216,138356419.00000003
2021-12-29,1.325,1.34,1.317,1.324,595145,78986307.0
2021-12-30,1.324,1.34,1.321,1.327,626032,83298115.0
2021-12-31,1.34,1.366,1.34,1.357,1413126,192089358.0
2022-01-04,1.372,1.378,1.306,1.313,1138234,150635328.0
2022-01-05,1.31,1.312,1.257,1.259,2239370,284144230.0
2022-01-06,1.25,1.271,1.231,1.264,1597586,200577439.0
2022-01-07,1.264,1.27,1.226,1.235,1149767,142847889.0
2022-01-10,1.227,1.241,1.215,1.227,1032122,126800382.0
2022-01-11,1.225,1.24,1.209,1.213,911964,111196078.0
2022-01-12,1.229,1.262,1.229,1.261,1454556,181300662.00000003
2022-01-13,1.262,1.265,1.231,1.24,1018919,126780858.0
2022-01-14,1.23,1.262,1.227,1.254,1003066,125519443.0
2022-01-17,1.254,1.284,1.252,1.271,921944,117165342.0
2022-01-18,1.267,1.275,1.255,1.265,739458,93572770.0
2022-01-19,1.259,1.263,1.216,1.228,1261817,155487692.0
2022-01-20,1.225,1.236,1.215,1.219,778745,95305499.0
2022-01-21,1.215,1.235,1.204,1.221,811617,99109773.0
2022-01-24,1.211,1.257,1.205,1.249,1231173,152398917.0
2022-01-25,1.246,1.259,1.221,1.223,1191560,147766804.0
2022-01-26,1.231,1.245,1.22,1.243,997800,123384799.0
2022-01-27,1.235,1.248,1.204,1.207,1108837,136011540.0
2022-01-28,1.22,1.227,1.17,1.195,1133922,135954930.0
2022-02-07,1.22,1.239,1.201,1.209,1015339,123779220.0
2022-02-08,1.206,1.209,1.137,1.166,1373832,159826003.00000003
2022-02-09,1.161,1.176,1.141,1.172,1130783,131298300.0
2022-02-10,1.173,1.176,1.125,1.139,1435639,164157000.0
2022-02-11,1.128,1.146,1.111,1.114,1183981,133549333.0
2022-02-14,1.102,1.133,1.095,1.116,1051840,117665265.0
2022-02-15,1.12,1.164,1.117,1.163,1637431,187178453.0
2022-02-16,1.18,1.18,1.156,1.161,924962,107796147.0
2022-02-17,1.154,1.204,1.153,1.193,1550345,183567001.0
2022-02-18,1.179,1.191,1.173,1.182,946099,111618440.0
2022-02-21,1.181,1.186,1.163,1.176,814034,95497318.0
2022-02-22,1.17,1.19,1.161,1.185,969894,114091977.0
2022-02-23,1.183,1.226,1.183,1.225,1162283,141165598.00000003
2022-02-24,1.212,1.247,1.198,1.219,1367629,167358900.0
2022-02-25,1.235,1.257,1.23,1.243,1085843,135077158.0
2022-02-28,1.246,1.27,1.239,1.269,1511677,189759365.00000003
2022-03-01,1.285,1.295,1.255,1.269,1145527,145888254.0
2022-03-02,1.263,1.263,1.23,1.253,1236562,153898724.00000003
2022-03-03,1.257,1.259,1.228,1.234,1243259,154170024.00000003
2022-03-04,1.21,1.236,1.203,1.212,1279541,155998008.0
2022-03-07,1.2,1.2,1.167,1.171,1417922,167976226.0
2022-03-08,1.167,1.183,1.138,1.149,1267299,147352411.0
2022-03-09,1.155,1.162,1.094,1.148,1219669,139019588.0
2022-03-10,1.185,1.213,1.177,1.198,1589121,189889642.00000003
2022-03-11,1.174,1.19,1.148,1.189,1296651,152137492.0
2022-03-14,1.172,1.18,1.15,1.152,1012745,117850251.0
2022-03-15,1.135,1.175,1.123,1.13,1130153,129132752.0
2022-03-16,1.15,1.188,1.112,1.186,1452158,167526793.00000003
2022-03-17,1.199,1.218,1.19,1.194,1369209,165002864.0
2022-03-18,1.184,1.188,1.167,1.188,1079870,127133685.0
2022-03-21,1.189,1.214,1.184,1.199,950913,114178342.0
2022-03-22,1.192,1.201,1.173,1.181,1094164,129746594.0
2022-03-23,1.194,1.2,1.175,1.185,1100064,130640531.0
2022-03-24,1.172,1.176,1.147,1.167,1268560,147247175.0
2022-03-25,1.166,1.17,1.132,1.134,1211456,139265045.00000003
2022-03-28,1.122,1.131,1.106,1.114,1157635,129112898.0
2022-03-29,1.123,1.137,1.107,1.118,1249686,140143438.0
2022-03-30,1.125,1.16,1.121,1.159,1442580,165134149.99999997
2022-03-31,1.159,1.159,1.116,1.123,1400620,158003577.00000003
2022-04-01,1.114,1.142,1.11,1.127,1131458,127569577.0
2022-04-06,1.123,1.123,1.089,1.1,1612353,176847308.0
2022-04-07,1.088,1.097,1.075,1.081,1316132,142904558.0
2022-04-08,1.081,1.093,1.061,1.074,1905998,204965591.0
2022-04-11,1.06,1.06,1.011,1.012,1552665,159204417.0
2022-04-12,1.009,1.026,1.003,1.026,1254862,127466568.0
2022-04-13,1.019,1.034,1.006,1.016,1108245,113110067.0
2022-04-14,1.03,1.032,0.996,1.007,1522270,153323611.0
2022-04-15,0.997,0.999,0.972,0.992,1500237,147432777.0
2022-04-18,0.98,1.014,0.97,1.013,1370276,136670520.00000003
2022-04-19,1.013,1.034,1.008,1.014,1129019,115195411.0
2022-04-20,1.002,1.003,0.971,0.973,1412356,138912661.0
2022-04-21,0.961,0.975,0.925,0.929,1510595,143616944.0
2022-04-22,0.921,0.933,0.913,0.921,1198526,110600231.0
2022-04-25,0.899,0.902,0.852,0.854,1402729,123649170.0
2022-04-26,0.854,0.864,0.833,0.835,1501004,127815642.0
2022-04-27,0.82,0.919,0.82,0.919,2356730,204789137.0
2022-04-28,0.902,0.937,0.89,0.916,2037300,186929919.0
2022-04-29,0.919,0.961,0.91,0.958,2073344,193290733.0
2022-05-05,0.941,0.973,0.937,0.956,1953581,186376901.0
2022-05-06,0.93,0.954,0.92,0.936,1437783,135453162.0
2022-05-09,0.928,0.954,0.928,0.947,1094763,103394106.0
2022-05-10,0.928,0.982,0.925,0.973,1391024,133940781.0
2022-05-11,0.977,1.04,0.974,1.013,2275707,231297772.0
2022-05-12,1.004,1.015,0.997,1.009,1358843,136594544.0
2022-05-13,1.01,1.019,1.0,1.01,1106143,111341499.0
2022-05-16,1.014,1.033,0.998,1.0,1166125,117976488.0
2022-05-17,0.998,1.039,0.996,1.033,1696944,173333356.0
2022-05-18,1.038,1.051,1.03,1.043,2447195,254630972.00000003
2022-05-19,1.028,1.08,1.024,1.077,1714390,180696575.0
2022-05-20,1.088,1.095,1.067,1.09,1751366,189787159.0
2022-05-23,1.09,1.092,1.068,1.088,1368035,147852519.00000003
2022-05-24,1.083,1.09,1.045,1.05,1566691,168103175.0
2022-05-25,1.043,1.059,1.035,1.055,1458391,152920912.0
2022-05-26,1.056,1.072,1.036,1.057,1346312,142194006.0
2022-05-27,1.067,1.081,1.046,1.052,1296638,138070256.99999997
2022-05-30,1.058,1.068,1.052,1.066,1481752,157227523.0
2022-05-31,1.072,1.09,1.058,1.088,1600073,171762615.0
2022-06-01,1.087,1.1,1.071,1.092,1467677,159548577.0
2022-06-02,1.088,1.123,1.082,1.12,1820024,202374045.0
2022-06-06,1.121,1.191,1.121,1.179,2256595,262315236.00000003
2022-06-07,1.188,1.198,1.167,1.179,1535054,181603409.0
2022-06-08,1.179,1.192,1.151,1.182,1901860,222939989.00000003
2022-06-09,1.173,1.185,1.152,1.164,1542834,180746285.0
2022-06-10,1.15,1.197,1.15,1.195,1825808,214756745.0
2022-06-13,1.184,1.219,1.181,1.207,1814675,217971848.0
2022-06-14,1.192,1.2,1.157,1.198,1596647,188536098.0
2022-06-15,1.203,1.218,1.172,1.188,1842450,219694516.0
2022-06-16,1.189,1.218,1.189,1.204,1568921,189167843.0
2022-06-17,1.191,1.25,1.19,1.249,1956941,241577238.0
2022-06-20,1.262,1.291,1.256,1.273,2232503,284781447.00000006
2022-06-21,1.274,1.275,1.238,1.254,1958561,245771766.00000003
2022-06-22,1.253,1.289,1.253,1.264,1990160,252630528.0
2022-06-23,1.267,1.296,1.251,1.296,2199213,280683613.0
2022-06-24,1.301,1.328,1.297,1.324,1845799,241988714.0
2022-06-27,1.335,1.346,1.32,1.33,1793944,238896257.0
2022-06-28,1.328,1.355,1.312,1.354,1665809,221923791.0
2022-06-29,1.348,1.348,1.291,1.292,2328169,307733137.99999994
2022-06-30,1.292,1.339,1.291,1.326,2112475,278188765.0
2022-07-01,1.325,1.339,1.315,1.321,1723134,228551295.0
2022-07-04,1.32,1.349,1.301,1.347,1858154,247602360.0
2022-07-05,1.353,1.368,1.335,1.359,1468541,198799992.0
2022-07-06,1.351,1.371,1.332,1.353,1781946,241699756.0
2022-07-07,1.352,1.393,1.34,1.391,1958648,267763335.0
2022-07-08,1.399,1.405,1.35,1.351,2044597,281189335.0
2022-07-11,1.341,1.341,1.294,1.308,2150086,282256495.0
2022-07-12,1.308,1.329,1.283,1.29,1802399,235335187.00000003
2022-07-13,1.291,1.335,1.272,1.325,2207259,287912523.0
2022-07-14,1.322,1.371,1.315,1.362,1866234,251339877.0
2022-07-15,1.356,1.377,1.342,1.343,1843567,251326424.0
2022-07-18,1.345,1.356,1.314,1.35,1425258,190585809.0
2022-07-19,1.35,1.35,1.314,1.319,1598876,212551932.0
2022-07-20,1.322,1.337,1.316,1.324,1316612,174518041.0
2022-07-21,1.32,1.333,1.301,1.303,1299897,171300451.0
2022-07-22,1.31,1.324,1.292,1.307,1442913,188950971.0
2022-07-25,1.3,1.306,1.277,1.282,1584518,204438875.0
2022-07-26,1.28,1.315,1.277,1.296,1438502,186303991.0
2022-07-27,1.296,1.318,1.284,1.316,1386043,180852657.00000003
2022-07-28,1.324,1.329,1.299,1.305,1314786,172469950.0
2022-07-29,1.306,1.323,1.293,1.299,1297169,169577980.0
2022-08-01,1.291,1.327,1.274,1.325,1497344,194264164.00000003
2022-08-02,1.315,1.318,1.279,1.293,1687560,219047829.0
2022-08-03,1.294,1.316,1.247,1.255,1700263,218670719.0
2022-08-04,1.258,1.269,1.235,1.255,1445473,180968416.0
2022-08-05,1.256,1.268,1.242,1.264,1351824,169851727.00000003
2022-08-08,1.256,1.276,1.243,1.275,1332286,168025533.0
2022-08-09,1.275,1.313,1.266,1.301,1600720,207444634.0
2022-08-10,1.298,1.304,1.28,1.288,1496335,193149912.0
2022-08-11,1.289,1.3,1.265,1.298,1443768,185235103.0
2022-08-12,1.293,1.304,1.28,1.281,1097561,141834826.0
2022-08-15,1.281,1.332,1.281,1.32,1766894,232480496.0
2022-08-16,1.327,1.345,1.321,1.328,1421892,189633066.0
2022-08-17,1.329,1.34,1.32,1.335,1501945,200014330.0
2022-08-18,1.333,1.355,1.33,1.343,1340127,180515803.0
2022-08-19,1.342,1.344,1.302,1.304,1794615,236557353.0
2022-08-22,1.295,1.327,1.282,1.326,1704786,222656713.0
2022-08-23,1.32,1.348,1.318,1.336,1386829,185470147.0
2022-08-24,1.349,1.35,1.283,1.29,1745698,228744411.0
2022-08-25,1.289,1.295,1.243,1.261,1739734,220034905.0
2022-08-26,1.262,1.277,1.25,1.255,1521455,192037415.0
2022-08-29,1.235,1.26,1.229,1.254,1386393,173252327.0
2022-08-30,1.253,1.258,1.235,1.238,1236902,154082065.0
2022-08-31,1.235,1.24,1.18,1.186,1870660,225951132.00000003
2022-09-01,1.183,1.197,1.172,1.175,1329061,157395618.0
2022-09-02,1.179,1.182,1.153,1.164,1364045,158954126.0
2022-09-05,1.158,1.18,1.155,1.173,1155033,134976928.00000003
2022-09-06,1.176,1.209,1.153,1.205,1846184,217625847.0
2022-09-07,1.198,1.235,1.194,1.224,1451790,177022313.99999997
2022-09-08,1.22,1.227,1.203,1.207,1080210,131460521.0
2022-09-09,1.207,1.21,1.188,1.206,1222272,146572460.99999997
2022-09-13,1.211,1.216,1.189,1.204,1012471,121573616.0
2022-09-14,1.188,1.199,1.172,1.178,1441553,170645978.0
2022-09-15,1.181,1.187,1.107,1.12,2053307,234095558.00000003
2022-09-16,1.109,1.121,1.096,1.098,1587492,176116704.0
2022-09-19,1.09,1.113,1.089,1.096,1301010,143203451.0
2022-09-20,1.106,1.145,1.104,1.128,1557100,175284957.00000003
2022-09-21,1.12,1.132,1.109,1.121,1415882,158852738.0
2022-09-22,1.113,1.134,1.1,1.121,1194398,133753906.0
2022-09-23,1.117,1.133,1.094,1.109,1290740,143403459.0
2022-09-26,1.095,1.14,1.095,1.122,1598249,179037766.0
2022-09-27,1.122,1.135,1.109,1.128,1448473,162350370.0
2022-09-28,1.122,1.129,1.08,1.083,1498135,164727010.0
2022-09-29,1.09,1.108,1.08,1.098,1489867,162746824.0
2022-09-30,1.089,1.097,1.061,1.062,1580696,170451235.0
2022-10-10,1.057,1.073,1.034,1.038,1259316,132397003.0
2022-10-11,1.046,1.071,1.044,1.065,1308425,138844771.99999997
2022-10-12,1.065,1.105,1.04,1.105,1689038,180081084.0
2022-10-13,1.096,1.118,1.092,1.095,1804216,199482502.00000003
2022-10-14,1.11,1.142,1.09,1.132,1806850,200571465.00000003
2022-10-17,1.12,1.126,1.098,1.12,1591751,176679894.0
2022-10-18,1.127,1.136,1.114,1.122,1302193,146423284.0
2022-10-19,1.118,1.139,1.112,1.112,1299049,146385254.0
2022-10-20,1.099,1.104,1.071,1.083,1576210,170951892.0
2022-10-21,1.08,1.097,1.074,1.079,1197190,130036392.0
2022-10-24,1.084,1.096,1.054,1.067,1464247,158133132.0
2022-10-25,1.06,1.095,1.05,1.085,1436523,154127719.00000003
2022-10-26,1.09,1.108,1.076,1.098,1565767,170902703.0
2022-10-27,1.11,1.127,1.084,1.09,1399938,155278210.00000003
2022-10-28,1.078,1.081,1.04,1.046,1671083,177226743.0
2022-10-31,1.036,1.056,1.029,1.036,1359129,141552757.00000003
2022-11-01,1.036,1.08,1.036,1.079,1927523,204138873.0
2022-11-02,1.071,1.1,1.066,1.093,1452309,157118835.0
2022-11-03,1.083,1.111,1.083,1.096,1667565,183091936.0
2022-11-04,1.096,1.152,1.092,1.15,2259045,254855881.0
2022-11-07,1.15,1.162,1.141,1.15,1420718,163797035.00000003
2022-11-08,1.148,1.158,1.131,1.146,1027984,117565002.0
2022-11-09,1.146,1.148,1.12,1.122,1244115,140675983.0
2022-11-10,1.117,1.117,1.089,1.095,1556450,171302456.0
2022-11-11,1.135,1.139,1.1,1.107,1738681,194006406.0
2022-11-14,1.103,1.113,1.068,1.073,2180337,236996269.0
2022-11-15,1.072,1.099,1.068,1.098,1922027,207893851.0
2022-11-16,1.098,1.1,1.07,1.071,1888586,204391306.0
2022-11-17,1.065,1.069,1.043,1.056,2036922,214423118.00000003
2022-11-18,1.059,1.07,1.042,1.054,1746716,185126057.00000003
2022-11-21,1.049,1.068,1.045,1.065,1551224,164100040.0
2022-11-22,1.061,1.061,1.036,1.041,1754438,183358367.00000003
2022-11-23,1.038,1.063,1.03,1.061,1840056,192733482.0
2022-11-24,1.063,1.072,1.054,1.06,1682460,178700038.0
2022-11-25,1.055,1.055,1.033,1.035,1694501,176036579.0
2022-11-28,1.017,1.027,1.008,1.026,1516298,154280082.0
2022-11-29,1.024,1.036,1.018,1.029,1955928,201003400.00000003
2022-11-30,1.031,1.043,1.026,1.036,1748282,180675666.0
2022-12-01,1.052,1.065,1.05,1.056,1979369,209501071.0
2022-12-02,1.053,1.069,1.05,1.057,1237194,131323274.0
2022-12-05,1.059,1.06,1.035,1.041,2017991,210185841.0
2022-12-06,1.04,1.054,1.026,1.044,1737573,180511608.00000003
2022-12-07,1.038,1.069,1.036,1.057,2016916,213358608.0
2022-12-08,1.055,1.073,1.047,1.06,1382130,146921261.00000003
2022-12-09,1.059,1.063,1.05,1.056,1043724,110165175.0
2022-12-12,1.054,1.054,1.036,1.038,1203296,125377176.0
2022-12-13,1.037,1.044,1.018,1.02,1722852,176815936.00000003
2022-12-14,1.02,1.026,1.008,1.011,1275373,129413761.0
2022-12-15,1.009,1.033,1.005,1.032,1457515,148328643.0
2022-12-16,1.023,1.028,1.003,1.006,1392463,140999857.0
2022-12-19,1.007,1.032,1.007,1.012,1549022,158028599.0
2022-12-20,1.008,1.012,0.997,1.001,1242613,124468030.0
2022-12-21,1.004,1.005,0.981,0.986,1274886,126231138.0
2022-12-22,0.987,0.991,0.958,0.964,1682758,163489966.0
2022-12-23,0.955,0.961,0.942,0.948,1182181,112504229.0
2022-12-26,0.945,0.993,0.945,0.99,1923511,187448658.0
2022-12-27,0.991,1.002,0.986,1.001,1064337,105929320.0
2022-12-28,0.991,1.0,0.979,0.995,1180539,116877559.0
2022-12-29,0.985,1.004,0.985,0.992,847651,84383784.00000001
2022-12-30,0.998,1.004,0.985,0.987,923284,91873798.0
2023-01-03,0.986,1.001,0.968,1.0,1222284,120365448.0
2023-01-04,0.994,0.995,0.972,0.978,1396123,137113199.0
2023-01-05,0.982,1.009,0.978,1.002,2183245,217449906.0
2023-01-06,1.0,1.05,1.0,1.036,2585028,267378307.0
2023-01-09,1.044,1.055,1.035,1.041,1560308,163077898.0
2023-01-10,1.042,1.053,1.032,1.046,1305745,136141473.0
2023-01-11,1.047,1.053,1.033,1.035,1131354,117797894.0
2023-01-12,1.035,1.058,1.035,1.047,1198268,125725459.0
2023-01-13,1.052,1.06,1.033,1.045,1390596,145263661.0
2023-01-16,1.04,1.062,1.035,1.052,1789762,187983446.0
2023-01-17,1.053,1.065,1.052,1.058,1353741,143329157.0
2023-01-18,1.06,1.069,1.055,1.064,1233209,131073169.0
2023-01-19,1.064,1.064,1.051,1.061,1317127,139126046.99999997
2023-01-20,1.064,1.082,1.062,1.081,1989783,213701290.00000003
2023-01-30,1.113,1.12,1.097,1.099,2492115,276776335.00000006
2023-01-31,1.097,1.111,1.095,1.102,1359853,150035727.0
2023-02-01,1.106,1.116,1.094,1.112,1573644,174025383.0
2023-02-02,1.111,1.112,1.096,1.099,1275381,140806898.0
2023-02-03,1.095,1.099,1.067,1.08,1714481,185088587.0
2023-02-06,1.075,1.075,1.059,1.067,1204637,128581640.0
2023-02-07,1.068,1.076,1.059,1.068,905208,96506687.0
2023-02-08,1.069,1.077,1.063,1.064,1064441,113794138.0
2023-02-09,1.064,1.077,1.055,1.077,1306576,139730614.0
2023-02-10,1.076,1.076,1.053,1.058,1348784,143299580.0
2023-02-13,1.057,1.068,1.054,1.062,972892,103343067.0
2023-02-14,1.062,1.067,1.052,1.057,1011967,106952971.0
2023-02-15,1.058,1.068,1.049,1.051,1338119,141311967.0
2023-02-16,1.05,1.058,1.024,1.031,1801450,188056731.0
2023-02-17,1.028,1.034,1.005,1.007,2176829,221663343.00000003
2023-02-20,1.005,1.018,0.992,1.018,1464496,146933622.0
2023-02-21,1.017,1.029,1.011,1.025,1535287,156529452.0
2023-02-22,1.019,1.025,1.012,1.016,937128,95363780.0
2023-02-23,1.015,1.031,1.013,1.029,1542821,157858783.0
2023-02-24,1.031,1.032,1.01,1.012,1226012,124679653.0
2023-02-27,1.008,1.024,1.004,1.011,1372723,139096336.99999997
2023-02-28,1.013,1.014,1.001,1.013,1175627,118432634.0
2023-03-01,1.012,1.013,1.005,1.011,1397986,141054481.0
2023-03-02,1.01,1.012,0.993,0.995,1923920,192459304.00000003
2023-03-03,0.997,1.001,0.992,0.997,1411362,140597740.00000003
2023-03-06,0.997,1.016,0.983,1.014,3183669,319480409.0
2023-03-07,1.011,1.014,1.001,1.003,1715836,172897035.0
2023-03-08,0.999,1.008,0.989,0.996,1400872,139582470.0
2023-03-09,0.997,1.0,0.989,0.991,1189150,118126231.0
2023-03-10,0.988,0.991,0.975,0.981,1560186,153145083.99999997
2023-03-13,0.976,0.985,0.967,0.97,1882517,183015682.00000003
2023-03-14,0.969,0.97,0.938,0.959,2752913,262226569.0
2023-03-15,0.961,0.978,0.956,0.959,1628193,157183900.0
2023-03-16,0.95,0.955,0.925,0.928,2802033,263038509.0
2023-03-17,0.932,0.935,0.918,0.921,2172487,201004210.0
2023-03-20,0.917,0.938,0.907,0.927,2917771,269239868.0
2023-03-21,0.927,0.942,0.921,0.941,2380279,221565315.0
2023-03-22,0.944,0.959,0.939,0.944,2285102,216724159.0
2023-03-23,0.939,0.945,0.935,0.941,1926638,180804723.0
2023-03-24,0.943,0.951,0.931,0.943,2168838,204123758.0
2023-03-27,0.943,0.953,0.933,0.951,2367733,223572463.0
2023-03-28,0.951,0.952,0.937,0.938,1865249,175835413.0
2023-03-29,0.94,0.952,0.936,0.943,2404556,227168802.0
2023-03-30,0.943,0.949,0.935,0.949,1975387,186183926.0
2023-03-31,0.95,0.966,0.949,0.953,2679731,256201468.0
2023-04-03,0.954,0.964,0.946,0.958,3564637,340248787.0
2023-04-04,0.958,0.958,0.928,0.936,4327347,405978446.0
2023-04-06,0.93,0.939,0.925,0.938,3483957,324744060.0
2023-04-07,0.938,0.947,0.935,0.939,3269219,307384705.0
2023-04-10,0.947,0.958,0.938,0.958,5292335,501967927.0
2023-04-11,0.958,0.962,0.949,0.956,4012909,382970300.0
2023-04-12,0.954,0.955,0.936,0.939,4461623,420468162.00000006
2023-04-13,0.939,0.944,0.93,0.934,3205551,300037049.99999994
2023-04-14,0.934,0.955,0.929,0.947,6201703,586972206.0000001
2023-04-17,0.947,0.961,0.945,0.956,4741610,452762204.0
2023-04-18,0.959,0.969,0.956,0.961,5164536,497553818.0
2023-04-19,0.962,0.963,0.948,0.95,4240010,403968749.0
2023-04-20,0.951,0.952,0.921,0.924,6746904,626619033.0
2023-04-21,0.924,0.938,0.912,0.914,5384148,498582971.0
2023-04-24,0.914,0.916,0.889,0.895,4778014,429220678.0
2023-04-25,0.893,0.899,0.858,0.862,7253799,630869337.0
2023-04-26,0.862,0.922,0.857,0.908,9488915,853811648.0
2023-04-27,0.907,0.917,0.899,0.912,5442635,494456843.0
2023-04-28,0.912,0.919,0.9,0.907,3541497,321091665.00000006
2023-05-04,0.902,0.917,0.898,0.899,2920922,264299395.00000003
2023-05-05,0.898,0.899,0.876,0.887,5040462,446456324.0
2023-05-08,0.891,0.898,0.883,0.893,2935656,261552627.0
2023-05-09,0.892,0.896,0.876,0.877,2870836,253395115.00000003
2023-05-10,0.877,0.901,0.869,0.894,3731057,330018497.0
2023-05-11,0.895,0.915,0.89,0.905,3740891,337984064.0
2023-05-12,0.902,0.911,0.889,0.89,2356151,211595796.0
2023-05-15,0.893,0.925,0.893,0.924,4930015,451119986.00000006
2023-05-16,0.927,0.932,0.918,0.922,3155196,291574356.0
2023-05-17,0.924,0.931,0.913,0.921,2623185,240977501.0
2023-05-18,0.922,0.923,0.899,0.906,3864285,350669728.0
2023-05-19,0.903,0.907,0.896,0.9,2253081,202908769.0
2023-05-22,0.897,0.91,0.895,0.906,2099407,189535112.0
2023-05-23,0.906,0.914,0.897,0.898,2488652,224938390.0
2023-05-24,0.897,0.912,0.891,0.902,2582070,233044754.00000003
2023-05-25,0.899,0.913,0.892,0.906,2983021,270146679.0
2023-05-26,0.904,0.904,0.876,0.886,4191197,370620876.0
2023-05-29,0.887,0.889,0.86,0.864,4003981,347550667.0
2023-05-30,0.86,0.873,0.851,0.863,3376649,290584487.0
2023-05-31,0.864,0.865,0.849,0.851,2421769,206780728.00000003
2023-06-01,0.851,0.865,0.849,0.852,2572181,220411052.00000003
2023-06-02,0.854,0.872,0.853,0.868,3023400,261379062.0
2023-06-05,0.868,0.869,0.848,0.852,3355017,285988443.0
2023-06-06,0.848,0.851,0.838,0.841,3025115,255040535.00000003
2023-06-07,0.842,0.844,0.821,0.827,4014845,332399536.00000006
2023-06-08,0.826,0.838,0.826,0.827,2907589,241695403.0
2023-06-09,0.829,0.837,0.824,0.834,2284847,189734688.00000003
2023-06-12,0.83,0.842,0.824,0.836,2388658,198920207.0
2023-06-13,0.833,0.841,0.831,0.836,1659903,138635849.0
2023-06-14,0.837,0.839,0.825,0.826,2701978,224416955.0
2023-06-15,0.827,0.867,0.823,0.866,6412068,544082247.0000001
2023-06-16,0.869,0.877,0.863,0.875,3910578,340495269.0
2023-06-19,0.875,0.876,0.864,0.868,3018116,262447420.0
2023-06-20,0.868,0.877,0.862,0.867,3012210,261549068.0
2023-06-21,0.87,0.877,0.855,0.856,2421380,209894651.00000003
2023-06-26,0.849,0.87,0.845,0.859,2468103,211200214.0
2023-06-27,0.86,0.871,0.854,0.862,2009176,173108950.0
2023-06-28,0.859,0.87,0.858,0.867,2921107,252855082.0
2023-06-29,0.864,0.878,0.862,0.864,2113130,183752739.00000003
2023-06-30,0.864,0.885,0.86,0.879,3739339,327503740.0
2023-07-03,0.883,0.892,0.88,0.884,2853539,252670725.00000003
2023-07-04,0.884,0.884,0.874,0.878,2083868,182963607.0
2023-07-05,0.877,0.88,0.867,0.869,1690446,147425071.0
2023-07-06,0.867,0.869,0.858,0.864,1900380,163853167.00000003
2023-07-07,0.86,0.861,0.849,0.85,2475511,211399709.0
2023-07-10,0.855,0.882,0.853,0.875,4114243,359017179.0
2023-07-11,0.875,0.877,0.863,0.872,2065038,179346420.0
2023-07-12,0.871,0.883,0.863,0.874,2518927,219875818.0
2023-07-13,0.875,0.891,0.875,0.881,2659086,234534321.0
2023-07-14,0.88,0.881,0.866,0.867,2574385,224382580.00000003
2023-07-17,0.866,0.867,0.856,0.861,1908686,164240947.00000003
2023-07-18,0.862,0.863,0.85,0.856,2409795,205792180.0
2023-07-19,0.856,0.856,0.841,0.844,3262346,275800974.0
2023-07-20,0.844,0.855,0.843,0.843,2332384,198061689.0
2023-07-21,0.842,0.843,0.832,0.836,2384306,199404844.0
2023-07-24,0.832,0.833,0.822,0.824,2954677,244139323.00000003
2023-07-25,0.832,0.842,0.831,0.842,2674431,223958220.0
2023-07-26,0.841,0.848,0.838,0.844,1490563,125739387.0
2023-07-27,0.846,0.85,0.836,0.838,2091821,176348778.0
2023-07-28,0.833,0.848,0.83,0.846,2504166,210448600.0
2023-07-31,0.85,0.864,0.85,0.855,3194532,273951517.00000006
2023-08-01,0.853,0.858,0.846,0.85,2554922,217514133.0
2023-08-02,0.85,0.854,0.845,0.845,1632010,138436965.0
2023-08-03,0.844,0.858,0.844,0.858,2599679,222111222.0
2023-08-04,0.863,0.87,0.856,0.864,3134376,270658000.0
2023-08-07,0.862,0.864,0.856,0.859,1895246,162642918.0
2023-08-08,0.86,0.862,0.852,0.855,1355238,115952570.0
2023-08-09,0.852,0.855,0.849,0.852,1296278,110379251.0
2023-08-10,0.854,0.862,0.853,0.858,2297616,197073676.0
2023-08-11,0.858,0.859,0.837,0.838,3041937,257644259.0
2023-08-14,0.832,0.832,0.818,0.828,2900936,239231611.00000003
2023-08-15,0.828,0.83,0.809,0.815,3170507,258818442.0
2023-08-16,0.809,0.82,0.805,0.806,2191216,177818258.0
2023-08-17,0.805,0.809,0.796,0.808,2022701,162252669.0
2023-08-18,0.807,0.815,0.799,0.799,1775357,143437079.0
2023-08-21,0.799,0.799,0.782,0.783,2310922,182380057.0
2023-08-22,0.786,0.788,0.758,0.773,3532761,272244778.0
2023-08-23,0.767,0.769,0.749,0.75,2651616,201228422.0
2023-08-24,0.752,0.766,0.748,0.759,2321508,175884327.00000003
2023-08-25,0.755,0.761,0.749,0.755,2106027,158878583.0
2023-08-28,0.793,0.797,0.755,0.76,2899421,224597026.0
2023-08-29,0.756,0.778,0.756,0.775,2406672,185178881.0
2023-08-30,0.775,0.783,0.77,0.774,2086495,162072714.99999997
2023-08-31,0.772,0.772,0.761,0.765,2559053,195460189.0
2023-09-01,0.766,0.769,0.761,0.764,1269162,96945986.0
2023-09-04,0.767,0.773,0.757,0.772,2383811,182779268.0
2023-09-05,0.769,0.777,0.764,0.774,2839047,218981325.0
2023-09-06,0.772,0.772,0.762,0.767,1843592,141185458.0
2023-09-07,0.764,0.765,0.747,0.748,2745193,206864196.00000003
2023-09-08,0.745,0.747,0.733,0.737,2221460,163823434.0
2023-09-11,0.738,0.747,0.732,0.743,2047763,151323132.0
2023-09-12,0.74,0.751,0.739,0.744,1954499,145607957.0
2023-09-13,0.742,0.745,0.731,0.734,1913006,140825274.0
2023-09-14,0.73,0.734,0.724,0.727,1645943,119787549.0
2023-09-15,0.728,0.729,0.716,0.72,2609609,188242206.0
2023-09-18,0.717,0.734,0.714,0.728,2669123,193752416.0
2023-09-19,0.727,0.727,0.716,0.719,1456129,104834154.0
2023-09-20,0.718,0.718,0.71,0.711,1590744,113445420.0
2023-09-21,0.709,0.712,0.702,0.703,1734154,122416431.0
2023-09-22,0.702,0.716,0.7,0.715,2882266,203770277.0
2023-09-25,0.713,0.715,0.706,0.712,1573048,111680624.0
2023-09-26,0.71,0.713,0.703,0.704,1466356,103680674.0
2023-09-27,0.703,0.728,0.702,0.719,2824776,202727626.0
2023-09-28,0.718,0.725,0.716,0.719,1568216,112972454.0
2023-10-09,0.719,0.719,0.707,0.712,1770978,125827576.0
2023-10-10,0.711,0.719,0.707,0.707,1687163,120139293.0
2023-10-11,0.709,0.717,0.704,0.707,2248970,159844750.00000003
2023-10-12,0.71,0.725,0.708,0.725,3758960,269829591.0
2023-10-13,0.72,0.72,0.706,0.71,3126212,222023092.0
2023-10-16,0.711,0.711,0.69,0.693,3452118,240806367.0
2023-10-17,0.695,0.704,0.692,0.699,2374848,166071912.0
2023-10-18,0.698,0.698,0.685,0.687,2161246,149054923.0
2023-10-19,0.683,0.686,0.677,0.677,2581746,175716672.0
2023-10-20,0.674,0.693,0.672,0.686,2884044,197325696.0
2023-10-23,0.682,0.684,0.66,0.664,3614617,241636893.00000003
2023-10-24,0.667,0.671,0.661,0.667,2875373,191572187.0
2023-10-25,0.672,0.678,0.664,0.666,2351738,157750726.99999997
2023-10-26,0.659,0.66,0.643,0.657,4375497,284528617.0
2023-10-27,0.656,0.687,0.652,0.684,5225779,351885183.0
2023-10-30,0.681,0.693,0.68,0.692,3426754,235540658.0
2023-10-31,0.687,0.688,0.677,0.68,2575481,175425778.00000003
2023-11-01,0.684,0.684,0.671,0.676,2198228,148680539.0
2023-11-02,0.675,0.678,0.662,0.663,3259776,218194499.00000003
2023-11-03,0.662,0.674,0.662,0.671,2422221,162289980.0
2023-11-06,0.676,0.695,0.674,0.694,4136167,284902127.00000006
2023-11-07,0.69,0.692,0.684,0.689,2562339,176096095.0
2023-11-08,0.687,0.696,0.685,0.691,2909023,200938755.00000003
2023-11-09,0.689,0.703,0.688,0.699,4240826,296257522.0
2023-11-10,0.695,0.696,0.687,0.689,1851804,127666449.0
2023-11-13,0.692,0.697,0.687,0.692,2180182,150705133.00000003
2023-11-14,0.692,0.696,0.684,0.689,2689962,185435340.0
2023-11-15,0.696,0.704,0.695,0.699,3850583,269359975.0
2023-11-16,0.698,0.698,0.681,0.682,3816140,261930559.0
2023-11-17,0.679,0.683,0.677,0.682,2125721,144532385.0
2023-11-20,0.683,0.685,0.674,0.682,2232301,151585885.0
2023-11-21,0.683,0.688,0.677,0.678,2351148,160630022.0
2023-11-22,0.675,0.676,0.662,0.662,2902999,194035373.00000003
2023-11-23,0.661,0.665,0.659,0.664,2375681,157292340.0
2023-11-24,0.663,0.664,0.654,0.655,2561787,168576685.00000003
2023-11-27,0.653,0.654,0.641,0.644,3273286,211209723.0
2023-11-28,0.643,0.647,0.639,0.647,2035502,130887411.0
2023-11-29,0.645,0.646,0.635,0.636,2379126,151886131.00000003
2023-11-30,0.636,0.64,0.63,0.633,3197262,202694073.0
2023-12-01,0.632,0.633,0.623,0.629,2608273,163703978.0
2023-12-04,0.628,0.63,0.623,0.624,1901375,119145819.0
2023-12-05,0.622,0.631,0.616,0.617,2480540,154701959.0
2023-12-06,0.616,0.638,0.615,0.63,4151344,261832480.0
2023-12-07,0.628,0.63,0.619,0.625,2097824,130758272.0
2023-12-08,0.629,0.631,0.622,0.623,1750892,109434071.0
2023-12-11,0.618,0.625,0.609,0.624,3180293,195640040.0
2023-12-12,0.62,0.626,0.618,0.621,1614130,100309516.0
2023-12-13,0.62,0.621,0.603,0.604,3062311,186783771.0
2023-12-14,0.609,0.615,0.601,0.601,2185651,132746113.0
2023-12-15,0.604,0.614,0.602,0.604,2715185,165231598.99999997
2023-12-18,0.6,0.604,0.588,0.589,2658684,158125282.0
2023-12-19,0.589,0.598,0.587,0.593,2665087,157941621.0
2023-12-20,0.595,0.596,0.586,0.587,1598482,94502268.0
2023-12-21,0.583,0.607,0.582,0.604,4195599,251015850.0
2023-12-22,0.6,0.621,0.594,0.612,4867024,295228896.00000006
2023-12-25,0.611,0.618,0.608,0.615,2309489,141805378.00000003
2023-12-26,0.614,0.615,0.61,0.613,2107140,129045783.0
2023-12-27,0.615,0.615,0.603,0.608,2032309,123275957.0
2023-12-28,0.607,0.65,0.605,0.65,7407435,470799929.0
2023-12-29,0.648,0.65,0.642,0.645,3621682,233822900.0
2024-01-02,0.646,0.646,0.631,0.631,2586681,164538690.0
2024-01-03,0.63,0.637,0.629,0.634,2551796,161334046.00000003
2024-01-04,0.633,0.633,0.618,0.621,2490903,155242788.00000003
2024-01-05,0.62,0.633,0.61,0.615,3070179,191199172.0
2024-01-08,0.612,0.622,0.606,0.606,2459949,151146024.0
2024-01-09,0.608,0.626,0.599,0.617,3716519,227633431.0
2024-01-10,0.612,0.632,0.606,0.621,3621355,225381941.0
2024-01-11,0.619,0.643,0.618,0.638,4241532,267986963.0
2024-01-12,0.635,0.649,0.632,0.636,4132033,264541732.0
2024-01-15,0.63,0.637,0.624,0.626,2651846,166908454.0
2024-01-16,0.625,0.64,0.621,0.636,3247562,205123340.0
2024-01-17,0.634,0.634,0.613,0.614,3132700,195020307.00000003
2024-01-18,0.61,0.633,0.61,0.632,3938198,244392894.0
2024-01-19,0.629,0.643,0.624,0.625,2971671,187801772.0
2024-01-22,0.616,0.624,0.6,0.605,4355407,266632168.00000003
2024-01-23,0.604,0.621,0.598,0.611,3845936,234995666.0
2024-01-24,0.613,0.615,0.589,0.607,3589647,215726156.0
2024-01-25,0.604,0.617,0.596,0.617,3882831,235983684.0
2024-01-26,0.612,0.618,0.604,0.605,3516619,214366188.0
2024-01-29,0.604,0.605,0.576,0.576,4229574,248332383.00000003
2024-01-30,0.57,0.581,0.561,0.562,2778724,158665133.0
2024-01-31,0.56,0.571,0.55,0.551,3623332,202867285.0
2024-02-01,0.548,0.565,0.546,0.553,2900115,161001497.0
2024-02-02,0.553,0.555,0.518,0.534,3540685,191093829.0
2024-02-05,0.526,0.536,0.501,0.523,3946718,205722970.00000003
2024-02-06,0.521,0.556,0.519,0.555,4271440,231400996.00000003
2024-02-07,0.554,0.572,0.554,0.567,3370479,190934617.00000003
2024-02-08,0.574,0.587,0.571,0.58,2850182,165474407.0
2024-02-19,0.585,0.585,0.573,0.577,1856986,107233191.0
2024-02-20,0.577,0.577,0.568,0.575,1700380,97285270.0
2024-02-21,0.572,0.595,0.568,0.583,2889487,168518962.0
2024-02-22,0.582,0.591,0.58,0.587,1757528,102722694.0
2024-02-23,0.587,0.595,0.585,0.593,1965153,116009571.0
2024-02-26,0.593,0.595,0.583,0.587,2134744,125662977.0
2024-02-27,0.587,0.598,0.583,0.597,1943378,114609576.0
2024-02-28,0.599,0.62,0.588,0.588,5404651,327110127.0
2024-02-29,0.585,0.612,0.584,0.61,4122900,247665489.0
2024-03-01,0.611,0.618,0.605,0.614,3577194,218871424.0
2024-03-04,0.614,0.622,0.611,0.616,2683301,165219204.0
2024-03-05,0.611,0.611,0.602,0.607,2599094,157473213.0
2024-03-06,0.605,0.626,0.602,0.618,2987132,183623756.0
2024-03-07,0.618,0.619,0.602,0.603,2578057,157499013.00000003
2024-03-08,0.603,0.618,0.603,0.616,2460774,150659452.0
2024-03-11,0.624,0.651,0.624,0.65,6370384,407456434.0
2024-03-12,0.655,0.658,0.646,0.65,3803398,247579970.0
2024-03-13,0.647,0.651,0.642,0.646,2605495,168267435.0
2024-03-14,0.643,0.65,0.633,0.637,3150097,202141438.0
2024-03-15,0.635,0.639,0.624,0.637,3395152,214267606.0
2024-03-18,0.641,0.651,0.64,0.651,3902182,251725565.0
2024-03-19,0.649,0.654,0.641,0.642,1776520,115031165.0
2024-03-20,0.64,0.648,0.639,0.643,1623694,104363173.0
2024-03-21,0.644,0.645,0.633,0.635,2009731,128104724.0
2024-03-22,0.633,0.635,0.617,0.618,2586500,161173819.0
2024-03-25,0.617,0.622,0.608,0.608,2957612,181549990.00000003
2024-03-26,0.608,0.625,0.608,0.622,2622715,161570381.0
2024-03-27,0.621,0.621,0.601,0.602,2270041,138699627.00000003
2024-03-28,0.602,0.614,0.602,0.606,1791237,108872303.0
2024-03-29,0.608,0.618,0.607,0.613,1603184,98186337.0
2024-04-01,0.616,0.633,0.614,0.633,3288194,206652632.0
2024-04-02,0.634,0.64,0.628,0.638,2419176,153357141.99999997
2024-04-03,0.634,0.64,0.63,0.634,2097211,133042219.0
2024-04-08,0.633,0.635,0.62,0.621,2000211,125402847.0
2024-04-09,0.62,0.635,0.619,0.635,2517370,158719310.0
2024-04-10,0.634,0.635,0.619,0.623,2178456,135944204.0
2024-04-11,0.618,0.626,0.611,0.62,2058716,127414120.0
2024-04-12,0.62,0.622,0.603,0.604,2472861,150788042.0
2024-04-15,0.604,0.62,0.604,0.614,1865993,114416197.0
2024-04-16,0.61,0.612,0.594,0.594,2071613,124501813.0
2024-04-17,0.594,0.608,0.594,0.608,1918035,115614863.0
2024-04-18,0.604,0.612,0.597,0.606,1484072,89770581.0
2024-04-19,0.602,0.602,0.587,0.589,1962603,116299432.0
2024-04-22,0.589,0.599,0.587,0.587,1286437,76183895.0
2024-04-23,0.588,0.593,0.579,0.58,1691095,98528899.0
2024-04-24,0.578,0.581,0.568,0.575,2222622,127200733.0
2024-04-25,0.572,0.581,0.567,0.575,2285715,131122596.0
2024-04-26,0.573,0.587,0.572,0.586,2330649,135546613.0
2024-04-29,0.587,0.617,0.587,0.613,3724493,225553566.0
2024-04-30,0.611,0.612,0.6,0.601,2071077,125038948.0
2024-05-06,0.612,0.617,0.61,0.612,2053741,125940707.0
2024-05-07,0.612,0.615,0.606,0.615,1552743,94953408.0
2024-05-08,0.614,0.614,0.603,0.603,1667150,101158613.0
2024-05-09,0.609,0.626,0.608,0.622,3179773,197157253.0
2024-05-10,0.621,0.622,0.61,0.615,2377777,145961309.0
2024-05-13,0.607,0.614,0.601,0.608,2619928,159437482.0
2024-05-14,0.608,0.612,0.603,0.606,1524562,92466801.0
2024-05-15,0.606,0.614,0.598,0.599,1811277,109382697.0
2024-05-16,0.599,0.604,0.595,0.596,1910584,114401193.0
2024-05-17,0.595,0.602,0.59,0.601,1914626,114013810.0
2024-05-20,0.602,0.608,0.601,0.604,1506398,91092085.0
2024-05-21,0.604,0.604,0.595,0.597,1396771,83528401.0
2024-05-22,0.6,0.622,0.599,0.621,4412390,269849395.0
2024-05-23,0.617,0.618,0.603,0.604,2667056,162162744.0
2024-05-24,0.602,0.61,0.597,0.599,2062521,124474660.0
2024-05-27,0.598,0.602,0.59,0.598,1733110,102993606.0
2024-05-28,0.598,0.602,0.593,0.594,1750529,104469967.0
2024-05-29,0.597,0.614,0.596,0.605,2771642,168744935.0
2024-05-30,0.609,0.613,0.603,0.605,1985257,120509838.0
2024-05-31,0.604,0.607,0.598,0.598,1463574,88116735.0
2024-06-03,0.598,0.598,0.591,0.598,1776285,105610811.0
2024-06-04,0.596,0.607,0.594,0.606,1851191,111240794.0
2024-06-05,0.604,0.61,0.6,0.6,1621818,98087282.0
2024-06-06,0.602,0.605,0.588,0.592,2429115,144776013.0
2024-06-07,0.591,0.591,0.572,0.581,2838592,164927814.0
2024-06-11,0.577,0.581,0.571,0.58,1440894,82864558.0
2024-06-12,0.578,0.578,0.573,0.576,1472822,84804895.0
2024-06-13,0.576,0.581,0.574,0.575,1648925,95088422.0
2024-06-14,0.575,0.576,0.568,0.574,1617839,92381562.0
2024-06-17,0.571,0.581,0.567,0.577,1596501,91744493.0
2024-06-18,0.577,0.581,0.574,0.576,1562352,90116097.0
2024-06-19,0.576,0.578,0.567,0.567,1686447,96064303.0
2024-06-20,0.567,0.568,0.554,0.555,2471717,138382958.00000003
2024-06-21,0.555,0.56,0.549,0.553,1643997,90955141.0
2024-06-24,0.548,0.55,0.541,0.542,1509209,82321698.00000001
2024-06-25,0.542,0.545,0.53,0.534,1646698,88402108.00000001
2024-06-26,0.534,0.543,0.527,0.543,1703273,91098621.0
2024-06-27,0.541,0.541,0.53,0.531,1404552,75128583.0
2024-06-28,0.531,0.536,0.525,0.526,1795164,95271435.0
2024-07-01,0.526,0.532,0.52,0.53,1558282,81923807.0
2024-07-02,0.53,0.53,0.522,0.522,1658482,87091446.0
2024-07-03,0.522,0.527,0.518,0.523,1751735,91522171.0
2024-07-04,0.523,0.525,0.513,0.514,1581789,81979564.0
2024-07-05,0.514,0.517,0.511,0.516,1626496,83658091.0
2024-07-08,0.512,0.515,0.504,0.505,1532378,77893078.99999999
2024-07-09,0.503,0.511,0.497,0.508,1648471,82965503.0
2024-07-10,0.505,0.519,0.502,0.508,1651762,84560421.0
2024-07-11,0.513,0.528,0.512,0.526,2591256,134962300.99999997
2024-07-12,0.526,0.532,0.522,0.527,1752284,92459049.0
2024-07-15,0.522,0.525,0.52,0.521,1132304,59149263.00000001
2024-07-16,0.52,0.532,0.52,0.531,1764855,93004793.0
2024-07-17,0.532,0.535,0.529,0.531,1306503,69488150.0
2024-07-18,0.528,0.539,0.524,0.537,1933846,102672665.0
2024-07-19,0.533,0.543,0.532,0.542,1493633,80353403.0
2024-07-22,0.54,0.546,0.537,0.541,1404710,76165726.0
2024-07-23,0.541,0.541,0.528,0.529,1326886,71111317.0
2024-07-24,0.527,0.532,0.523,0.525,1397480,73686066.0
2024-07-25,0.522,0.54,0.522,0.535,2569323,136995800.99999997
2024-07-26,0.533,0.543,0.533,0.54,1534063,82736668.0
2024-07-29,0.54,0.54,0.528,0.529,1253801,66521581.0
2024-07-30,0.529,0.531,0.523,0.526,1173665,61737740.0
2024-07-31,0.525,0.541,0.52,0.54,2525416,134536739.00000003
2024-08-01,0.539,0.541,0.532,0.534,1306667,69969793.0
2024-08-02,0.531,0.534,0.524,0.525,1442736,76336926.0
2024-08-05,0.523,0.535,0.52,0.52,1768556,93556485.0
2024-08-06,0.525,0.534,0.524,0.53,1517871,80430542.0
2024-08-07,0.53,0.534,0.527,0.531,1374695,72926617.99999999
2024-08-08,0.529,0.531,0.524,0.527,1222822,64436456.00000001
2024-08-09,0.529,0.531,0.52,0.521,1451270,76060902.0
2024-08-12,0.526,0.527,0.516,0.518,1855371,96361993.0
2024-08-13,0.515,0.524,0.512,0.522,1486685,76891167.0
2024-08-14,0.523,0.525,0.514,0.515,1616264,83586844.0
2024-08-15,0.512,0.524,0.512,0.519,1214778,62894792.0
2024-08-16,0.519,0.52,0.513,0.514,1009757,52149320.0
2024-08-19,0.513,0.518,0.512,0.512,821769,42293483.0
2024-08-20,0.513,0.515,0.506,0.508,1083456,55230466.00000001
2024-08-21,0.505,0.509,0.502,0.506,835324,42219794.00000001
2024-08-22,0.507,0.509,0.501,0.502,996290,50110744.0
2024-08-23,0.5,0.502,0.497,0.499,1024661,51133955.0
2024-08-26,0.499,0.513,0.499,0.506,1271377,64573179.0
2024-08-27,0.505,0.506,0.497,0.502,1198103,60111368.00000001
2024-08-28,0.501,0.504,0.498,0.502,879556,44091500.0
2024-08-29,0.5,0.517,0.499,0.512,1494963,76054292.0
2024-08-30,0.51,0.526,0.509,0.52,1789687,92888967.0
2024-09-02,0.517,0.52,0.507,0.507,1438601,73838147.0
2024-09-03,0.506,0.517,0.505,0.512,1263185,64585111.99999999
2024-09-04,0.509,0.521,0.509,0.515,1355314,69883207.00000001
2024-09-05,0.513,0.521,0.513,0.516,1086279,56175665.0
2024-09-06,0.515,0.515,0.504,0.505,1493878,75944321.99999999
2024-09-09,0.502,0.508,0.498,0.502,1086108,54644447.99999999
2024-09-10,0.502,0.504,0.493,0.5,1458487,72593160.0
2024-09-11,0.497,0.51,0.497,0.507,1736308,87838070.0
2024-09-12,0.507,0.519,0.507,0.509,1484219,76213603.00000001
2024-09-13,0.508,0.509,0.496,0.497,1534518,76867946.0
2024-09-18,1.6,1.606,1.585,1.597,428033,68286263.0
2024-09-19,1.6,1.634,1.587,1.614,520768,83908232.00000001
2024-09-20,1.612,1.612,1.583,1.594,422999,67273599.00000001
2024-09-23,1.59,1.599,1.585,1.586,292372,46482571.0
2024-09-24,1.594,1.664,1.59,1.662,997107,162749419.0
2024-09-25,1.699,1.727,1.68,1.683,862254,146952567.0
2024-09-26,1.681,1.737,1.668,1.737,792948,134866024.0
2024-09-27,1.77,1.86,1.77,1.854,753161,136175390.00000003
2024-09-30,1.959,2.039,1.936,2.039,2250449,450711952.0
2024-10-08,2.243,2.243,2.15,2.243,2499735,558460169.0
2024-10-09,2.245,2.245,2.081,2.089,2184645,473380348.0
2024-10-10,2.077,2.148,2.049,2.082,1165975,244921336.00000003
2024-10-11,2.077,2.077,1.952,1.976,1143883,228597016.00000003
2024-10-14,1.999,2.02,1.958,2.01,747118,148902125.0
2024-10-15,2.008,2.01,1.955,1.957,644016,127698081.0
2024-10-16,1.936,1.942,1.902,1.915,656320,126259088.0
2024-10-17,1.92,1.934,1.888,1.889,573840,109780956.0
2024-10-18,1.88,2.031,1.88,1.988,1211038,235807843.00000003
2024-10-21,2.028,2.072,1.996,2.026,1284263,260889301.0
2024-10-22,2.037,2.07,1.995,2.066,819172,166298255.00000003
2024-10-23,2.069,2.194,2.051,2.133,1842696,390531568.00000006
2024-10-24,2.125,2.125,2.066,2.072,894115,186638230.0
2024-10-25,2.074,2.241,2.074,2.198,2494889,545434543.0
2024-10-28,2.202,2.202,2.15,2.192,959016,208453151.00000003
2024-10-29,2.214,2.246,2.14,2.142,1061916,231225046.0
2024-10-30,2.117,2.148,2.104,2.12,908562,192810556.0
2024-10-31,2.145,2.189,2.13,2.164,1294878,280131273.0
2024-11-01,2.154,2.17,2.113,2.14,753854,161537839.0
2024-11-04,2.13,2.167,2.124,2.156,547284,117522332.0
2024-11-05,2.157,2.219,2.139,2.217,1182005,259072297.00000003
2024-11-06,2.224,2.303,2.207,2.216,1839653,415278151.0
2024-11-07,2.198,2.235,2.161,2.232,1214482,267224700.0
2024-11-08,2.25,2.293,2.221,2.23,1056369,238482740.0
2024-11-11,2.21,2.308,2.185,2.306,1182130,268695243.0
2024-11-12,2.33,2.381,2.273,2.299,1466140,342457809.0
2024-11-13,2.28,2.323,2.261,2.318,1246940,284669861.0
2024-11-14,2.331,2.334,2.24,2.245,810293,185615412.00000003
2024-11-15,2.236,2.24,2.166,2.168,775766,171191708.99999997
2024-11-18,2.16,2.195,2.127,2.138,608987,131547097.0
2024-11-19,2.141,2.218,2.121,2.216,672248,145913947.00000003
2024-11-20,2.207,2.225,2.187,2.21,778237,171645820.0
2024-11-21,2.216,2.234,2.198,2.209,587340,130152626.0
2024-11-22,2.207,2.209,2.128,2.13,547338,118850682.0
2024-11-25,2.131,2.172,2.126,2.152,547957,117904147.0
2024-11-26,2.156,2.16,2.109,2.112,586659,124900346.0
2024-11-27,2.101,2.157,2.077,2.153,610859,129315560.0
2024-11-28,2.157,2.169,2.133,2.135,387638,83413071.00000001
2024-11-29,2.128,2.187,2.126,2.16,593397,128135497.0
2024-12-02,2.152,2.177,2.123,2.176,454988,98188995.0
2024-12-03,2.18,2.185,2.155,2.174,416536,90363919.0
2024-12-04,2.172,2.172,2.12,2.129,486143,104036701.0
2024-12-05,2.129,2.13,2.112,2.128,310618,65874456.0
2024-12-06,2.128,2.157,2.091,2.15,585926,124681121.0
2024-12-09,2.145,2.15,2.12,2.134,352065,75301601.0
2024-12-10,2.201,2.205,2.125,2.132,897937,194077173.0
2024-12-11,2.132,2.136,2.116,2.122,353534,75139006.0
2024-12-12,2.121,2.147,2.109,2.14,465271,99100411.0
2024-12-13,2.133,2.133,2.086,2.09,598326,125864374.0
2024-12-16,2.09,2.094,2.049,2.055,467036,96419761.0
2024-12-17,2.063,2.08,2.05,2.052,359515,74204883.0
2024-12-18,2.052,2.06,2.042,2.046,309137,63372592.0
2024-12-19,2.038,2.038,2.014,2.033,424991,86024339.0
2024-12-20,2.033,2.04,2.021,2.024,415303,84283196.0
2024-12-23,2.043,2.048,2.014,2.018,574773,116767883.0
2024-12-24,2.019,2.054,2.018,2.047,467011,95316406.0
2024-12-25,2.053,2.056,2.017,2.027,447041,90792056.0
2024-12-26,2.03,2.032,2.012,2.017,382304,77253213.0
2024-12-27,2.018,2.032,2.003,2.014,451481,91083057.0
2024-12-30,2.012,2.024,2.004,2.018,381218,76765398.0
2024-12-31,2.018,2.028,1.976,1.978,494050,98737117.0
2025-01-02,1.98,1.981,1.911,1.92,875598,169909098.00000003
2025-01-03,1.927,1.933,1.882,1.883,496798,94977731.0
2025-01-06,1.883,1.906,1.873,1.888,368792,69591295.0
2025-01-07,1.88,1.893,1.866,1.891,318738,59926911.0
2025-01-08,1.89,1.896,1.85,1.879,452446,84668484.00000001
2025-01-09,1.871,1.895,1.869,1.877,269683,50729647.0
2025-01-10,1.876,1.88,1.831,1.833,515469,95328050.0
2025-01-13,1.819,1.853,1.815,1.84,340393,62485964.00000001
2025-01-14,1.841,1.904,1.838,1.899,549628,103149349.0
2025-01-15,1.899,1.919,1.878,1.897,369983,70118790.0
2025-01-16,1.897,1.93,1.888,1.91,416911,79476768.0
2025-01-17,1.899,1.924,1.894,1.908,373071,71176622.00000001
2025-01-20,1.913,1.941,1.913,1.928,400122,77295067.0
2025-01-21,1.935,1.935,1.894,1.901,370974,70607691.0
2025-01-22,1.901,1.901,1.866,1.874,347939,65213125.0
2025-01-23,1.888,1.908,1.869,1.87,461085,87140226.0
2025-01-24,1.865,1.902,1.862,1.892,481631,91019366.0
2025-01-27,1.89,1.909,1.874,1.875,302436,57047510.99999999
2025-02-05,1.892,1.892,1.857,1.866,384522,71774362.0
2025-02-06,1.869,1.909,1.851,1.908,703147,132709888.0
2025-02-07,1.909,1.975,1.907,1.963,808852,157649298.0
2025-02-10,1.969,1.971,1.926,1.95,785393,152371318.0
2025-02-11,1.951,1.951,1.905,1.913,655939,125667546.0
2025-02-12,1.912,1.938,1.903,1.937,621085,119159236.0
2025-02-13,1.937,1.953,1.928,1.931,795825,154433445.0
2025-02-14,1.93,1.959,1.928,1.947,749098,145730388.0
2025-02-17,1.953,1.953,1.929,1.949,655488,127198077.0
2025-02-18,1.955,1.979,1.931,1.938,918376,180190175.0
2025-02-19,1.93,1.964,1.924,1.962,657645,127936347.0
2025-02-20,1.96,1.96,1.93,1.944,783657,152062576.0
2025-02-21,1.939,1.965,1.939,1.963,816609,159594767.00000003
2025-02-24,1.964,1.978,1.949,1.971,694864,136617199.0
2025-02-25,1.962,1.98,1.95,1.969,635021,125118975.0
2025-02-26,1.97,2.012,1.97,2.011,997214,198617928.0
2025-02-27,2.012,2.018,1.989,2.011,782893,156963414.0
2025-02-28,2.005,2.026,1.969,1.97,800934,159979384.99999997
2025-03-03,1.979,2.052,1.976,2.02,1237410,250447756.0
2025-03-04,2.011,2.011,1.971,1.993,734748,145676981.00000003
2025-03-05,1.99,1.99,1.955,1.97,741905,145977158.99999997
2025-03-06,1.973,1.999,1.964,1.998,721358,143170007.00000003
2025-03-07,1.988,1.995,1.971,1.98,577891,114428060.0
2025-03-10,1.981,1.996,1.965,1.982,452381,89445981.0
2025-03-11,1.969,1.986,1.962,1.985,446641,88045232.00000001
2025-03-12,1.986,1.995,1.974,1.98,493273,97832123.0
2025-03-13,1.978,1.992,1.958,1.966,469060,92499149.0
2025-03-14,1.973,2.005,1.963,2.002,818482,163171666.0
2025-03-17,2.01,2.021,2.0,2.005,516111,103736830.0
2025-03-18,2.01,2.02,2.002,2.009,569594,114459464.0
2025-03-19,2.007,2.022,1.99,2.007,560297,112259782.0
2025-03-20,2.003,2.007,1.988,1.991,454629,90832125.0
2025-03-21,1.99,1.999,1.956,1.961,674041,132850524.0
2025-03-24,1.961,1.969,1.93,1.953,593178,115648707.0
2025-03-25,1.95,1.978,1.948,1.969,509857,100314433.0
2025-03-26,1.968,1.994,1.967,1.977,485370,96173927.0
2025-03-27,1.975,1.977,1.947,1.959,367522,72048720.0
2025-03-28,1.96,1.971,1.94,1.942,315030,61453028.00000001
2025-03-31,1.94,1.94,1.887,1.898,573843,109559200.0
2025-04-01,1.898,1.919,1.892,1.906,395770,75424089.0
2025-04-02,1.909,1.916,1.896,1.903,227179,43316904.0
2025-04-03,1.885,1.898,1.872,1.874,426275,80178172.0
2025-04-07,1.827,1.828,1.687,1.687,877731,150987385.0
2025-04-08,1.68,1.704,1.658,1.684,660369,110440934.0
2025-04-09,1.665,1.692,1.617,1.687,719608,119363242.0
2025-04-10,1.721,1.747,1.714,1.721,546471,94539782.0
2025-04-11,1.704,1.741,1.702,1.732,355949,61367166.00000001
2025-04-14,1.749,1.757,1.741,1.745,302456,52897031.00000001
2025-04-15,1.752,1.753,1.737,1.744,363172,63321119.0
2025-04-16,1.741,1.741,1.706,1.727,434057,74688366.00000001
2025-04-17,1.724,1.736,1.721,1.724,339930,58764037.0
2025-04-18,1.725,1.731,1.716,1.729,221008,38077759.0
2025-04-21,1.732,1.749,1.717,1.747,328977,57241622.0
2025-04-22,1.75,1.751,1.739,1.742,190501,33235341.0
2025-04-23,1.755,1.764,1.743,1.752,290239,50895945.00000001
2025-04-24,1.757,1.769,1.745,1.746,256965,45136667.0
2025-04-25,1.748,1.762,1.744,1.755,254643,44679429.0
2025-04-28,1.758,1.765,1.75,1.751,216531,38010648.0
2025-04-29,1.746,1.753,1.741,1.743,166211,29023031.000000004
2025-04-30,1.74,1.754,1.739,1.745,254834,44536563.0
2025-05-06,1.755,1.778,1.751,1.777,346940,61328727.0
2025-05-07,1.791,1.805,1.772,1.782,313984,56129362.0
2025-05-08,1.779,1.818,1.776,1.812,543703,98105975.0
2025-05-09,1.815,1.815,1.788,1.799,282440,50754755.0
2025-05-12,1.813,1.845,1.813,1.844,604535,110724621.0
2025-05-13,1.86,1.883,1.85,1.856,506604,94507223.0
2025-05-14,1.851,1.865,1.84,1.86,409021,75659483.0
2025-05-15,1.859,1.859,1.827,1.828,391962,71975846.0
2025-05-16,1.826,1.838,1.824,1.829,224730,41139399.0
2025-05-19,1.83,1.838,1.81,1.828,271967,49533946.99999999
2025-05-20,1.833,1.84,1.819,1.835,232455,42547439.00000001
2025-05-21,1.835,1.867,1.835,1.853,448059,83241879.00000001
2025-05-22,1.854,1.855,1.83,1.83,340077,62569401.0
2025-05-23,1.83,1.847,1.811,1.816,383452,69968284.0
2025-05-26,1.811,1.817,1.794,1.801,290119,52326663.00000001
2025-05-27,1.802,1.805,1.781,1.792,272441,48774640.00000001
2025-05-28,1.791,1.796,1.776,1.779,263932,47072091.0
2025-05-29,1.78,1.793,1.774,1.791,248327,44374228.0
2025-05-30,1.79,1.791,1.771,1.774,192504,34185038.0
2025-06-03,1.773,1.779,1.766,1.774,276548,48970720.0
2025-06-04,1.775,1.798,1.775,1.792,303703,54358971.00000001
2025-06-05,1.794,1.797,1.782,1.796,226701,40578189.0
2025-06-06,1.796,1.801,1.789,1.793,181153,32493511.0
2025-06-09,1.796,1.811,1.79,1.808,249082,44955161.0
2025-06-10,1.807,1.818,1.781,1.792,386981,69660406.0
2025-06-11,1.792,1.825,1.792,1.818,453570,82409683.0
2025-06-12,1.81,1.814,1.802,1.809,221865,40088721.0
2025-06-13,1.809,1.813,1.79,1.794,277541,49877722.0
2025-06-16,1.791,1.801,1.788,1.795,295676,53006902.0
2025-06-17,1.796,1.81,1.789,1.8,536820,96532235.0
2025-06-18,1.799,1.808,1.795,1.806,248585,44851942.0
2025-06-19,1.804,1.819,1.78,1.785,364656,65497697.0
2025-06-20,1.787,1.811,1.777,1.78,298060,53427693.0
2025-06-23,1.776,1.803,1.774,1.802,281928,50592993.0
2025-06-24,1.802,1.844,1.802,1.844,587239,107384882.0
2025-06-25,1.845,1.874,1.845,1.869,933754,173913415.00000003
2025-06-26,1.869,1.885,1.857,1.858,432407,80996404.0
2025-06-27,1.858,1.89,1.857,1.865,414165,77606968.0
2025-06-30,1.869,1.891,1.869,1.891,937191,176361768.0
2025-07-01,1.891,1.891,1.867,1.885,437157,82001760.0
2025-07-02,1.884,1.91,1.875,1.907,574272,108643943.0
2025-07-03,1.91,1.935,1.895,1.929,541658,103827000.0
2025-07-04,1.929,1.937,1.907,1.913,461186,88376670.0
2025-07-07,1.908,1.919,1.899,1.905,337825,64334836.0
2025-07-08,1.902,1.973,1.902,1.967,854137,166873008.0
2025-07-09,1.967,1.978,1.956,1.962,454391,89477796.00000001
2025-07-10,1.961,1.987,1.96,1.978,407224,80432028.0
2025-07-11,1.978,1.987,1.965,1.97,460251,90993552.0
2025-07-14,1.97,1.992,1.967,1.974,372374,73726015.0
2025-07-15,1.969,1.98,1.94,1.952,404598,79221327.0
2025-07-16,1.949,1.951,1.938,1.948,283064,55038735.0
2025-07-17,1.952,1.969,1.948,1.968,338647,66353948.0
2025-07-18,1.969,1.997,1.967,1.98,380889,75487373.0
2025-07-21,1.982,2.007,1.982,2.006,449603,89880897.0
2025-07-22,2.006,2.054,2.002,2.051,815696,165843463.0
2025-07-23,2.062,2.073,2.031,2.033,671763,138038441.0
2025-07-24,2.029,2.088,2.027,2.086,639289,132127010.0
2025-07-25,2.09,2.092,2.07,2.077,476294,99030347.0
2025-07-28,2.073,2.08,2.049,2.07,485260,100218455.0
2025-07-29,2.07,2.088,2.06,2.088,340379,70581796.0
2025-07-30,2.089,2.092,2.038,2.048,443696,91494638.0
2025-07-31,2.044,2.045,1.98,1.988,893610,179530716.0
2025-08-01,1.987,2.02,1.985,2.0,502796,100623708.0
2025-08-04,1.988,1.995,1.975,1.994,277163,54963164.0
2025-08-05,1.995,2.007,1.993,2.007,321092,64226273.0
2025-08-06,2.005,2.015,1.998,2.013,242080,48583021.0
2025-08-07,2.018,2.019,1.988,2.003,334864,67049444.00000001
2025-08-08,2.0,2.043,1.999,2.024,500144,101199024.0
2025-08-11,2.042,2.079,2.038,2.077,643947,132790997.0
2025-08-12,2.077,2.077,2.043,2.069,458433,94407460.0
2025-08-13,2.071,2.097,2.065,2.092,711837,148062897.0
2025-08-14,2.092,2.098,2.051,2.063,590683,122780526.0
2025-08-15,2.055,2.127,2.053,2.123,752943,158474613.0
2025-08-18,2.14,2.167,2.131,2.146,631014,135590846.0
2025-08-19,2.144,2.155,2.13,2.139,468764,100495542.0
2025-08-20,2.14,2.154,2.112,2.153,438720,93613419.0
2025-08-21,2.155,2.163,2.135,2.143,1537139,330737828.0
2025-08-22,2.142,2.194,2.138,2.192,917530,199004270.0
2025-08-25,2.194,2.256,2.194,2.242,822015,183141535.0
2025-08-26,2.238,2.245,2.208,2.232,613052,136813418.0
2025-08-27,2.228,2.259,2.181,2.184,867872,193264621.00000003
2025-08-28,2.183,2.228,2.166,2.227,745080,164060238.0
2025-08-29,2.232,2.319,2.228,2.296,1300064,296918000.0
2025-09-01,2.3,2.319,2.279,2.319,1443821,331835097.00000006
2025-09-02,2.316,2.356,2.265,2.289,1354410,312870302.0
2025-09-03,2.287,2.341,2.287,2.33,1414134,328418283.0
2025-09-04,2.335,2.428,2.3,2.338,2278574,540991229.0
2025-09-05,2.336,2.555,2.334,2.552,2798301,689284005.9999999
2025-09-08,2.579,2.593,2.522,2.567,2847073,728238860.0
2025-09-09,2.549,2.576,2.511,2.532,1582285,402288606.00000006
2025-09-10,2.503,2.509,2.455,2.49,1608957,399809275.0
2025-09-11,2.472,2.547,2.46,2.546,1309907,328620866.0
2025-09-12,2.549,2.56,2.511,2.528,1311038,332759711.0
2025-09-15,2.528,2.637,2.528,2.566,1348749,349929012.00000006
2025-09-16,2.571,2.591,2.51,2.567,1138327,290235303.0
2025-09-17,2.562,2.624,2.538,2.606,1092706,282538621.0
2025-09-18,2.604,2.616,2.526,2.569,1350818,348691224.99999994
2025-09-19,2.562,2.61,2.555,2.57,929005,239789057.0
2025-09-22,2.569,2.585,2.524,2.557,843882,214808122.00000003
2025-09-23,2.555,2.609,2.513,2.574,1192589,306392795.99999994
2025-09-24,2.564,2.665,2.552,2.664,1268151,331566771.0
2025-09-25,2.666,2.74,2.661,2.709,972556,262734914.0
2025-09-26,2.694,2.746,2.677,2.69,943845,255760013.0
2025-09-29,2.71,2.795,2.71,2.779,1119732,308809218.0
2025-09-30,2.79,2.849,2.776,2.841,866666,244629851.0
2025-10-09,2.86,2.955,2.86,2.949,1075461,313421638.0
2025-10-10,2.93,2.93,2.751,2.77,1993490,562592343.0
2025-10-13,2.651,2.796,2.638,2.789,2147901,587380161.0
2025-10-14,2.816,2.881,2.703,2.73,1427690,399998139.0
2025-10-15,2.725,2.78,2.692,2.779,943153,257371864.0
2025-10-16,2.764,2.814,2.748,2.791,711734,198195884.00000003
2025-10-17,2.78,2.804,2.65,2.658,1078798,291759522.0
2025-10-20,2.682,2.713,2.65,2.667,791917,211993053.0
2025-10-21,2.682,2.723,2.659,2.711,833784,225282772.0
2025-10-22,2.7,2.704,2.652,2.671,498725,133269805.0
2025-10-23,2.65,2.715,2.627,2.712,662254,176706990.0
2025-10-24,2.73,2.77,2.723,2.763,927241,254926573.0
2025-10-27,2.793,2.809,2.754,2.789,720197,200492357.0
2025-10-28,2.785,2.806,2.755,2.767,600913,167086089.00000003
2025-10-29,2.768,2.943,2.768,2.94,1600410,461909672.00000006
2025-10-30,2.945,3.006,2.936,2.966,1326248,393942711.0
2025-10-31,2.949,3.045,2.924,2.927,1324997,395898007.0
2025-11-03,2.924,2.965,2.865,2.963,1096862,320730016.00000006
2025-11-04,2.972,2.973,2.86,2.877,814246,237132725.0
2025-11-05,2.816,2.993,2.814,2.979,1156110,337090454.00000006
2025-11-06,2.981,3.06,2.981,3.027,1130709,341330101.0
2025-11-07,3.019,3.103,2.993,3.083,1094340,335141132.0
2025-11-10,3.11,3.135,3.034,3.063,1490454,459204012.0
2025-11-11,3.068,3.106,3.031,3.039,975524,299361179.0
2025-11-12,3.011,3.019,2.914,2.961,1416669,419085660.0
2025-11-13,2.954,3.128,2.954,3.099,1626103,498062987.00000006
2025-11-14,3.045,3.113,3.04,3.051,859487,263988465.0
2025-11-17,3.043,3.091,3.01,3.064,726960,221726310.0
2025-11-18,3.064,3.086,2.946,2.972,1277890,383366802.00000006
2025-11-19,2.963,3.013,2.954,2.988,861386,256781833.0
2025-11-20,3.002,3.035,2.934,2.941,1020448,305086574.0
2025-11-21,2.881,2.883,2.756,2.76,1131800,317065439.0
2025-11-24,2.773,2.777,2.703,2.73,839111,229281028.0
2025-11-25,2.764,2.807,2.732,2.783,928379,257679596.0
2025-11-26,2.792,2.831,2.765,2.789,684677,191474496.0
2025-11-27,2.787,2.852,2.78,2.785,749171,210828086.0
2025-11-28,2.769,2.84,2.769,2.829,681944,191810696.0
2025-12-01,2.837,2.858,2.808,2.834,444921,125987184.0
2025-12-02,2.834,2.834,2.787,2.798,375739,105241488.0
2025-12-03,2.798,2.814,2.751,2.763,414779,115252394.0
2025-12-04,2.753,2.773,2.738,2.766,372412,102736448.0
2025-12-05,2.766,2.799,2.741,2.793,459419,127614784.0
2025-12-08,2.79,2.858,2.79,2.844,640485,181337007.0
2025-12-09,2.844,2.858,2.807,2.831,400264,113190278.0
2025-12-10,2.825,2.833,2.772,2.813,411247,115085071.0
2025-12-11,2.811,2.871,2.802,2.808,753437,214174649.0
2025-12-12,2.817,2.826,2.765,2.815,749323,209533510.0
2025-12-15,2.808,2.824,2.758,2.766,469889,130745644.0
2025-12-16,2.762,2.762,2.675,2.702,620682,167769874.0
2025-12-17,2.709,2.78,2.708,2.777,808342,222447355.0
2025-12-18,2.758,2.772,2.721,2.722,372119,102046492.0
2025-12-19,2.73,2.759,2.714,2.744,425952,116731635.0
2025-12-22,2.751,2.793,2.751,2.785,787231,218580853.0
2025-12-23,2.795,2.854,2.786,2.831,671154,189343124.0
2025-12-24,2.841,2.859,2.809,2.855,3508403,998689588.0
2025-12-25,2.842,2.87,2.82,2.861,540145,153558972.0
2025-12-26,2.883,2.967,2.883,2.927,3299345,968047524.0
2025-12-29,2.926,2.935,2.878,2.881,1755440,508924031.0
2025-12-30,2.85,2.903,2.849,2.888,864618,249087342.0
2025-12-31,2.889,2.899,2.846,2.859,700213,200497330.0
2026-01-05,2.866,2.921,2.866,2.917,1349433,391963915.0
2026-01-06,2.925,2.978,2.924,2.966,1060684,313762575.0
2026-01-07,2.975,3.014,2.954,2.984,659354,196663265.0
2026-01-08,2.971,3.007,2.953,2.982,848362,252768093.0
2026-01-09,2.978,3.035,2.966,2.999,1028321,308875469.0
2026-01-12,2.98,3.036,2.97,3.021,1096205,329740859.99999994
2026-01-13,3.025,3.046,2.977,3.009,981006,295559610.0
2026-01-14,3.015,3.086,2.97,3.004,1168746,353437045.00000006
2026-01-15,2.988,3.051,2.983,3.027,745233,225601255.00000003
2026-01-16,3.055,3.074,3.024,3.036,620771,189289973.0
2026-01-19,3.018,3.074,3.005,3.06,566842,172628765.0
2026-01-20,3.07,3.073,2.969,2.992,736983,221368737.00000003
2026-01-21,2.962,3.045,2.962,3.019,673373,203088879.00000003
2026-01-22,3.018,3.056,2.998,3.015,643796,194042044.00000003
2026-01-23,3.033,3.165,3.033,3.164,1659392,518771309.00000006
2026-01-26,3.209,3.209,3.119,3.123,1072021,338630990.0
2026-01-27,3.107,3.13,3.02,3.11,933387,286980208.0
2026-01-28,3.09,3.098,3.037,3.083,780313,239103009.0
2026-01-29,3.056,3.084,3.024,3.028,503105,153545145.0
2026-01-30,3.017,3.017,2.893,2.97,982016,290278307.0
2026-02-02,2.94,3.004,2.912,2.924,836324,248111394.0
2026-02-03,2.93,3.028,2.93,3.026,1035701,308880884.0
2026-02-04,3.027,3.088,3.008,3.084,876128,266354525.0
2026-02-05,3.06,3.06,2.941,2.958,947795,282280958.0
2026-02-06,2.914,3.037,2.903,3.0,839837,249961662.0
2026-02-09,3.052,3.084,3.036,3.069,646890,198008675.0
2026-02-10,3.067,3.071,3.032,3.038,533958,162896330.0
2026-02-11,3.031,3.075,3.031,3.062,459270,140572824.99999997
2026-02-12,3.063,3.111,3.061,3.103,645831,199555627.0
2026-02-13,3.075,3.083,3.037,3.038,570778,174621026.0
2026-02-24,3.064,3.096,3.064,3.079,475342,146617535.0
2026-02-25,3.073,3.158,3.073,3.132,786163,245669060.0
2026-02-26,3.143,3.143,3.083,3.093,747043,231301362.0
2026-02-27,3.063,3.12,3.063,3.12,587580,182352013.0
2026-03-02,3.118,3.152,3.08,3.117,728214,226824549.00000003
2026-03-03,3.124,3.157,3.025,3.033,890837,274140640.0
2026-03-04,2.987,3.07,2.982,3.024,782421,237217521.00000003
2026-03-05,3.062,3.072,3.026,3.051,602643,183993250.00000003
2026-03-06,3.055,3.071,3.013,3.048,633562,192834179.0
2026-03-09,3.029,3.099,2.971,3.087,1095631,334109459.00000006
2026-03-10,3.111,3.145,3.089,3.142,883443,276154269.0
2026-03-11,3.162,3.258,3.133,3.229,1180062,379509546.0
2026-03-12,3.236,3.252,3.187,3.25,1040177,335091761.0
2026-03-13,3.26,3.303,3.228,3.239,1742925,568665901.0
2026-03-16,3.274,3.285,3.174,3.188,1742057,556851805.0
2026-03-17,3.183,3.226,3.113,3.116,1537744,485404928.0
2026-03-18,3.107,3.124,3.05,3.102,1258614,388745345.0
2026-03-19,3.059,3.102,3.02,3.037,903899,276210708.0
2026-03-20,3.036,3.202,3.036,3.114,1240511,387305047.0
2026-03-23,3.105,3.165,3.034,3.061,3486765,1073569430.0
2026-03-24,3.108,3.108,2.946,3.082,1966285,598394545.0
2026-03-25,3.084,3.149,3.08,3.13,1770896,551931036.0
2026-03-26,3.133,3.18,3.09,3.112,1711598,535540127.0
2026-03-27,3.068,3.19,3.066,3.168,1149408,361271252.0
2026-03-30,3.14,3.177,3.057,3.11,1130691,351620978.0
2026-03-31,3.091,3.104,2.998,2.999,1086977,330531500.0
2026-04-01,3.009,3.025,2.954,2.988,1326967,396158560.00000006
2026-04-02,2.971,2.998,2.91,2.928,970301,285961986.00000006
2026-04-03,2.913,2.934,2.852,2.856,693945,199574154.0
2026-04-07,2.846,2.9,2.844,2.865,562411,161336538.00000003
2026-04-08,2.907,2.978,2.905,2.976,1103108,324660971.0
2026-04-09,2.976,2.98,2.917,2.953,805036,237197484.00000003
2026-04-10,2.96,3.082,2.96,3.051,1075482,327518491.99999994
2026-04-13,3.041,3.135,3.035,3.117,1050669,325567604.0
2026-04-14,3.126,3.168,3.085,3.167,1042971,326107838.0
2026-04-15,3.198,3.2,3.1,3.113,1187552,372245927.00000006
2026-04-16,3.13,3.198,3.12,3.189,1835552,583595620.0
2026-04-17,3.182,3.219,3.175,3.194,821857,262258299.0
2026-04-20,3.185,3.213,3.155,3.201,914250,291657413.0
2026-04-21,3.213,3.255,3.177,3.24,1224255,394568301.00000006
2026-04-22,3.209,3.262,3.209,3.245,769218,248926134.0
2026-04-23,3.255,3.256,3.171,3.197,1112600,356614668.00000006
2026-04-24,3.189,3.256,3.176,3.236,831921,267015954.0
2026-04-27,3.223,3.249,3.209,3.224,718153,231341127.0
2026-04-28,3.2,3.208,3.16,3.171,659236,209854627.0
2026-04-29,3.153,3.304,3.132,3.299,1073607,347786883.99999994
2026-04-30,3.289,3.304,3.26,3.286,938286,308049721.00000006
2026-05-06,3.309,3.384,3.288,3.383,1103233,368598636.0
2026-05-07,3.39,3.39,3.326,3.359,765679,257053936.0
2026-05-08,3.335,3.373,3.293,3.299,984125,327167013.0
2026-05-11,3.335,3.365,3.304,3.345,738951,246325069.0
2026-05-12,3.344,3.39,3.273,3.297,1162420,383056767.00000006
2026-05-13,3.28,3.33,3.278,3.328,1051174,347992817.0
2026-05-14,3.343,3.349,3.222,3.223,922453,302870938.99999994
2026-05-15,3.221,3.264,3.151,3.199,1143434,365004088.0
2026-05-18,3.157,3.228,3.148,3.196,1430935,456894709.0
2026-05-19,3.177,3.2,3.132,3.196,728238,230965931.00000003
2026-05-20,3.189,3.256,3.155,3.231,824523,264111781.00000003
2026-05-21,3.246,3.28,3.14,3.146,895944,289100559.0
2026-05-22,3.149,3.201,3.146,3.196,1057820,335010656.0
2026-05-25,3.196,3.205,3.139,3.174,822216,260328685.0
2026-05-26,3.159,3.202,3.125,3.18,729843,230785055.0
2026-05-27,3.18,3.269,3.158,3.18,729230,235012989.00000003
2026-05-28,3.183,3.206,3.126,3.201,697820,221080404.0
2026-05-29,3.201,3.207,3.097,3.117,1004863,315457208.0
2026-06-01,3.119,3.175,3.079,3.085,954182,298285185.0
2026-06-02,3.08,3.106,2.999,3.075,703739,214987354.00000003
2026-06-03,3.07,3.104,3.036,3.06,609637,187159846.00000003
2026-06-04,3.034,3.034,2.996,3.009,701867,211267842.0
2026-06-05,3.001,3.012,2.93,2.938,759040,225799568.0
2026-06-08,2.886,2.902,2.783,2.811,788081,224562935.00000003
2026-06-09,2.824,2.91,2.799,2.902,901214,256205747.0
2026-06-10,2.868,2.883,2.8,2.849,1355919,383820628.00000006
2026-06-11,2.806,2.886,2.806,2.859,538156,153221711.0
2026-06-12,2.879,2.966,2.879,2.908,663933,194168939.0
2026-06-15,2.927,2.968,2.916,2.968,1416714,417274099.0
2026-06-16,2.982,3.058,2.967,3.039,1251375,378710760.0
2026-06-17,3.022,3.05,3.001,3.033,551089,166814935.00000003
2026-06-18,3.022,3.036,2.969,3.0,557074,167289501.0
2026-06-22,2.995,3.12,2.96,3.118,684799,208486433.0
2026-06-23,3.112,3.112,2.944,2.97,958348,288099256.00000006
2026-06-24,2.94,3.011,2.9,2.996,863169,255458153.0
2026-06-25,2.986,3.003,2.961,2.99,846665,252614336.0
2026-06-26,2.989,3.024,2.885,2.889,2123402,622700204.0000001
2026-06-29,2.864,2.919,2.849,2.912,660706,190750960.00000003
2026-06-30,2.908,2.995,2.907,2.991,745666,220212038.00000003
2026-07-01,2.988,2.991,2.886,2.955,977177,287396194.0
2026-07-02,2.921,2.946,2.856,2.868,669043,194166428.0
2026-07-03,2.868,2.889,2.848,2.854,597934,171657399.0
2026-07-06,2.861,2.891,2.797,2.799,668089,189406614.00000003
2026-07-07,2.798,2.827,2.75,2.76,616083,171823716.0
2026-07-08,2.765,2.765,2.632,2.635,824580,221304149.0
2026-07-09,2.633,2.649,2.534,2.648,920873,238918744.0
2026-07-10,2.649,2.65,2.569,2.572,1075477,280590127.0
2026-07-13,2.556,2.564,2.458,2.459,722295,180532056.0
2026-07-14,2.465,2.506,2.414,2.502,735612,181110324.0
2026-07-15,2.501,2.544,2.485,2.491,598790,150557941.0
2026-07-16,2.47,2.478,2.414,2.426,723051,177050995.0
2026-07-17,2.412,2.429,2.334,2.35,953304,227191453.0
2026-07-20,2.334,2.369,2.273,2.311,725053,168667757.0
2026-07-21,2.299,2.406,2.299,2.403,1010733,238898655.00000003
2026-07-22,2.403,2.427,2.374,2.388,970555,232706805.0
2026-07-23,2.386,2.486,2.386,2.486,948154,232142955.0
2026-07-24,2.466,2.471,2.406,2.409,811800,198163052.0
2026-07-27,2.443,2.48,2.417,2.477,1006727,246745023.0
2026-07-28,2.448,2.468,2.406,2.414,761173,184954222.0
2026-07-29,2.412,2.458,2.352,2.436,811344,196322171.0
2026-07-30,2.404,2.453,2.39,2.415,769492,186442247.0
2026-07-31,2.43,2.477,2.429,2.436,1022661,250699078.00000003
2026-08-03,2.445,2.461,2.416,2.451,479643,117126166.0
2026-08-04,2.448,2.493,2.448,2.485,856689,211622213.0
2026-08-05,2.493,2.548,2.481,2.538,978086,246599547.0
2026-08-06,2.537,2.537,2.48,2.505,726689,182342483.0
2026-08-07,2.504,2.56,2.488,2.56,618542,156310900.0
