date,value,n_pos
2020-01-02,1000000.0,0
2020-01-03,1000000.0,0
2020-01-06,1000000.0,0
2020-01-07,1000000.0,0
2020-01-08,1000000.0,0
2020-01-09,1000000.0,0
2020-01-10,1000000.0,0
2020-01-13,1000000.0,0
2020-01-14,1000000.0,0
2020-01-15,1000000.0,0
2020-01-16,1000000.0,0
2020-01-17,1000000.0,0
2020-01-20,1000000.0,0
2020-01-21,1000000.0,0
2020-01-22,1000000.0,0
2020-01-23,1000000.0,0
2020-02-03,1000000.0,0
2020-02-04,1000000.0,0
2020-02-05,1000000.0,0
2020-02-06,1000000.0,0
2020-02-07,1000000.0,0
2020-02-10,999255.0299999998,24
2020-02-11,999656.0299999998,24
2020-02-12,1003277.0299999998,24
2020-02-13,997346.0299999998,24
2020-02-14,996864.0299999998,24
2020-02-17,1009440.7649999998,25
2020-02-18,1016817.7649999998,25
2020-02-19,1016938.7649999998,25
2020-02-20,1024556.7649999998,25
2020-02-21,1028348.7649999998,25
2020-02-24,1027139.2619999998,27
2020-02-25,1018960.2619999998,27
2020-02-26,1019174.2619999998,27
2020-02-27,1023584.2619999998,27
2020-02-28,1000797.2619999998,27
2020-03-02,1014112.3359999997,30
2020-03-03,1019591.3359999997,30
2020-03-04,1024718.3359999997,30
2020-03-05,1034733.3359999997,30
2020-03-06,1036149.3359999997,30
2020-03-09,1021291.7889999999,28
2020-03-10,1026450.7889999999,28
2020-03-11,1024178.7889999999,28
2020-03-12,1016620.7889999999,28
2020-03-13,1010711.3509999999,27
2020-03-16,1000446.8969999999,30
2020-03-17,997613.8969999999,30
2020-03-18,992954.2829999999,29
2020-03-19,998634.2829999999,29
2020-03-20,1003418.2829999999,29
2020-03-23,992060.8419999997,29
2020-03-24,1002140.8419999997,29
2020-03-25,1012679.8419999997,29
2020-03-26,1010495.8419999997,29
2020-03-27,1008955.8419999997,29
2020-03-30,997982.2069999998,29
2020-03-31,998717.2069999998,29
2020-04-01,997913.2069999998,29
2020-04-02,1004358.2069999998,29
2020-04-03,1002435.2069999998,29
2020-04-07,1011605.4459999998,26
2020-04-08,1014593.4459999998,26
2020-04-09,1016345.4459999998,26
2020-04-10,1008504.4459999998,26
2020-04-13,1004228.7029999997,30
2020-04-14,1013075.7029999997,30
2020-04-15,1010205.7029999997,30
2020-04-16,1011487.7029999997,30
2020-04-17,1010982.7029999997,30
2020-04-20,1013219.3929999999,31
2020-04-21,1009491.3929999999,31
2020-04-22,1012881.3929999999,31
2020-04-23,1012955.3929999999,31
2020-04-24,1008729.3929999999,31
2020-04-27,1004122.3470000001,31
2020-04-28,991691.3180000001,29
2020-04-29,993456.3180000001,29
2020-04-30,1002029.3180000001,29
2020-05-06,1006837.2340000002,31
2020-05-07,1007289.2340000002,31
2020-05-08,1015475.2340000002,31
2020-05-11,1015945.2130000002,29
2020-05-12,1020025.2130000002,29
2020-05-13,1022895.2130000002,29
2020-05-14,1018162.2130000002,29
2020-05-15,1017745.2130000002,29
2020-05-18,999943.0330000002,28
2020-05-19,1006069.0330000002,28
2020-05-20,1003553.0330000002,28
2020-05-21,1001337.0330000002,28
2020-05-22,997401.7010000001,26
2020-05-25,995111.9170000002,28
2020-05-26,1003330.9170000002,28
2020-05-27,1002509.9170000002,28
2020-05-28,1003128.9170000002,28
2020-05-29,1004447.9170000002,28
2020-06-01,1011743.0110000004,30
2020-06-02,1017278.0110000004,30
2020-06-03,1018157.0110000004,30
2020-06-04,1018135.0110000004,30
2020-06-05,1016741.0110000004,30
2020-06-08,1016144.6340000002,28
2020-06-09,1018536.6340000002,28
2020-06-10,1018839.6340000002,28
2020-06-11,1015547.6340000002,28
2020-06-12,1014683.6340000002,28
2020-06-15,1012739.1500000003,29
2020-06-16,1019717.1500000003,29
2020-06-17,1021835.1500000003,29
2020-06-18,1024281.1500000003,29
2020-06-19,1027576.1500000003,29
2020-06-22,1030480.4370000005,29
2020-06-23,1027425.4370000005,29
2020-06-24,1026337.4370000005,29
2020-06-29,1023744.2880000005,29
2020-06-30,1027660.2880000005,29
2020-07-01,1028533.2880000005,29
2020-07-02,1036911.2880000005,29
2020-07-03,1045668.2880000005,29
2020-07-06,1063232.6970000006,29
2020-07-07,1067269.6970000006,29
2020-07-08,1074422.6970000006,29
2020-07-09,1085337.6970000006,29
2020-07-10,1083117.6970000006,29
2020-07-13,1097484.7060000005,27
2020-07-14,1097776.7060000007,27
2020-07-15,1090116.7060000007,27
2020-07-16,1073919.7060000007,27
2020-07-17,1078186.7060000007,27
2020-07-20,1091364.6460000006,32
2020-07-21,1044428.6460000005,32
2020-07-22,1044897.6460000005,32
2020-07-23,1043651.6460000005,32
2020-07-24,1029741.6460000005,32
2020-07-27,1032383.775,29
2020-07-28,1040638.775,29
2020-07-29,1047765.775,29
2020-07-30,1046397.775,29
2020-07-31,1053391.775,29
2020-08-03,1064910.9249999998,30
2020-08-04,1062366.9249999998,30
2020-08-05,1063323.9249999998,30
2020-08-06,1065323.9249999998,30
2020-08-07,1058958.9249999998,30
2020-08-10,1066676.772,31
2020-08-11,1058018.772,31
2020-08-12,1054691.772,31
2020-08-13,1058573.772,31
2020-08-14,1064332.772,31
2020-08-17,1070339.224,27
2020-08-18,1073860.224,27
2020-08-19,1071873.224,27
2020-08-20,1068628.332,26
2020-08-21,1072127.332,26
2020-08-24,1075072.4219999998,28
2020-08-25,1076901.0699999998,27
2020-08-26,1069958.0699999998,27
2020-08-27,1072253.418,26
2020-08-28,1076031.418,26
2020-08-31,1076351.4679999999,26
2020-09-01,1075827.4679999999,26
2020-09-02,1076189.4679999999,26
2020-09-03,1070996.4679999999,26
2020-09-04,1069879.4679999999,26
2020-09-07,1063181.358,31
2020-09-08,1068616.358,31
2020-09-09,1054237.109,27
2020-09-10,1040605.807,24
2020-09-11,1044648.807,24
2020-09-14,1046987.7900000002,30
2020-09-15,1047655.7900000002,30
2020-09-16,1042738.7900000002,30
2020-09-17,1045397.7900000002,30
2020-09-18,1052157.79,30
2020-09-21,1048398.3700000002,29
2020-09-22,1043064.7400000002,28
2020-09-23,1046540.7400000002,28
2020-09-24,1035814.1900000002,27
2020-09-25,1032170.1900000002,27
2020-09-28,1024537.4860000001,31
2020-09-29,1029076.4860000001,31
2020-09-30,1029120.4860000001,31
2020-10-09,1040297.2530000001,29
2020-10-12,1052588.213,27
2020-10-13,1052594.213,27
2020-10-14,1048558.213,27
2020-10-15,1045162.213,27
2020-10-16,1045278.213,27
2020-10-19,1042817.4940000003,31
2020-10-20,1047627.4940000003,31
2020-10-21,1041946.4300000003,30
2020-10-22,1039286.4300000003,30
2020-10-23,1033774.4300000003,30
2020-10-26,1030459.9890000005,26
2020-10-27,1032586.9890000005,26
2020-10-28,1033337.9890000005,26
2020-10-29,1033691.9890000005,26
2020-10-30,1024767.5890000005,23
2020-11-02,1022211.4610000005,30
2020-11-03,1033959.4610000005,30
2020-11-04,1031636.4610000005,30
2020-11-05,1038311.4610000005,30
2020-11-06,1037167.4610000005,30
2020-11-09,1048072.9820000005,28
2020-11-10,1048869.9520000005,27
2020-11-11,1045795.9520000005,27
2020-11-12,1049542.9520000005,27
2020-11-13,1048732.9520000005,27
2020-11-16,1053378.8520000007,28
2020-11-17,1051009.8520000007,28
2020-11-18,1053963.8520000007,28
2020-11-19,1054133.8520000007,28
2020-11-20,1056513.8520000007,28
2020-11-23,1056164.5950000004,28
2020-11-24,1055930.5950000004,28
2020-11-25,1051453.7700000005,27
2020-11-26,1049866.7700000005,27
2020-11-27,1047323.7700000005,27
2020-11-30,1044388.7500000005,30
2020-12-01,1049936.7500000005,30
2020-12-02,1052276.0500000005,29
2020-12-03,1053528.0500000005,29
2020-12-04,1053966.0500000005,29
2020-12-07,1048906.5350000004,27
2020-12-08,1045425.5350000004,27
2020-12-09,1035781.1850000004,26
2020-12-10,1033042.1850000004,26
2020-12-11,1022860.2770000005,23
2020-12-14,1025335.7680000005,30
2020-12-15,1028803.7680000005,30
2020-12-16,1020000.7960000006,29
2020-12-17,1023109.7960000006,29
2020-12-18,1016584.4340000006,28
2020-12-21,1019199.0700000003,29
2020-12-22,1008020.5060000003,28
2020-12-23,1006390.0610000003,27
2020-12-24,997201.0940000003,23
2020-12-25,1000239.0940000003,23
2020-12-28,991968.2250000003,29
2020-12-29,993064.2250000003,29
2020-12-30,996851.2250000003,29
2020-12-31,1006501.2250000003,29
2021-01-04,1012352.9030000003,28
2021-01-05,1010672.9030000003,28
2021-01-06,1001768.6680000003,27
2021-01-07,980810.3820000002,25
2021-01-08,983148.3820000002,25
2021-01-11,972926.4050000004,30
2021-01-12,975222.4050000004,30
2021-01-13,962629.1590000003,28
2021-01-14,967121.1590000003,28
2021-01-15,977943.1590000003,28
2021-01-18,986438.4640000004,30
2021-01-19,994436.4640000004,30
2021-01-20,996925.4640000004,30
2021-01-21,999705.4640000004,30
2021-01-22,992018.4640000004,30
2021-01-25,979989.9130000004,31
2021-01-26,980561.9130000004,31
2021-01-27,979223.7880000004,30
2021-01-28,978223.7880000004,30
2021-01-29,974308.7880000004,30
2021-02-01,973718.7830000003,29
2021-02-02,970784.5310000003,28
2021-02-03,960445.5880000003,26
2021-02-04,953839.5830000004,19
2021-02-05,950272.5830000004,19
2021-02-08,948142.6160000005,27
2021-02-09,954650.6160000005,27
2021-02-10,959860.6160000005,27
2021-02-18,970613.5860000004,24
2021-02-19,981324.5860000004,24
2021-02-22,986212.3400000004,24
2021-02-23,982651.3400000004,24
2021-02-24,984186.3400000004,24
2021-02-25,979790.3400000004,24
2021-02-26,981691.3400000004,24
2021-03-01,989579.9100000006,29
2021-03-02,987563.9100000006,29
2021-03-03,991538.9100000006,29
2021-03-04,989452.9100000006,29
2021-03-05,994113.9100000006,29
2021-03-08,991361.5400000005,26
2021-03-09,983092.1120000005,25
2021-03-10,979414.1120000005,25
2021-03-11,983257.1120000005,25
2021-03-12,979432.1120000005,25
2021-03-15,976649.7520000008,29
2021-03-16,982789.7520000008,29
2021-03-17,989702.7520000008,29
2021-03-18,995096.7520000008,29
2021-03-19,997065.7520000008,29
2021-03-22,999689.9430000007,26
2021-03-23,997575.9430000007,26
2021-03-24,995007.9430000007,26
2021-03-25,994475.9430000007,26
2021-03-26,996761.9430000007,26
2021-03-29,997491.0010000005,31
2021-03-30,993258.0010000005,31
2021-03-31,993594.0010000005,31
2021-04-01,996737.0010000005,31
2021-04-02,1002208.0010000005,31
2021-04-06,1005066.5100000006,32
2021-04-07,1006662.5100000006,32
2021-04-08,1003495.5100000006,32
2021-04-09,1002382.5100000006,32
2021-04-12,998070.5900000003,26
2021-04-13,994872.5900000003,26
2021-04-14,1000044.5900000003,26
2021-04-15,1001820.5900000003,26
2021-04-16,1007521.5900000003,26
2021-04-19,1011510.0460000006,28
2021-04-20,1015308.0460000006,28
2021-04-21,1013506.0460000006,28
2021-04-22,1012928.0460000006,28
2021-04-23,1011300.0460000006,28
2021-04-26,1008818.9010000008,30
2021-04-27,1003694.9010000008,30
2021-04-28,1002603.2850000007,29
2021-04-29,1002248.2850000007,29
2021-04-30,994221.2850000007,29
2021-05-06,994449.1780000007,31
2021-05-07,993793.1780000007,31
2021-05-10,991348.9400000006,32
2021-05-11,994870.9400000006,32
2021-05-12,997846.9400000006,32
2021-05-13,996074.9400000006,32
2021-05-14,1001576.9400000006,32
2021-05-17,997864.0060000006,28
2021-05-18,998747.0060000006,28
2021-05-19,998318.0060000006,28
2021-05-20,994953.0060000006,28
2021-05-21,994634.1070000007,27
2021-05-24,996380.8340000006,30
2021-05-25,996891.8340000006,30
2021-05-26,1000176.8340000006,30
2021-05-27,1004963.8340000006,30
2021-05-28,999475.8340000006,30
2021-05-31,1002200.2010000005,25
2021-06-01,1005266.2010000005,25
2021-06-02,1005713.2010000005,25
2021-06-03,1004968.2010000005,25
2021-06-04,1005087.2010000005,25
2021-06-07,1006546.9710000005,30
2021-06-08,1007341.9710000005,30
2021-06-09,1009792.9710000005,30
2021-06-10,1013506.9710000005,30
2021-06-11,1014046.9710000005,30
2021-06-15,1006849.1760000006,30
2021-06-16,1000980.1760000006,30
2021-06-17,1003620.5860000006,29
2021-06-18,1005495.5860000006,29
2021-06-21,1008879.0770000005,29
2021-06-22,1012321.0770000005,29
2021-06-23,1013410.0770000005,29
2021-06-24,1012311.0770000005,29
2021-06-25,1011738.0770000005,29
2021-06-28,1015576.3070000006,30
2021-06-29,1012992.3070000006,30
2021-06-30,1014553.3070000006,30
2021-07-01,1010634.3070000006,30
2021-07-02,1008231.0040000007,29
2021-07-05,1011018.7770000007,30
2021-07-06,1011832.7770000007,30
2021-07-07,1014337.7770000007,30
2021-07-08,1009456.7770000007,30
2021-07-09,1010525.7770000007,30
2021-07-12,1013593.5150000007,29
2021-07-13,1012081.5150000007,29
2021-07-14,1009087.6450000007,28
2021-07-15,1002093.7300000007,27
2021-07-16,1000617.7300000007,27
2021-07-19,1000546.3980000006,29
2021-07-20,997937.2740000007,28
2021-07-21,1001172.2740000007,28
2021-07-22,1000338.2740000007,28
2021-07-23,991519.0820000006,26
2021-07-26,986971.7240000006,31
2021-07-27,984220.8160000006,28
2021-07-28,978578.2240000006,27
2021-07-29,986220.2240000006,27
2021-07-30,992492.2240000006,27
2021-08-02,999660.8020000007,30
2021-08-03,1007139.8020000007,30
2021-08-04,1007029.8020000007,30
2021-08-05,1009379.8020000007,30
2021-08-06,1006113.8020000007,30
2021-08-09,1013181.1880000007,30
2021-08-10,1017306.1880000007,30
2021-08-11,1020396.1880000007,30
2021-08-12,1020734.1880000007,30
2021-08-13,1020536.1880000007,30
2021-08-16,1023473.6350000006,31
2021-08-17,1012874.6350000006,31
2021-08-18,1014597.6350000006,31
2021-08-19,1013777.6350000006,31
2021-08-20,1008070.0850000005,30
2021-08-23,1018199.1120000005,30
2021-08-24,1019417.1120000005,30
2021-08-25,1019993.7920000006,29
2021-08-26,1015486.7920000006,29
2021-08-27,1015294.1760000006,28
2021-08-30,1014012.6920000006,28
2021-08-31,1012979.9530000007,25
2021-09-01,1017472.9720000006,24
2021-09-02,1019032.9720000006,24
2021-09-03,1026040.9720000006,24
2021-09-06,1028350.1940000004,31
2021-09-07,1029977.1940000004,31
2021-09-08,1032113.1940000004,31
2021-09-09,1028357.1940000004,31
2021-09-10,1024956.1940000004,31
2021-09-13,1020761.1220000003,28
2021-09-14,1016608.1220000003,28
2021-09-15,1013087.6380000003,27
2021-09-16,1007753.6080000002,24
2021-09-17,1008178.6080000002,24
2021-09-22,1004170.7140000004,31
2021-09-23,1007845.7140000004,31
2021-09-24,1001322.3320000004,30
2021-09-27,992211.1530000002,27
2021-09-28,990067.3030000002,26
2021-09-29,979868.4440000003,23
2021-09-30,986190.4440000003,23
2021-10-08,991976.3200000005,29
2021-10-11,992022.4060000007,26
2021-10-12,985548.4060000007,26
2021-10-13,991012.4060000007,26
2021-10-14,996761.4060000007,26
2021-10-15,993044.4060000007,26
2021-10-18,993219.3060000007,28
2021-10-19,992887.3060000007,28
2021-10-20,990357.3060000007,28
2021-10-21,985810.4520000006,27
2021-10-22,983971.4520000006,27
2021-10-25,987979.6940000007,27
2021-10-26,985568.6940000007,27
2021-10-27,978596.9060000007,24
2021-10-28,976431.9060000007,24
2021-10-29,979470.9060000007,24
2021-11-01,985842.5630000005,28
2021-11-02,977615.5630000005,28
2021-11-03,983170.5630000005,28
2021-11-04,989849.5630000005,28
2021-11-05,991842.5630000005,28
2021-11-08,994105.7540000005,27
2021-11-09,998017.7540000005,27
2021-11-10,1000780.7540000005,27
2021-11-11,1005481.7540000005,27
2021-11-12,1007719.7540000005,27
2021-11-15,1015370.8870000006,30
2021-11-16,1014103.8870000006,30
2021-11-17,1019130.8870000006,30
2021-11-18,1014613.8870000006,30
2021-11-19,1018313.8870000006,30
2021-11-22,1018499.1310000009,29
2021-11-23,1021520.1310000009,29
2021-11-24,1025733.1310000009,29
2021-11-25,1030720.1310000009,29
2021-11-26,1028343.1310000009,29
2021-11-29,1023766.4150000007,28
2021-11-30,1026009.4150000007,28
2021-12-01,1034229.4150000007,28
2021-12-02,1030810.4150000007,28
2021-12-03,1031729.4150000007,28
2021-12-06,1026936.8250000007,30
2021-12-07,1027831.8250000007,30
2021-12-08,1032565.8250000007,30
2021-12-09,1037143.8250000007,30
2021-12-10,1039853.8250000007,30
2021-12-13,1041368.5110000009,31
2021-12-14,1047304.5110000009,31
2021-12-15,1044920.5110000009,31
2021-12-16,1047245.5110000009,31
2021-12-17,1042381.5110000009,31
2021-12-20,1037374.7150000008,29
2021-12-21,1041690.7150000008,29
2021-12-22,1043212.7150000008,29
2021-12-23,1038666.6250000008,28
2021-12-24,1028802.1050000008,27
2021-12-27,1027927.4140000008,31
2021-12-28,1036456.4140000008,31
2021-12-29,1042667.4140000008,31
2021-12-30,1051672.4140000008,31
2021-12-31,1055881.4140000008,31
2022-01-04,1054656.0130000012,32
2022-01-05,1045938.0130000011,32
2022-01-06,1050915.0130000012,32
2022-01-07,1041898.0130000011,32
2022-01-10,1045439.9760000012,29
2022-01-11,1045846.9760000012,29
2022-01-12,1054997.9760000012,29
2022-01-13,1053849.9760000012,29
2022-01-14,1051283.9690000012,28
2022-01-17,1053737.4230000009,28
2022-01-18,1049924.9230000009,27
2022-01-19,1050205.299000001,26
2022-01-20,1037914.1310000011,23
2022-01-21,1034455.1310000011,23
2022-01-24,1031817.4590000011,29
2022-01-25,1016648.7580000011,22
2022-01-26,1020104.7580000011,22
2022-01-27,1011581.7020000011,20
2022-01-28,1016404.7020000011,20
2022-02-07,1018325.4870000015,29
2022-02-08,1021890.4870000015,29
2022-02-09,1027227.4870000015,29
2022-02-10,1020917.4870000015,29
2022-02-11,1006132.4900000015,27
2022-02-14,1004719.5570000017,31
2022-02-15,1008969.5570000017,31
2022-02-16,1012863.5570000017,31
2022-02-17,1010668.5570000017,31
2022-02-18,1011167.5410000017,30
2022-02-21,1012319.1120000018,29
2022-02-22,1004768.1120000018,29
2022-02-23,1016428.1120000018,29
2022-02-24,1007671.2250000018,27
2022-02-25,1013187.2250000018,27
2022-02-28,1011522.554000002,32
2022-03-01,1014164.554000002,32
2022-03-02,1014936.554000002,32
2022-03-03,1012426.604000002,30
2022-03-04,1011216.604000002,30
2022-03-07,1002331.8670000021,31
2022-03-08,988721.9910000021,29
2022-03-09,980806.2620000022,26
2022-03-10,984177.2620000022,26
2022-03-11,985435.2620000022,26
2022-03-14,973663.1180000021,29
2022-03-15,950698.6940000022,19
2022-03-16,955946.6940000022,19
2022-03-17,969102.6940000022,19
2022-03-18,972124.6940000022,19
2022-03-21,970572.3720000023,31
2022-03-22,967927.3720000023,31
2022-03-23,968731.3720000023,31
2022-03-24,965024.3720000023,31
2022-03-25,963282.5360000023,30
2022-03-28,957732.2450000023,27
2022-03-29,954721.2450000023,27
2022-03-30,958399.2450000023,27
2022-03-31,956738.2450000023,27
2022-04-01,956681.8550000023,26
2022-04-06,956063.101000002,29
2022-04-07,947278.8040000021,26
2022-04-08,941458.0330000021,25
2022-04-11,928598.5750000022,29
2022-04-12,933012.5750000022,29
2022-04-13,926428.9630000022,22
2022-04-14,929217.9630000022,22
2022-04-15,924440.0010000021,19
2022-04-18,930634.6250000023,27
2022-04-19,930474.6250000023,27
2022-04-20,930124.6250000023,27
2022-04-21,915997.5350000024,26
2022-04-22,915485.9550000024,25
2022-04-25,888667.472000002,21
2022-04-26,877428.472000002,21
2022-04-27,885999.472000002,21
2022-04-28,882255.472000002,21
2022-04-29,896289.472000002,21
2022-05-05,903581.3260000021,24
2022-05-06,902020.3260000021,24
2022-05-09,906465.6820000021,25
2022-05-10,912958.6820000021,25
2022-05-11,914371.6820000021,25
2022-05-12,918451.6820000021,25
2022-05-13,922604.6820000021,25
2022-05-16,920478.533000002,27
2022-05-17,918638.533000002,27
2022-05-18,925024.533000002,27
2022-05-19,925508.533000002,27
2022-05-20,928657.533000002,27
2022-05-23,937342.925000002,30
2022-05-24,922039.925000002,30
2022-05-25,929536.925000002,30
2022-05-26,927595.925000002,30
2022-05-27,929847.925000002,30
2022-05-30,933365.0830000018,28
2022-05-31,943284.0830000018,28
2022-06-01,949695.0830000018,28
2022-06-02,957372.0830000018,28
2022-06-06,964346.311000002,30
2022-06-07,963312.311000002,30
2022-06-08,961456.311000002,30
2022-06-09,952578.7830000019,29
2022-06-10,956005.7830000019,29
2022-06-13,954744.0740000024,29
2022-06-14,952114.0740000024,29
2022-06-15,953082.0740000024,29
2022-06-16,956008.0740000024,29
2022-06-17,954474.0740000024,29
2022-06-20,958675.1240000025,28
2022-06-21,959365.1240000025,28
2022-06-22,956674.1240000025,28
2022-06-23,962368.1240000025,28
2022-06-24,968066.1240000025,28
2022-06-27,969519.0090000024,26
2022-06-28,981164.0090000024,26
2022-06-29,976153.0090000024,26
2022-06-30,979823.0090000024,26
2022-07-01,980295.0090000024,26
2022-07-04,979468.8720000023,31
2022-07-05,977306.8720000023,31
2022-07-06,978690.8720000023,31
2022-07-07,981982.8720000023,31
2022-07-08,984091.8720000023,31
2022-07-11,976062.8600000023,31
2022-07-12,970108.8600000023,31
2022-07-13,974619.8600000023,31
2022-07-14,979115.8600000023,31
2022-07-15,974589.6180000023,30
2022-07-18,981468.2870000022,30
2022-07-19,987647.2870000022,30
2022-07-20,991889.5150000022,29
2022-07-21,991012.5150000022,29
2022-07-22,986522.5150000022,29
2022-07-25,983349.4600000025,30
2022-07-26,987007.4600000025,30
2022-07-27,991907.4600000025,30
2022-07-28,997228.4600000025,30
2022-07-29,996047.4600000025,30
2022-08-01,999041.2680000027,27
2022-08-02,982008.2680000027,27
2022-08-03,982372.2680000027,27
2022-08-04,991437.2680000027,27
2022-08-05,997421.2680000027,27
2022-08-08,999438.0150000027,30
2022-08-09,998638.0150000027,30
2022-08-10,999358.0150000027,30
2022-08-11,1008707.0150000027,30
2022-08-12,1009762.0150000027,30
2022-08-15,1008177.6730000031,30
2022-08-16,1012925.6730000031,30
2022-08-17,1014006.6730000031,30
2022-08-18,1012950.6730000031,30
2022-08-19,1009926.6730000031,30
2022-08-22,1010921.6050000031,26
2022-08-23,1011900.6050000031,26
2022-08-24,1001840.4880000032,25
2022-08-25,1002418.4880000032,25
2022-08-26,1001104.9880000032,24
2022-08-29,1001966.2560000035,29
2022-08-30,1002228.2560000035,29
2022-08-31,992375.2560000035,29
2022-09-01,989794.6480000035,27
2022-09-02,992755.6480000035,27
2022-09-05,988983.7530000035,24
2022-09-06,993720.7530000035,24
2022-09-07,997559.7530000035,24
2022-09-08,992225.7530000035,24
2022-09-09,989527.1070000036,23
2022-09-13,992037.4740000034,29
2022-09-14,987845.4740000034,29
2022-09-15,976243.2140000034,27
2022-09-16,968117.7220000034,24
2022-09-19,961282.7160000035,29
2022-09-20,971101.7160000035,29
2022-09-21,973659.7160000035,29
2022-09-22,972151.7160000035,29
2022-09-23,962126.0680000035,28
2022-09-26,954307.7050000035,30
2022-09-27,965611.7050000035,30
2022-09-28,955272.7050000035,30
2022-09-29,955862.3020000034,29
2022-09-30,948914.4850000035,27
2022-10-10,940432.8550000032,27
2022-10-11,945058.8550000032,27
2022-10-12,960797.8550000032,27
2022-10-13,966971.8550000032,27
2022-10-14,977193.8550000032,27
2022-10-17,989596.439000003,30
2022-10-18,992081.439000003,30
2022-10-19,987919.439000003,30
2022-10-20,989310.439000003,30
2022-10-21,987356.439000003,30
2022-10-24,981980.849000003,30
2022-10-25,981521.849000003,30
2022-10-26,992667.849000003,30
2022-10-27,991081.849000003,30
2022-10-28,977061.264000003,29
2022-10-31,983311.8690000027,31
2022-11-01,994448.8690000027,31
2022-11-02,1000204.8690000027,31
2022-11-03,1001248.8690000027,31
2022-11-04,1007315.8690000027,31
2022-11-07,1011049.7360000026,28
2022-11-08,1012181.7360000026,28
2022-11-09,1011539.7360000026,28
2022-11-10,1010367.7360000026,28
2022-11-11,1013224.7360000026,28
2022-11-14,1011961.2160000028,30
2022-11-15,1018960.2160000028,30
2022-11-16,1021875.2160000028,30
2022-11-17,1019804.2160000028,30
2022-11-18,1016240.2160000028,30
2022-11-21,1018922.2910000029,30
2022-11-22,1013164.2910000029,30
2022-11-23,1014209.2910000029,30
2022-11-24,1015887.2910000029,30
2022-11-25,1014798.2910000029,30
2022-11-28,1010454.0410000032,31
2022-11-29,1018588.0410000032,31
2022-11-30,1018199.0410000032,31
2022-12-01,1024260.0410000032,31
2022-12-02,1029712.0410000032,31
2022-12-05,1027780.2400000034,29
2022-12-06,1025432.2400000034,29
2022-12-07,1025119.2400000034,29
2022-12-08,1027365.2400000034,29
2022-12-09,1022101.2400000034,29
2022-12-12,1023363.4240000034,27
2022-12-13,1018135.0190000033,26
2022-12-14,1017795.0190000033,26
2022-12-15,1022423.0190000033,26
2022-12-16,1015076.1990000034,25
2022-12-19,1006882.5930000034,31
2022-12-20,1007250.5930000034,31
2022-12-21,1000241.4650000033,29
2022-12-22,991814.5200000033,27
2022-12-23,991443.5200000033,27
2022-12-26,1001457.2810000032,31
2022-12-27,1003015.2810000032,31
2022-12-28,997161.6810000032,30
2022-12-29,995832.6810000032,30
2022-12-30,998083.6810000032,30
2023-01-03,1006571.8400000032,29
2023-01-04,1008540.8400000032,29
2023-01-05,1012080.8400000032,29
2023-01-06,1011567.8400000032,29
2023-01-09,1012103.2840000031,25
2023-01-10,1013264.2840000031,25
2023-01-11,1007462.2840000031,25
2023-01-12,1008096.2840000031,25
2023-01-13,1008947.2840000031,25
2023-01-16,1014445.358000003,28
2023-01-17,1014783.358000003,28
2023-01-18,1017037.358000003,28
2023-01-19,1020909.358000003,28
2023-01-20,1024671.358000003,28
2023-01-30,1031010.1030000033,30
2023-01-31,1040602.1030000033,30
2023-02-01,1045642.1030000033,30
2023-02-02,1043567.1030000033,30
2023-02-03,1042890.1030000033,30
2023-02-06,1041939.9300000033,29
2023-02-07,1043833.9300000033,29
2023-02-08,1042544.9300000033,29
2023-02-09,1045624.9300000033,29
2023-02-10,1046358.9300000033,29
2023-02-13,1051744.2990000034,28
2023-02-14,1052042.2990000034,28
2023-02-15,1050950.2990000034,28
2023-02-16,1044946.2990000033,28
2023-02-17,1044150.2990000033,28
2023-02-20,1047043.0970000033,28
2023-02-21,1048745.0970000033,28
2023-02-22,1050936.0970000033,28
2023-02-23,1034981.0970000033,28
2023-02-24,1034109.0970000033,28
2023-02-27,1029341.1110000034,30
2023-02-28,1032978.1110000034,30
2023-03-01,1036363.1110000034,30
2023-03-02,1032927.1110000034,30
2023-03-03,1032156.1110000034,30
2023-03-06,1034934.1980000035,30
2023-03-07,1027551.1980000035,30
2023-03-08,1030248.1980000035,30
2023-03-09,1033279.1980000035,30
2023-03-10,1030379.1980000035,30
2023-03-13,1025021.4960000033,27
2023-03-14,1020783.9440000033,26
2023-03-15,1024991.9440000033,26
2023-03-16,1019930.4070000033,25
2023-03-17,1023095.4070000033,25
2023-03-20,1025176.1530000031,30
2023-03-21,1034460.1530000031,30
2023-03-22,1036546.1530000031,30
2023-03-23,1035898.1530000031,30
2023-03-24,1039785.1530000031,30
2023-03-27,1038472.5930000029,30
2023-03-28,1036837.5930000029,30
2023-03-29,1032699.5930000029,30
2023-03-30,1033420.5930000029,30
2023-03-31,1036467.5930000029,30
2023-04-03,1036560.3880000025,29
2023-04-04,1031338.3880000025,29
2023-04-06,1028039.7020000025,28
2023-04-07,1031161.7020000025,28
2023-04-10,1027239.4620000024,29
2023-04-11,1027415.4620000024,29
2023-04-12,1030955.4620000024,29
2023-04-13,1028652.4620000024,29
2023-04-14,1029520.4620000024,29
2023-04-17,1030256.7020000026,31
2023-04-18,1027503.7020000026,31
2023-04-19,1026375.9730000026,30
2023-04-20,1021282.9730000026,30
2023-04-21,999041.7630000026,29
2023-04-24,995043.8560000022,30
2023-04-25,985426.8870000022,24
2023-04-26,993304.8870000022,24
2023-04-27,992255.8870000022,24
2023-04-28,998832.8870000022,24
2023-05-04,1000624.6670000021,29
2023-05-05,997285.6670000021,29
2023-05-08,1004978.4010000023,27
2023-05-09,997541.0410000023,26
2023-05-10,1005102.0410000023,26
2023-05-11,1011834.0410000023,26
2023-05-12,1006651.0410000023,26
2023-05-15,1010896.8800000024,25
2023-05-16,1009906.8800000024,25
2023-05-17,1016704.8800000024,25
2023-05-18,1022524.8800000024,25
2023-05-19,1022247.3420000025,24
2023-05-22,1026218.3870000025,31
2023-05-23,1024119.3870000025,31
2023-05-24,1026511.3870000025,31
2023-05-25,1025006.3870000025,31
2023-05-26,1024351.3870000025,31
2023-05-29,1021881.0000000026,30
2023-05-30,1020135.0000000026,30
2023-05-31,1018056.0000000026,30
2023-06-01,1019347.0000000026,30
2023-06-02,1022861.0000000026,30
2023-06-05,1023579.8010000024,31
2023-06-06,1018282.8010000024,31
2023-06-07,1017760.7810000024,30
2023-06-08,1017159.7810000024,30
2023-06-09,1017988.7810000024,30
2023-06-12,1017080.8300000023,26
2023-06-13,1017887.8300000023,26
2023-06-14,1016754.8300000023,26
2023-06-15,1019552.8300000023,26
2023-06-16,1022832.8300000023,26
2023-06-19,1021749.9850000021,30
2023-06-20,1019914.7370000021,29
2023-06-21,1018866.7370000021,29
2023-06-26,1014607.8760000021,27
2023-06-27,1023343.8760000021,27
2023-06-28,1023711.8760000021,27
2023-06-29,1029733.8760000021,27
2023-06-30,1030823.6210000021,26
2023-07-03,1030082.1210000023,27
2023-07-04,1034603.1210000023,27
2023-07-05,1032627.8330000022,26
2023-07-06,1030204.8330000022,26
2023-07-07,1029428.8330000022,26
2023-07-10,1030622.6810000022,28
2023-07-11,1033751.6810000022,28
2023-07-12,1028877.6810000022,28
2023-07-13,1033447.6810000022,28
2023-07-14,1035357.6810000022,28
2023-07-17,1023065.2360000021,29
2023-07-18,1023625.2360000021,29
2023-07-19,1021649.2360000021,29
2023-07-20,1015888.2360000021,29
2023-07-21,1014853.2360000021,29
2023-07-24,1015452.8930000018,28
2023-07-25,1021249.8930000018,28
2023-07-26,1019620.8930000018,28
2023-07-27,1016795.8930000018,28
2023-07-28,1021025.8930000018,28
2023-07-31,1019262.176000002,29
2023-08-01,1016982.176000002,29
2023-08-02,1018081.176000002,29
2023-08-03,1016254.176000002,29
2023-08-04,1016634.176000002,29
2023-08-07,1012330.029000002,29
2023-08-08,1011952.029000002,29
2023-08-09,1008693.029000002,29
2023-08-10,1009637.583000002,28
2023-08-11,1006044.583000002,28
2023-08-14,1004628.924000002,30
2023-08-15,1001660.456000002,29
2023-08-16,994747.589000002,27
2023-08-17,1003089.589000002,27
2023-08-18,1001124.589000002,27
2023-08-21,998151.939000002,28
2023-08-22,999649.939000002,28
2023-08-23,993523.939000002,28
2023-08-24,993176.939000002,28
2023-08-25,986683.989000002,27
2023-08-28,985209.072000002,29
2023-08-29,1005424.072000002,29
2023-08-30,1013900.072000002,29
2023-08-31,1022579.072000002,29
2023-09-01,1027781.072000002,29
2023-09-04,1031996.520000002,31
2023-09-05,1031253.520000002,31
2023-09-06,1035292.520000002,31
2023-09-07,1027476.520000002,31
2023-09-08,1028575.520000002,31
2023-09-11,1031497.8830000019,28
2023-09-12,1030661.8830000019,28
2023-09-13,1026543.8830000019,28
2023-09-14,1023353.8830000019,28
2023-09-15,1026627.8830000019,28
2023-09-18,1030443.3270000019,27
2023-09-19,1026885.3270000019,27
2023-09-20,1024287.3270000019,27
2023-09-21,1018629.6460000019,25
2023-09-22,1023796.6460000019,25
2023-09-25,1020852.334000002,29
2023-09-26,1019607.334000002,29
2023-09-27,1021137.334000002,29
2023-09-28,1023848.334000002,29
2023-10-09,1018956.090000002,27
2023-10-10,1016735.090000002,27
2023-10-11,1018858.090000002,27
2023-10-12,1022410.090000002,27
2023-10-13,1015331.090000002,27
2023-10-16,1003581.6200000019,30
2023-10-17,1003105.6200000019,30
2023-10-18,997273.6200000019,30
2023-10-19,993044.6200000019,30
2023-10-20,988919.3840000018,28
2023-10-23,978165.9950000017,29
2023-10-24,989847.9950000017,29
2023-10-25,996051.9950000017,29
2023-10-26,994505.6250000017,28
2023-10-27,1002306.6250000017,28
2023-10-30,1005569.3450000018,27
2023-10-31,1004601.3450000018,27
2023-11-01,1005169.3450000018,27
2023-11-02,1001589.3450000018,27
2023-11-03,1008475.3450000018,27
2023-11-06,1013270.5340000018,26
2023-11-07,1014517.5340000018,26
2023-11-08,1016870.5340000018,26
2023-11-09,1015889.5340000018,26
2023-11-10,1018269.5340000018,26
2023-11-13,1024844.282000002,31
2023-11-14,1025151.282000002,31
2023-11-15,1029976.282000002,31
2023-11-16,1025961.282000002,31
2023-11-17,1029087.282000002,31
2023-11-20,1033366.7580000019,29
2023-11-21,1033293.7580000019,29
2023-11-22,1033645.7580000019,29
2023-11-23,1034901.7580000019,29
2023-11-24,1035365.7580000019,29
2023-11-27,1038069.8790000017,30
2023-11-28,1041742.8790000017,30
2023-11-29,1040150.8790000017,30
2023-11-30,1036403.8790000017,30
2023-12-01,1037163.8790000017,30
2023-12-04,1035202.2760000018,29
2023-12-05,1027917.2760000018,29
2023-12-06,1029463.2760000018,29
2023-12-07,1027664.2760000018,29
2023-12-08,1023556.2760000018,29
2023-12-11,1027168.3450000021,32
2023-12-12,1027022.3450000021,32
2023-12-13,1024301.3450000021,32
2023-12-14,1023630.3450000021,32
2023-12-15,1023320.3450000021,32
2023-12-18,1014736.1020000019,29
2023-12-19,1019912.1020000019,29
2023-12-20,1017697.1020000019,29
2023-12-21,1018221.1020000019,29
2023-12-22,1011597.1020000019,29
2023-12-25,1010118.2310000019,28
2023-12-26,1004700.6710000018,27
2023-12-27,1008858.6710000018,27
2023-12-28,1018328.6710000018,27
2023-12-29,1026434.6710000018,27
2024-01-02,1027360.7070000018,31
2024-01-03,1022994.7070000018,31
2024-01-04,1021597.7990000017,30
2024-01-05,1014985.2310000018,29
2024-01-08,1007150.1270000018,28
2024-01-09,1010039.1270000018,28
2024-01-10,1006659.1270000018,28
2024-01-11,1013307.1270000018,28
2024-01-12,1006761.1270000018,28
2024-01-15,1001549.0000000016,32
2024-01-16,1012348.0000000016,32
2024-01-17,1000788.6860000016,27
2024-01-18,1010463.1580000016,26
2024-01-19,1022633.8380000016,25
2024-01-22,999183.8550000014,25
2024-01-23,1000461.8550000014,25
2024-01-24,1008802.8550000014,25
2024-01-25,1027245.8550000014,25
2024-01-26,1022893.8550000014,25
2024-01-29,1014494.0160000015,30
2024-01-30,1003610.0160000015,30
2024-01-31,994979.5010000016,20
2024-02-01,985797.8610000015,19
2024-02-02,976362.6110000015,18
2024-02-05,972638.0000000016,23
2024-02-06,976998.0000000016,23
2024-02-07,952607.0000000016,23
2024-02-08,1000680.0000000016,23
2024-02-19,1017052.0100000016,28
2024-02-20,1026613.0100000016,28
2024-02-21,1045198.0100000016,28
2024-02-22,1061528.0100000016,28
2024-02-23,1084391.0100000016,28
2024-02-26,1101830.0030000014,30
2024-02-27,1123055.0030000014,30
2024-02-28,1081739.0030000014,30
2024-02-29,1097865.0030000014,30
2024-03-01,1102721.0030000014,30
2024-03-04,1096189.6330000015,27
2024-03-05,1086919.6330000015,27
2024-03-06,1092499.6330000015,27
2024-03-07,1097832.6330000015,27
2024-03-08,1097396.6330000015,27
2024-03-11,1104097.1040000017,30
2024-03-12,1116712.1040000017,30
2024-03-13,1115259.1040000017,30
2024-03-14,1111742.1040000017,30
2024-03-15,1124494.1040000017,30
2024-03-18,1129601.6760000016,31
2024-03-19,1126880.6760000016,31
2024-03-20,1127336.6760000016,31
2024-03-21,1123511.6760000016,31
2024-03-22,1117731.6760000016,31
2024-03-25,1106524.6320000016,27
2024-03-26,1103284.0060000014,25
2024-03-27,1100008.0060000014,25
2024-03-28,1104099.0060000014,25
2024-03-29,1106692.0060000014,25
2024-04-01,1112393.2560000014,28
2024-04-02,1105151.2560000014,28
2024-04-03,1099486.2560000014,28
2024-04-08,1080439.1470000017,27
2024-04-09,1089891.1470000017,27
2024-04-10,1095474.3870000015,25
2024-04-11,1091630.5610000016,23
2024-04-12,1096403.8610000017,22
2024-04-15,1080738.3990000016,30
2024-04-16,1045241.3450000017,27
2024-04-17,1071810.3450000016,27
2024-04-18,1074407.3450000016,27
2024-04-19,1069136.3450000016,27
2024-04-22,1072546.3390000015,28
2024-04-23,1088010.3390000015,28
2024-04-24,1100443.3390000015,28
2024-04-25,1102431.3390000015,28
2024-04-26,1110175.3390000018,28
2024-04-29,1126709.357000002,32
2024-04-30,1127224.357000002,32
2024-05-06,1138467.542000002,24
2024-05-07,1141372.542000002,24
2024-05-08,1139661.542000002,24
2024-05-09,1144277.542000002,24
2024-05-10,1141217.743000002,23
2024-05-13,1125734.259000002,27
2024-05-14,1130451.259000002,27
2024-05-15,1126410.259000002,27
2024-05-16,1125551.259000002,27
2024-05-17,1129672.390000002,26
2024-05-20,1127353.8830000018,29
2024-05-21,1124231.883000002,29
2024-05-22,1127700.8830000018,29
2024-05-23,1133853.2130000019,28
2024-05-24,1123001.2130000019,28
2024-05-27,1122322.8520000023,30
2024-05-28,1124311.8520000023,30
2024-05-29,1128609.8520000023,30
2024-05-30,1129563.8520000023,30
2024-05-31,1135926.8520000023,30
2024-06-03,1129382.4210000024,30
2024-06-04,1121186.0640000026,29
2024-06-05,1111966.8400000024,26
2024-06-06,1093986.0310000023,22
2024-06-07,1104701.0310000023,22
2024-06-11,1104546.7780000023,30
2024-06-12,1112351.4740000023,29
2024-06-13,1110901.4740000023,29
2024-06-14,1105956.4740000023,29
2024-06-17,1097993.9700000025,26
2024-06-18,1103603.9700000025,26
2024-06-19,1106601.9700000025,26
2024-06-20,1100901.9700000025,26
2024-06-21,1101534.9700000025,26
2024-06-24,1081951.4690000024,29
2024-06-25,1088845.4430000025,28
2024-06-26,1102100.4430000025,28
2024-06-27,1093503.4430000025,28
2024-06-28,1094318.4430000025,28
2024-07-01,1099059.0490000027,26
2024-07-02,1098976.0490000027,26
2024-07-03,1094500.0490000027,26
2024-07-04,1081559.0490000027,26
2024-07-05,1085816.0490000027,26
2024-07-08,1069899.0640000026,31
2024-07-09,1076955.1680000026,30
2024-07-10,1074241.1680000026,30
2024-07-11,1090572.1680000026,30
2024-07-12,1090038.1680000026,30
2024-07-15,1078882.9540000027,28
2024-07-16,1080213.9540000027,28
2024-07-17,1084513.9540000027,28
2024-07-18,1081966.9540000025,28
2024-07-19,1088322.9540000027,28
2024-07-22,1086162.4910000027,30
2024-07-23,1076701.2990000027,29
2024-07-24,1067180.2990000027,29
2024-07-25,1070275.2990000027,29
2024-07-26,1077356.4540000027,28
2024-07-29,1073917.6190000027,27
2024-07-30,1076122.6190000027,27
2024-07-31,1092016.6190000027,27
2024-08-01,1090720.6190000027,27
2024-08-02,1087980.6190000027,27
2024-08-05,1077624.2220000029,32
2024-08-06,1088358.2220000029,32
2024-08-07,1089449.2220000029,32
2024-08-08,1085720.2220000029,32
2024-08-09,1085812.2220000029,32
2024-08-12,1083156.0320000025,27
2024-08-13,1087559.0320000025,27
2024-08-14,1085452.0320000025,27
2024-08-15,1088328.0320000025,27
2024-08-16,1091814.0320000025,27
2024-08-19,1086614.8220000027,30
2024-08-20,1081764.8220000027,30
2024-08-21,1081062.8220000027,30
2024-08-22,1073874.8220000027,30
2024-08-23,1075248.8220000027,30
2024-08-26,1077570.3030000026,32
2024-08-27,1068940.3030000026,32
2024-08-28,1078826.3030000026,32
2024-08-29,1085607.3030000026,32
2024-08-30,1095885.3030000026,32
2024-09-02,1085341.4780000024,29
2024-09-03,1088522.4780000024,29
2024-09-04,1084901.4780000024,29
2024-09-05,1088715.4780000024,29
2024-09-06,1080021.4780000024,29
2024-09-09,1077882.3520000023,31
2024-09-10,1081420.3520000023,31
2024-09-11,1083316.3520000023,31
2024-09-12,1079761.3520000023,31
2024-09-13,1073889.4240000024,29
2024-09-18,1068494.998000002,29
2024-09-19,1079232.998000002,29
2024-09-20,1075514.998000002,29
2024-09-23,1073499.547000002,25
2024-09-24,1089371.547000002,25
2024-09-25,1093207.547000002,25
2024-09-26,1108211.547000002,25
2024-09-27,1130971.5470000019,25
2024-09-30,1182639.6520000023,31
2024-10-08,1213277.9820000022,26
2024-10-09,1175829.9820000022,26
2024-10-10,1179933.9820000022,26
2024-10-11,1168175.9820000022,26
2024-10-14,1175563.373000002,28
2024-10-15,1166018.933000002,26
2024-10-16,1168730.933000002,26
2024-10-17,1165846.933000002,26
2024-10-18,1176577.933000002,26
2024-10-21,1178266.8430000022,28
2024-10-22,1186195.8430000022,28
2024-10-23,1186786.8430000022,28
2024-10-24,1187450.8430000022,28
2024-10-25,1191976.8430000022,28
2024-10-28,1201061.266000002,30
2024-10-29,1190514.266000002,30
2024-10-30,1186168.266000002,30
2024-10-31,1187181.266000002,30
2024-11-01,1179646.266000002,30
2024-11-04,1187951.5440000019,30
2024-11-05,1199405.5440000019,30
2024-11-06,1200223.5440000019,30
2024-11-07,1216650.5440000019,30
2024-11-08,1215089.5440000019,30
2024-11-11,1221738.879000002,27
2024-11-12,1224730.879000002,27
2024-11-13,1230451.879000002,27
2024-11-14,1218148.879000002,27
2024-11-15,1215722.879000002,27
2024-11-18,1209970.8760000016,34
2024-11-19,1228159.8760000016,34
2024-11-20,1235839.8760000016,34
2024-11-21,1234300.8760000016,34
2024-11-22,1215513.3250000016,33
2024-11-25,1223499.0100000016,31
2024-11-26,1220009.0100000016,31
2024-11-27,1227500.0100000016,31
2024-11-28,1225777.0100000016,31
2024-11-29,1236439.0100000016,31
2024-12-02,1244616.824000002,32
2024-12-03,1243697.824000002,32
2024-12-04,1235257.824000002,32
2024-12-05,1239723.824000002,32
2024-12-06,1245970.824000002,32
2024-12-09,1246184.3010000016,31
2024-12-10,1251534.3010000016,31
2024-12-11,1254793.3010000016,31
2024-12-12,1257731.3010000016,31
2024-12-13,1247988.3010000016,31
2024-12-16,1238249.6630000016,30
2024-12-17,1220382.0780000016,28
2024-12-18,1219514.0780000016,28
2024-12-19,1226567.0780000016,28
2024-12-20,1230169.2900000017,27
2024-12-23,1207305.6250000016,31
2024-12-24,1213896.6250000016,31
2024-12-25,1194716.1430000016,29
2024-12-26,1196413.4700000016,26
2024-12-27,1198106.4700000016,26
2024-12-30,1177955.0130000017,31
2024-12-31,1178677.8730000015,30
2025-01-02,1177864.8730000015,30
2025-01-03,1182929.0710000014,28
2025-01-06,1178702.4110000017,28
2025-01-07,1191055.4110000017,28
2025-01-08,1201723.4110000017,28
2025-01-09,1209032.4110000017,28
2025-01-10,1185036.9970000018,27
2025-01-13,1173993.276000002,28
2025-01-14,1209583.276000002,28
2025-01-15,1211850.276000002,28
2025-01-16,1214917.276000002,28
2025-01-17,1212290.276000002,28
2025-01-20,1214680.1800000016,32
2025-01-21,1212965.1800000016,32
2025-01-22,1206323.1800000016,32
2025-01-23,1209134.1800000016,32
2025-01-24,1216561.1800000016,32
2025-01-27,1212818.096000002,32
2025-02-05,1214985.535000002,25
2025-02-06,1226192.535000002,25
2025-02-07,1233048.535000002,25
2025-02-10,1239369.5770000024,34
2025-02-11,1244228.5770000024,34
2025-02-12,1244973.5770000024,34
2025-02-13,1241978.5770000024,34
2025-02-14,1240549.5770000021,34
2025-02-17,1243500.419000002,30
2025-02-18,1236119.419000002,30
2025-02-19,1241454.419000002,30
2025-02-20,1244815.419000002,30
2025-02-21,1240354.419000002,30
2025-02-24,1239819.7290000021,29
2025-02-25,1235523.7290000021,29
2025-02-26,1242331.7290000021,29
2025-02-27,1247281.7290000021,29
2025-02-28,1241239.2490000022,28
2025-03-03,1241994.3900000025,30
2025-03-04,1247249.3900000025,30
2025-03-05,1246527.3900000025,30
2025-03-06,1252045.3900000025,30
2025-03-07,1252281.3900000025,30
2025-03-10,1254707.9860000024,32
2025-03-11,1258459.9860000024,32
2025-03-12,1262024.9860000024,32
2025-03-13,1261436.9860000024,32
2025-03-14,1271131.9860000024,32
2025-03-17,1272406.3760000023,28
2025-03-18,1278506.3760000023,28
2025-03-19,1276208.3760000023,28
2025-03-20,1275512.3760000023,28
2025-03-21,1267196.3760000023,28
2025-03-24,1260043.7490000022,30
2025-03-25,1258932.7490000022,30
2025-03-26,1265988.7490000022,30
2025-03-27,1266892.7490000022,30
2025-03-28,1257480.7490000022,30
2025-03-31,1255058.2250000024,30
2025-04-01,1261204.2250000024,30
2025-04-02,1266004.2250000024,30
2025-04-03,1259105.6350000026,29
2025-04-07,1174060.6710000024,32
2025-04-08,1196798.5690000025,28
2025-04-09,1226797.5690000025,28
2025-04-10,1245328.5690000025,28
2025-04-11,1248742.5690000025,28
2025-04-14,1265126.8800000022,32
2025-04-15,1266376.8800000022,32
2025-04-16,1257746.8800000022,32
2025-04-17,1264570.8800000022,32
2025-04-18,1265760.8800000022,32
2025-04-21,1281292.626000002,29
2025-04-22,1284111.626000002,29
2025-04-23,1297555.626000002,29
2025-04-24,1295221.626000002,29
2025-04-25,1305403.626000002,29
2025-04-28,1301003.635000002,29
2025-04-29,1309761.478000002,28
2025-04-30,1319239.478000002,28
2025-05-06,1334121.0060000017,31
2025-05-07,1333212.7280000015,30
2025-05-08,1341313.7280000015,30
2025-05-09,1338900.7280000015,30
2025-05-12,1342864.748000002,32
2025-05-13,1344203.748000002,32
2025-05-14,1346883.748000002,32
2025-05-15,1347220.748000002,32
2025-05-16,1344784.748000002,32
2025-05-19,1350139.5870000022,28
2025-05-20,1356950.5870000022,28
2025-05-21,1354691.5870000022,28
2025-05-22,1344922.5870000022,28
2025-05-23,1341809.5870000022,28
2025-05-26,1344035.593000002,27
2025-05-27,1341338.593000002,27
2025-05-28,1337965.413000002,26
2025-05-29,1346886.413000002,26
2025-05-30,1332960.413000002,26
2025-06-03,1336922.262000002,33
2025-06-04,1341315.262000002,33
2025-06-05,1347323.262000002,33
2025-06-06,1345364.262000002,33
2025-06-09,1341961.6440000017,28
2025-06-10,1334338.6440000017,28
2025-06-11,1340251.6440000017,28
2025-06-12,1343243.6440000017,28
2025-06-13,1333118.3040000019,27
2025-06-16,1339371.1640000017,30
2025-06-17,1335611.4890000015,29
2025-06-18,1336312.4890000015,29
2025-06-19,1328612.4890000015,29
2025-06-20,1319466.7100000016,28
2025-06-23,1324332.1010000014,28
2025-06-24,1341526.1010000014,28
2025-06-25,1347450.1010000014,28
2025-06-26,1343155.1010000014,28
2025-06-27,1350296.1010000014,28
2025-06-30,1354610.8260000013,31
2025-07-01,1361309.8260000013,31
2025-07-02,1357393.8260000013,31
2025-07-03,1361135.8260000013,31
2025-07-04,1354558.826000001,31
2025-07-07,1352879.202000001,28
2025-07-08,1360983.2020000012,28
2025-07-09,1358883.2020000012,28
2025-07-10,1359182.202000001,28
2025-07-11,1363678.202000001,28
2025-07-14,1367720.358000001,32
2025-07-15,1361552.358000001,32
2025-07-16,1363785.358000001,32
2025-07-17,1367186.358000001,32
2025-07-18,1366894.358000001,32
2025-07-21,1375809.3620000011,28
2025-07-22,1378687.3620000011,28
2025-07-23,1372487.3620000011,28
2025-07-24,1378378.3620000011,28
2025-07-25,1384291.3620000011,28
2025-07-28,1381843.0250000015,30
2025-07-29,1378986.0250000015,30
2025-07-30,1378773.0250000015,30
2025-07-31,1368528.0250000015,30
2025-08-01,1370601.0250000015,30
2025-08-04,1378262.5650000013,28
2025-08-05,1381669.5650000013,28
2025-08-06,1386055.5650000013,28
2025-08-07,1389024.5650000016,28
2025-08-08,1384124.5650000013,28
2025-08-11,1387484.0870000017,27
2025-08-12,1388590.0870000017,27
2025-08-13,1388561.0870000017,27
2025-08-14,1380210.0870000017,27
2025-08-15,1385480.0870000017,27
2025-08-18,1392161.6870000015,27
2025-08-19,1399023.6870000015,27
2025-08-20,1403102.6870000015,27
2025-08-21,1405189.6870000015,27
2025-08-22,1400437.6870000015,27
2025-08-25,1399375.8530000013,31
2025-08-26,1403026.8530000013,31
2025-08-27,1389447.8530000013,31
2025-08-28,1387197.8530000013,31
2025-08-29,1395065.8530000013,31
2025-09-01,1398240.7130000014,31
2025-09-02,1394725.7130000014,31
2025-09-03,1385241.7130000014,31
2025-09-04,1388265.7130000014,31
2025-09-05,1397752.7130000014,31
2025-09-08,1404976.4360000016,29
2025-09-09,1395877.4360000016,29
2025-09-10,1395974.4360000016,29
2025-09-11,1402275.4360000016,29
2025-09-12,1402895.4360000016,29
2025-09-15,1398554.7360000014,30
2025-09-16,1405661.7360000014,30
2025-09-17,1408689.7360000014,30
2025-09-18,1399633.3500000015,29
2025-09-19,1395003.3500000015,29
2025-09-22,1391083.2350000017,29
2025-09-23,1381055.2350000017,29
2025-09-24,1388304.2350000017,29
2025-09-25,1385328.2350000017,29
2025-09-26,1379948.2350000017,29
2025-09-29,1378997.676000002,32
2025-09-30,1383201.676000002,32
2025-10-09,1380903.5800000022,28
2025-10-10,1383940.5800000022,28
2025-10-13,1379310.8460000022,27
2025-10-14,1378657.8460000022,27
2025-10-15,1387129.8460000022,27
2025-10-16,1378974.8460000022,27
2025-10-17,1366493.0290000024,26
2025-10-20,1370906.6870000022,30
2025-10-21,1389216.6870000022,30
2025-10-22,1393446.6870000022,30
2025-10-23,1387072.6870000022,30
2025-10-24,1389505.6870000022,30
2025-10-27,1389500.384000002,30
2025-10-28,1387716.384000002,30
2025-10-29,1401686.384000002,30
2025-10-30,1392627.384000002,30
2025-10-31,1406521.384000002,30
2025-11-03,1403863.2010000022,33
2025-11-04,1397442.5930000022,32
2025-11-05,1401281.5930000022,32
2025-11-06,1403383.5930000022,32
2025-11-07,1399177.5930000022,32
2025-11-10,1399730.1950000024,31
2025-11-11,1398623.1950000024,31
2025-11-12,1398057.1950000024,31
2025-11-13,1401377.1950000024,31
2025-11-14,1406893.1950000024,31
2025-11-17,1405604.8860000023,29
2025-11-18,1403217.8860000023,29
2025-11-19,1391469.2100000023,28
2025-11-20,1387774.1760000023,27
2025-11-21,1372160.4030000023,21
2025-11-24,1381596.4800000023,32
2025-11-25,1387223.4800000023,32
2025-11-26,1383667.4800000023,32
2025-11-27,1387561.4800000023,32
2025-11-28,1390100.4800000025,32
2025-12-01,1399012.9050000017,32
2025-12-02,1389073.9050000017,32
2025-12-03,1384543.9800000018,31
2025-12-04,1380800.6800000016,30
2025-12-05,1387634.6800000016,30
2025-12-08,1390291.0510000016,31
2025-12-09,1385760.0510000016,31
2025-12-10,1383138.0510000016,31
2025-12-11,1395104.0510000016,31
2025-12-12,1401688.0510000016,31
2025-12-15,1395393.9760000014,30
2025-12-16,1389912.4770000014,29
2025-12-17,1392222.4770000014,29
2025-12-18,1395410.4770000014,29
2025-12-19,1402821.4770000014,29
2025-12-22,1401998.9850000017,28
2025-12-23,1398793.9850000017,28
2025-12-24,1404880.9850000017,28
2025-12-25,1408245.9850000017,28
2025-12-26,1405803.9850000017,28
2025-12-29,1405364.7190000017,27
2025-12-30,1402094.7190000017,27
2025-12-31,1404789.5600000017,26
2026-01-05,1414159.847000002,29
2026-01-06,1417963.847000002,29
2026-01-07,1415163.847000002,29
2026-01-08,1420956.847000002,29
2026-01-09,1424052.847000002,29
2026-01-12,1436594.9120000019,31
2026-01-13,1437900.9120000019,31
2026-01-14,1439538.9120000019,31
2026-01-15,1440054.9120000019,31
2026-01-16,1442811.9120000019,31
2026-01-19,1447779.9720000015,31
2026-01-20,1449401.9720000015,31
2026-01-21,1448966.9720000015,31
2026-01-22,1453347.9720000015,31
2026-01-23,1458949.9720000015,31
2026-01-26,1453155.2870000019,28
2026-01-27,1448753.2870000019,28
2026-01-28,1447245.2870000019,28
2026-01-29,1449266.2870000019,28
2026-01-30,1449976.2870000019,28
2026-02-02,1441922.474000002,33
2026-02-03,1451219.474000002,33
2026-02-04,1451612.474000002,33
2026-02-05,1450899.474000002,33
2026-02-06,1456374.474000002,33
2026-02-09,1444130.4290000019,27
2026-02-10,1443282.4290000019,27
2026-02-11,1439589.589000002,26
2026-02-12,1439777.5890000018,26
2026-02-13,1439257.589000002,26
2026-02-24,1440744.7890000017,30
2026-02-25,1444650.7890000017,30
2026-02-26,1444681.7890000017,30
2026-02-27,1443431.7890000017,30
2026-03-02,1423833.5170000014,29
2026-03-03,1411228.0170000014,28
2026-03-04,1406277.8170000017,27
2026-03-05,1411740.8170000014,27
2026-03-06,1416432.8170000017,27
2026-03-09,1403624.4440000022,32
2026-03-10,1415167.4440000022,32
2026-03-11,1415730.4440000022,32
2026-03-12,1408679.4440000022,32
2026-03-13,1410631.4440000022,32
2026-03-16,1409693.2090000021,29
2026-03-17,1399644.3640000022,28
2026-03-18,1405055.2240000023,27
2026-03-19,1386204.2960000022,24
2026-03-20,1378277.7260000021,23
2026-03-23,1353081.2360000024,36
2026-03-24,1374269.2360000024,36
2026-03-25,1384547.2360000024,36
2026-03-26,1373380.2360000024,36
2026-03-27,1384459.2360000024,36
2026-03-30,1386889.6040000021,25
2026-03-31,1384314.6040000021,25
2026-04-01,1392052.6040000021,25
2026-04-02,1388447.6040000021,25
2026-04-03,1377231.6040000021,25
2026-04-07,1378600.916000002,30
2026-04-08,1408597.916000002,30
2026-04-09,1396523.916000002,30
2026-04-10,1410399.916000002,30
2026-04-13,1406895.472000002,28
2026-04-14,1410311.472000002,28
2026-04-15,1409768.472000002,28
2026-04-16,1414188.472000002,28
2026-04-17,1426310.472000002,28
2026-04-20,1431476.9120000014,33
2026-04-21,1430373.9120000014,33
2026-04-22,1430807.9120000014,33
2026-04-23,1426506.9120000016,33
2026-04-24,1423497.9120000014,33
2026-04-27,1427145.759000002,31
2026-04-28,1417261.985000002,30
2026-04-29,1427329.8450000018,29
2026-04-30,1426967.845000002,29
2026-05-06,1430735.6560000023,30
2026-05-07,1434825.6560000023,30
2026-05-08,1444623.6560000023,30
2026-05-11,1445060.7230000023,29
2026-05-12,1437955.7230000023,29
2026-05-13,1416669.7230000023,29
2026-05-14,1404914.7230000023,29
2026-05-15,1401174.7230000023,29
2026-05-18,1395672.990000002,26
2026-05-19,1402236.990000002,26
2026-05-20,1395331.1100000022,25
2026-05-21,1384194.0020000022,24
2026-05-22,1387994.2180000022,23
2026-05-25,1382670.1700000023,28
2026-05-26,1371756.6090000023,25
2026-05-27,1364416.4490000024,23
2026-05-28,1364952.4490000024,23
2026-05-29,1359370.1490000023,22
2026-06-01,1369952.0580000023,33
2026-06-02,1360403.2730000024,32
2026-06-03,1355131.2730000024,32
2026-06-04,1345305.5130000021,30
2026-06-05,1351742.6330000022,29
2026-06-08,1335911.8020000022,31
2026-06-09,1336988.8020000022,31
2026-06-10,1331274.1740000022,29
2026-06-11,1321690.314000002,28
2026-06-12,1334522.3140000023,28
2026-06-15,1334507.8200000022,28
2026-06-16,1338453.4300000023,27
2026-06-17,1331434.8690000023,26
2026-06-18,1330058.8690000023,26
2026-06-29,1291498.5010000023,31
2026-06-30,1296499.6830000025,21
