run_id,date,total_asset,cash,market_value,daily_return,benchmark_close,benchmark_return
20260814_131230_f85a03,2020-01-02,1000000.0,1000000.0,0,0.0,4152.241,0.0
20260814_131230_f85a03,2020-01-03,1000000.0,1000000.0,0,0.0,4144.965,-0.00175231
20260814_131230_f85a03,2020-01-06,1000000.0,1000000.0,0,0.0,4129.296,-0.00378025
20260814_131230_f85a03,2020-01-07,1000000.0,1000000.0,0,0.0,4160.227,0.00749062
20260814_131230_f85a03,2020-01-08,1000000.0,1000000.0,0,0.0,4112.317,-0.0115162
20260814_131230_f85a03,2020-01-09,1000000.0,1000000.0,0,0.0,4164.37,0.01265783
20260814_131230_f85a03,2020-01-10,1000000.0,1000000.0,0,0.0,4163.185,-0.00028456
20260814_131230_f85a03,2020-01-13,1000000.0,1000000.0,0,0.0,4203.989,0.00980115
20260814_131230_f85a03,2020-01-14,1000000.0,1000000.0,0,0.0,4189.886,-0.00335467
20260814_131230_f85a03,2020-01-15,1000000.0,1000000.0,0,0.0,4166.735,-0.00552545
20260814_131230_f85a03,2020-01-16,1000000.0,1000000.0,0,0.0,4149.044,-0.00424577
20260814_131230_f85a03,2020-01-17,1000000.0,1000000.0,0,0.0,4154.853,0.00140008
20260814_131230_f85a03,2020-01-20,1000000.0,1000000.0,0,0.0,4185.83,0.00745562
20260814_131230_f85a03,2020-01-21,1000000.0,1000000.0,0,0.0,4114.308,-0.01708669
20260814_131230_f85a03,2020-01-22,1000000.0,1000000.0,0,0.0,4131.931,0.00428334
20260814_131230_f85a03,2020-01-23,1000000.0,1000000.0,0,0.0,4003.901,-0.03098551
20260814_131230_f85a03,2020-02-03,1000000.0,1000000.0,0,0.0,3688.358,-0.07880889
20260814_131230_f85a03,2020-02-04,1000000.0,1000000.0,0,0.0,3785.638,0.02637488
20260814_131230_f85a03,2020-02-05,1000000.0,1000000.0,0,0.0,3828.527,0.0113294
20260814_131230_f85a03,2020-02-06,1000000.0,1000000.0,0,0.0,3899.775,0.01860977
20260814_131230_f85a03,2020-02-07,1000000.0,1000000.0,0,0.0,3899.87,2.436e-05
20260814_131230_f85a03,2020-02-10,1000000.0,1000000.0,0,0.0,3916.006,0.00413757
20260814_131230_f85a03,2020-02-11,1000000.0,1000000.0,0,0.0,3952.465,0.00931025
20260814_131230_f85a03,2020-02-12,1000000.0,1000000.0,0,0.0,3984.433,0.00808812
20260814_131230_f85a03,2020-02-13,1000000.0,1000000.0,0,0.0,3959.919,-0.00615244
20260814_131230_f85a03,2020-02-14,1000000.0,1000000.0,0,0.0,3987.734,0.00702413
20260814_131230_f85a03,2020-02-17,1000000.0,1000000.0,0,0.0,4077.424,0.02249147
20260814_131230_f85a03,2020-02-18,1000000.0,1000000.0,0,0.0,4057.511,-0.00488372
20260814_131230_f85a03,2020-02-19,1000000.0,1000000.0,0,0.0,4051.311,-0.00152803
20260814_131230_f85a03,2020-02-20,1000000.0,1000000.0,0,0.0,4144.657,0.02304094
20260814_131230_f85a03,2020-02-21,1000000.0,1000000.0,0,0.0,4149.491,0.00116632
20260814_131230_f85a03,2020-02-24,1000000.0,1000000.0,0,0.0,4132.839,-0.00401302
20260814_131230_f85a03,2020-02-25,1000000.0,1000000.0,0,0.0,4123.855,-0.00217381
20260814_131230_f85a03,2020-02-26,1000000.0,1000000.0,0,0.0,4073.015,-0.01232827
20260814_131230_f85a03,2020-02-27,1000000.0,1000000.0,0,0.0,4084.876,0.00291209
20260814_131230_f85a03,2020-02-28,1000000.0,1000000.0,0,0.0,3940.048,-0.03545469
20260814_131230_f85a03,2020-03-02,1000000.0,1000000.0,0,0.0,4069.667,0.03289782
20260814_131230_f85a03,2020-03-03,985734.947042,8260.696042,977474.251,-0.01426505,4091.361,0.00533066
20260814_131230_f85a03,2020-03-04,978252.809127,978252.809127,0,-0.00759042,4115.052,0.00579049
20260814_131230_f85a03,2020-03-05,978252.809127,978252.809127,0,0.0,4206.726,0.02227773
20260814_131230_f85a03,2020-03-06,978252.809127,978252.809127,0,0.0,4138.507,-0.01621665
20260814_131230_f85a03,2020-03-09,978252.809127,978252.809127,0,0.0,3997.132,-0.03416087
20260814_131230_f85a03,2020-03-10,978252.809127,978252.809127,0,0.0,4082.732,0.02141535
20260814_131230_f85a03,2020-03-11,978252.809127,978252.809127,0,0.0,4028.429,-0.01330065
20260814_131230_f85a03,2020-03-12,978252.809127,978252.809127,0,0.0,3950.911,-0.01924274
20260814_131230_f85a03,2020-03-13,978252.809127,978252.809127,0,0.0,3895.313,-0.0140722
20260814_131230_f85a03,2020-03-16,978252.809127,978252.809127,0,0.0,3727.84,-0.04299346
20260814_131230_f85a03,2020-03-17,978252.809127,978252.809127,0,0.0,3709.682,-0.00487092
20260814_131230_f85a03,2020-03-18,978252.809127,978252.809127,0,0.0,3636.257,-0.0197928
20260814_131230_f85a03,2020-03-19,978252.809127,978252.809127,0,0.0,3589.093,-0.01297048
20260814_131230_f85a03,2020-03-20,978252.809127,978252.809127,0,0.0,3653.224,0.0178683
20260814_131230_f85a03,2020-03-23,978252.809127,978252.809127,0,0.0,3530.306,-0.03364644
20260814_131230_f85a03,2020-03-24,978252.809127,978252.809127,0,0.0,3625.114,0.02685546
20260814_131230_f85a03,2020-03-25,978252.809127,978252.809127,0,0.0,3722.518,0.02686922
20260814_131230_f85a03,2020-03-26,978252.809127,978252.809127,0,0.0,3698.047,-0.00657378
20260814_131230_f85a03,2020-03-27,978252.809127,978252.809127,0,0.0,3710.06,0.00324847
20260814_131230_f85a03,2020-03-30,978252.809127,978252.809127,0,0.0,3674.111,-0.0096896
20260814_131230_f85a03,2020-03-31,978252.809127,978252.809127,0,0.0,3686.155,0.00327807
20260814_131230_f85a03,2020-04-01,978252.809127,978252.809127,0,0.0,3675.075,-0.00300584
20260814_131230_f85a03,2020-04-02,978252.809127,978252.809127,0,0.0,3734.531,0.01617817
20260814_131230_f85a03,2020-04-03,978252.809127,978252.809127,0,0.0,3713.218,-0.00570701
20260814_131230_f85a03,2020-04-07,978252.809127,978252.809127,0,0.0,3798.021,0.02283814
20260814_131230_f85a03,2020-04-08,978252.809127,978252.809127,0,0.0,3780.344,-0.00465427
20260814_131230_f85a03,2020-04-09,978252.809127,978252.809127,0,0.0,3792.811,0.00329785
20260814_131230_f85a03,2020-04-10,978252.809127,978252.809127,0,0.0,3769.178,-0.006231
20260814_131230_f85a03,2020-04-13,978252.809127,978252.809127,0,0.0,3753.257,-0.004224
20260814_131230_f85a03,2020-04-14,978252.809127,978252.809127,0,0.0,3825.699,0.0193011
20260814_131230_f85a03,2020-04-15,978252.809127,978252.809127,0,0.0,3797.362,-0.00740701
20260814_131230_f85a03,2020-04-16,978252.809127,978252.809127,0,0.0,3802.381,0.00132171
20260814_131230_f85a03,2020-04-17,978252.809127,978252.809127,0,0.0,3839.487,0.00975862
20260814_131230_f85a03,2020-04-20,978252.809127,978252.809127,0,0.0,3853.455,0.00363799
20260814_131230_f85a03,2020-04-21,978252.809127,978252.809127,0,0.0,3808.048,-0.01178345
20260814_131230_f85a03,2020-04-22,978252.809127,978252.809127,0,0.0,3839.383,0.00822863
20260814_131230_f85a03,2020-04-23,978252.809127,978252.809127,0,0.0,3829.753,-0.00250822
20260814_131230_f85a03,2020-04-24,978252.809127,978252.809127,0,0.0,3796.972,-0.00855956
20260814_131230_f85a03,2020-04-27,978252.809127,978252.809127,0,0.0,3822.77,0.00679436
20260814_131230_f85a03,2020-04-28,978252.809127,978252.809127,0,0.0,3849.147,0.00689997
20260814_131230_f85a03,2020-04-29,978252.809127,978252.809127,0,0.0,3867.032,0.00464648
20260814_131230_f85a03,2020-04-30,978252.809127,978252.809127,0,0.0,3912.577,0.01177777
20260814_131230_f85a03,2020-05-06,978252.809127,978252.809127,0,0.0,3936.254,0.00605151
20260814_131230_f85a03,2020-05-07,978252.809127,978252.809127,0,0.0,3924.895,-0.00288574
20260814_131230_f85a03,2020-05-08,978252.809127,978252.809127,0,0.0,3963.622,0.00986702
20260814_131230_f85a03,2020-05-11,978252.809127,978252.809127,0,0.0,3960.181,-0.00086815
20260814_131230_f85a03,2020-05-12,978252.809127,978252.809127,0,0.0,3960.238,1.439e-05
20260814_131230_f85a03,2020-05-13,978252.809127,978252.809127,0,0.0,3968.253,0.00202387
20260814_131230_f85a03,2020-05-14,978252.809127,978252.809127,0,0.0,3925.218,-0.01084482
20260814_131230_f85a03,2020-05-15,978252.809127,978252.809127,0,0.0,3912.816,-0.00315957
20260814_131230_f85a03,2020-05-18,978252.809127,978252.809127,0,0.0,3922.912,0.00258024
20260814_131230_f85a03,2020-05-19,978252.809127,978252.809127,0,0.0,3956.25,0.00849828
20260814_131230_f85a03,2020-05-20,978252.809127,978252.809127,0,0.0,3935.222,-0.00531513
20260814_131230_f85a03,2020-05-21,978252.809127,978252.809127,0,0.0,3913.795,-0.00544493
20260814_131230_f85a03,2020-05-22,978252.809127,978252.809127,0,0.0,3824.064,-0.02292685
20260814_131230_f85a03,2020-05-25,978252.809127,978252.809127,0,0.0,3829.325,0.00137576
20260814_131230_f85a03,2020-05-26,978252.809127,978252.809127,0,0.0,3872.771,0.0113456
20260814_131230_f85a03,2020-05-27,978252.809127,978252.809127,0,0.0,3845.614,-0.00701229
20260814_131230_f85a03,2020-05-28,978252.809127,978252.809127,0,0.0,3856.633,0.00286534
20260814_131230_f85a03,2020-05-29,978252.809127,978252.809127,0,0.0,3867.024,0.00269432
20260814_131230_f85a03,2020-06-01,978252.809127,978252.809127,0,0.0,3971.34,0.02697578
20260814_131230_f85a03,2020-06-02,978252.809127,978252.809127,0,0.0,3983.567,0.00307881
20260814_131230_f85a03,2020-06-03,978252.809127,978252.809127,0,0.0,3983.648,2.033e-05
20260814_131230_f85a03,2020-06-04,978252.809127,978252.809127,0,0.0,3982.185,-0.00036725
20260814_131230_f85a03,2020-06-05,978252.809127,978252.809127,0,0.0,4001.251,0.00478782
20260814_131230_f85a03,2020-06-08,978252.809127,978252.809127,0,0.0,4021.955,0.00517438
20260814_131230_f85a03,2020-06-09,978252.809127,978252.809127,0,0.0,4047.03,0.00623453
20260814_131230_f85a03,2020-06-10,978252.809127,978252.809127,0,0.0,4039.706,-0.00180972
20260814_131230_f85a03,2020-06-11,978252.809127,978252.809127,0,0.0,3995.884,-0.01084782
20260814_131230_f85a03,2020-06-12,978252.809127,978252.809127,0,0.0,4003.083,0.0018016
20260814_131230_f85a03,2020-06-15,978252.809127,978252.809127,0,0.0,3954.988,-0.01201449
20260814_131230_f85a03,2020-06-16,978252.809127,978252.809127,0,0.0,4014.57,0.01506503
20260814_131230_f85a03,2020-06-17,978252.809127,978252.809127,0,0.0,4017.594,0.00075326
20260814_131230_f85a03,2020-06-18,978252.809127,978252.809127,0,0.0,4044.384,0.00666817
20260814_131230_f85a03,2020-06-19,978252.809127,978252.809127,0,0.0,4098.71,0.01343245
20260814_131230_f85a03,2020-06-22,978252.809127,978252.809127,0,0.0,4102.046,0.00081391
20260814_131230_f85a03,2020-06-23,978252.809127,978252.809127,0,0.0,4121.794,0.00481418
20260814_131230_f85a03,2020-06-24,978252.809127,978252.809127,0,0.0,4138.989,0.00417173
20260814_131230_f85a03,2020-06-29,978252.809127,978252.809127,0,0.0,4109.716,-0.0070725
20260814_131230_f85a03,2020-06-30,978252.809127,978252.809127,0,0.0,4163.963,0.0131997
20260814_131230_f85a03,2020-07-01,978252.809127,978252.809127,0,0.0,4247.783,0.02012986
20260814_131230_f85a03,2020-07-02,971458.92395,36036.60695,935422.317,-0.00694492,4335.844,0.02073105
20260814_131230_f85a03,2020-07-03,975489.270492,1168.409692,974320.8608,0.00414876,4419.596,0.01931619
20260814_131230_f85a03,2020-07-06,991849.135692,1168.409692,990680.726,0.01677093,4670.095,0.05667916
20260814_131230_f85a03,2020-07-07,999899.228092,1168.409692,998730.8184,0.00811625,4698.126,0.00600223
20260814_131230_f85a03,2020-07-08,985097.445292,1168.409692,983929.0356,-0.01480327,4774.004,0.01615069
20260814_131230_f85a03,2020-07-09,1039110.968492,1168.409692,1037942.5588,0.05483064,4840.771,0.01398553
20260814_131230_f85a03,2020-07-10,1041707.772492,1168.409692,1040539.3628,0.00249906,4753.134,-0.01810393
20260814_131230_f85a03,2020-07-13,1124026.459292,1168.409692,1122858.0496,0.07902282,4852.961,0.02100235
20260814_131230_f85a03,2020-07-14,1014960.691292,1168.409692,1013792.2816,-0.09703132,4806.69,-0.00953459
20260814_131230_f85a03,2020-07-15,999639.547692,1168.409692,998471.138,-0.01509531,4744.469,-0.01294467
20260814_131230_f85a03,2020-07-16,952118.034492,1168.409692,950949.6248,-0.04753865,4516.254,-0.04810127
20260814_131230_f85a03,2020-07-17,943807.077259,943807.077259,0,-0.00872891,4544.7,0.00629858
20260814_131230_f85a03,2020-07-20,943807.077259,943807.077259,0,0.0,4680.305,0.02983805
20260814_131230_f85a03,2020-07-21,943807.077259,943807.077259,0,0.0,4691.043,0.00229429
20260814_131230_f85a03,2020-07-22,943807.077259,943807.077259,0,0.0,4714.446,0.00498887
20260814_131230_f85a03,2020-07-23,943807.077259,943807.077259,0,0.0,4712.436,-0.00042635
20260814_131230_f85a03,2020-07-24,943807.077259,943807.077259,0,0.0,4505.591,-0.04389343
20260814_131230_f85a03,2020-07-27,943807.077259,943807.077259,0,0.0,4528.45,0.00507347
20260814_131230_f85a03,2020-07-28,943807.077259,943807.077259,0,0.0,4568.258,0.00879065
20260814_131230_f85a03,2020-07-29,943807.077259,943807.077259,0,0.0,4679.008,0.02424338
20260814_131230_f85a03,2020-07-30,943807.077259,943807.077259,0,0.0,4656.151,-0.00488501
20260814_131230_f85a03,2020-07-31,943807.077259,943807.077259,0,0.0,4695.047,0.00835368
20260814_131230_f85a03,2020-08-03,943807.077259,943807.077259,0,0.0,4771.311,0.0162435
20260814_131230_f85a03,2020-08-04,943807.077259,943807.077259,0,0.0,4775.803,0.00094146
20260814_131230_f85a03,2020-08-05,943807.077259,943807.077259,0,0.0,4777.109,0.00027346
20260814_131230_f85a03,2020-08-06,943807.077259,943807.077259,0,0.0,4762.764,-0.00300286
20260814_131230_f85a03,2020-08-07,943807.077259,943807.077259,0,0.0,4707.926,-0.0115139
20260814_131230_f85a03,2020-08-10,943807.077259,943807.077259,0,0.0,4724.87,0.00359904
20260814_131230_f85a03,2020-08-11,943807.077259,943807.077259,0,0.0,4681.783,-0.00911919
20260814_131230_f85a03,2020-08-12,943807.077259,943807.077259,0,0.0,4647.645,-0.00729167
20260814_131230_f85a03,2020-08-13,943807.077259,943807.077259,0,0.0,4635.712,-0.00256754
20260814_131230_f85a03,2020-08-14,943807.077259,943807.077259,0,0.0,4704.629,0.01486654
20260814_131230_f85a03,2020-08-17,943807.077259,943807.077259,0,0.0,4815.226,0.02350812
20260814_131230_f85a03,2020-08-18,943807.077259,943807.077259,0,0.0,4812.756,-0.00051296
20260814_131230_f85a03,2020-08-19,943807.077259,943807.077259,0,0.0,4740.679,-0.01497624
20260814_131230_f85a03,2020-08-20,943807.077259,943807.077259,0,0.0,4679.154,-0.0129781
20260814_131230_f85a03,2020-08-21,943807.077259,943807.077259,0,0.0,4718.843,0.00848209
20260814_131230_f85a03,2020-08-24,943807.077259,943807.077259,0,0.0,4755.849,0.00784218
20260814_131230_f85a03,2020-08-25,943807.077259,943807.077259,0,0.0,4761.951,0.00128305
20260814_131230_f85a03,2020-08-26,943807.077259,943807.077259,0,0.0,4706.13,-0.0117223
20260814_131230_f85a03,2020-08-27,943807.077259,943807.077259,0,0.0,4731.345,0.00535791
20260814_131230_f85a03,2020-08-28,943807.077259,943807.077259,0,0.0,4844.266,0.02386657
20260814_131230_f85a03,2020-08-31,943807.077259,943807.077259,0,0.0,4816.215,-0.00579056
20260814_131230_f85a03,2020-09-01,943807.077259,943807.077259,0,0.0,4842.122,0.00537912
20260814_131230_f85a03,2020-09-02,921009.453398,-35.067102,921044.5205,-0.02415496,4843.887,0.00036451
20260814_131230_f85a03,2020-09-03,917618.707599,917618.707599,0,-0.00368155,4817.096,-0.00553089
20260814_131230_f85a03,2020-09-04,917618.707599,917618.707599,0,0.0,4770.219,-0.00973138
20260814_131230_f85a03,2020-09-07,917618.707599,917618.707599,0,0.0,4669.368,-0.0211418
20260814_131230_f85a03,2020-09-08,917618.707599,917618.707599,0,0.0,4694.389,0.00535854
20260814_131230_f85a03,2020-09-09,917618.707599,917618.707599,0,0.0,4584.588,-0.02338984
20260814_131230_f85a03,2020-09-10,917618.707599,917618.707599,0,0.0,4581.978,-0.0005693
20260814_131230_f85a03,2020-09-11,917618.707599,917618.707599,0,0.0,4627.283,0.00988765
20260814_131230_f85a03,2020-09-14,917618.707599,917618.707599,0,0.0,4651.051,0.00513649
20260814_131230_f85a03,2020-09-15,917618.707599,917618.707599,0,0.0,4688.482,0.00804786
20260814_131230_f85a03,2020-09-16,917618.707599,917618.707599,0,0.0,4657.359,-0.00663818
20260814_131230_f85a03,2020-09-17,917618.707599,917618.707599,0,0.0,4632.714,-0.00529163
20260814_131230_f85a03,2020-09-18,917618.707599,917618.707599,0,0.0,4737.089,0.02252999
20260814_131230_f85a03,2020-09-21,917618.707599,917618.707599,0,0.0,4691.428,-0.00963904
20260814_131230_f85a03,2020-09-22,917618.707599,917618.707599,0,0.0,4635.761,-0.01186568
20260814_131230_f85a03,2020-09-23,917618.707599,917618.707599,0,0.0,4652.327,0.00357352
20260814_131230_f85a03,2020-09-24,917618.707599,917618.707599,0,0.0,4563.066,-0.01918631
20260814_131230_f85a03,2020-09-25,917618.707599,917618.707599,0,0.0,4570.022,0.00152441
20260814_131230_f85a03,2020-09-28,917618.707599,917618.707599,0,0.0,4581.909,0.00260108
20260814_131230_f85a03,2020-09-29,917618.707599,917618.707599,0,0.0,4591.8,0.00215871
20260814_131230_f85a03,2020-09-30,917618.707599,917618.707599,0,0.0,4587.395,-0.00095932
20260814_131230_f85a03,2020-10-09,917618.707599,917618.707599,0,0.0,4681.141,0.02043556
20260814_131230_f85a03,2020-10-12,917618.707599,917618.707599,0,0.0,4823.157,0.0303379
20260814_131230_f85a03,2020-10-13,917618.707599,917618.707599,0,0.0,4839.201,0.00332645
20260814_131230_f85a03,2020-10-14,917618.707599,917618.707599,0,0.0,4807.102,-0.00663312
20260814_131230_f85a03,2020-10-15,917618.707599,917618.707599,0,0.0,4798.736,-0.00174034
20260814_131230_f85a03,2020-10-16,917618.707599,917618.707599,0,0.0,4791.676,-0.00147122
20260814_131230_f85a03,2020-10-19,917618.707599,917618.707599,0,0.0,4755.488,-0.00755226
20260814_131230_f85a03,2020-10-20,917618.707599,917618.707599,0,0.0,4793.467,0.00798635
20260814_131230_f85a03,2020-10-21,917618.707599,917618.707599,0,0.0,4792.828,-0.00013331
20260814_131230_f85a03,2020-10-22,917618.707599,917618.707599,0,0.0,4777.984,-0.00309713
20260814_131230_f85a03,2020-10-23,917618.707599,917618.707599,0,0.0,4718.488,-0.01245211
20260814_131230_f85a03,2020-10-26,917618.707599,917618.707599,0,0.0,4691.236,-0.00577558
20260814_131230_f85a03,2020-10-27,917618.707599,917618.707599,0,0.0,4699.28,0.00171469
20260814_131230_f85a03,2020-10-28,917618.707599,917618.707599,0,0.0,4737.272,0.00808464
20260814_131230_f85a03,2020-10-29,917618.707599,917618.707599,0,0.0,4772.92,0.00752501
20260814_131230_f85a03,2020-10-30,917618.707599,917618.707599,0,0.0,4695.334,-0.01625546
20260814_131230_f85a03,2020-11-02,917618.707599,917618.707599,0,0.0,4720.832,0.0054305
20260814_131230_f85a03,2020-11-03,905337.628725,196054.464225,709283.1645,-0.01338364,4777.561,0.01201674
20260814_131230_f85a03,2020-11-04,922764.136554,13261.541154,909502.5954,0.01924863,4813.656,0.00755511
20260814_131230_f85a03,2020-11-05,989335.396554,13261.541154,976073.8554,0.07214331,4885.112,0.01484443
20260814_131230_f85a03,2020-11-06,970444.548354,13261.541154,957183.0072,-0.01909448,4885.718,0.00012405
20260814_131230_f85a03,2020-11-09,971796.935754,13261.541154,958535.3946,0.00139358,4981.35,0.01957379
20260814_131230_f85a03,2020-11-10,929047.979154,13261.541154,915786.438,-0.0439896,4953.876,-0.00551537
20260814_131230_f85a03,2020-11-11,868961.677354,13261.541154,855700.1362,-0.06467513,4904.898,-0.0098868
20260814_131230_f85a03,2020-11-12,877726.134483,877726.134483,0,0.01008613,4908.463,0.00072682
20260814_131230_f85a03,2020-11-13,877726.134483,877726.134483,0,0.0,4856.851,-0.0105149
20260814_131230_f85a03,2020-11-16,877726.134483,877726.134483,0,0.0,4904.172,0.00974314
20260814_131230_f85a03,2020-11-17,877726.134483,877726.134483,0,0.0,4894.786,-0.00191388
20260814_131230_f85a03,2020-11-18,877726.134483,877726.134483,0,0.0,4891.671,-0.00063639
20260814_131230_f85a03,2020-11-19,877726.134483,877726.134483,0,0.0,4927.99,0.00742466
20260814_131230_f85a03,2020-11-20,877726.134483,877726.134483,0,0.0,4943.289,0.00310451
20260814_131230_f85a03,2020-11-23,877726.134483,877726.134483,0,0.0,5005.027,0.01248926
20260814_131230_f85a03,2020-11-24,877726.134483,877726.134483,0,0.0,4974.286,-0.00614202
20260814_131230_f85a03,2020-11-25,877726.134483,877726.134483,0,0.0,4910.7,-0.01278294
20260814_131230_f85a03,2020-11-26,877726.134483,877726.134483,0,0.0,4919.591,0.00181054
20260814_131230_f85a03,2020-11-27,877726.134483,877726.134483,0,0.0,4980.765,0.01243477
20260814_131230_f85a03,2020-11-30,877726.134483,877726.134483,0,0.0,4960.252,-0.00411844
20260814_131230_f85a03,2020-12-01,877726.134483,877726.134483,0,0.0,5067.098,0.02154044
20260814_131230_f85a03,2020-12-02,877726.134483,877726.134483,0,0.0,5067.145,9.28e-06
20260814_131230_f85a03,2020-12-03,877726.134483,877726.134483,0,0.0,5057.061,-0.00199008
20260814_131230_f85a03,2020-12-04,877726.134483,877726.134483,0,0.0,5065.917,0.00175121
20260814_131230_f85a03,2020-12-07,877726.134483,877726.134483,0,0.0,5022.235,-0.00862272
20260814_131230_f85a03,2020-12-08,877726.134483,877726.134483,0,0.0,5009.879,-0.00246026
20260814_131230_f85a03,2020-12-09,877726.134483,877726.134483,0,0.0,4942.699,-0.01340951
20260814_131230_f85a03,2020-12-10,877726.134483,877726.134483,0,0.0,4940.525,-0.00043984
20260814_131230_f85a03,2020-12-11,877726.134483,877726.134483,0,0.0,4889.63,-0.01030154
20260814_131230_f85a03,2020-12-14,877726.134483,877726.134483,0,0.0,4934.835,0.00924508
20260814_131230_f85a03,2020-12-15,877726.134483,877726.134483,0,0.0,4945.1,0.00208011
20260814_131230_f85a03,2020-12-16,877726.134483,877726.134483,0,0.0,4953.867,0.00177287
20260814_131230_f85a03,2020-12-17,877726.134483,877726.134483,0,0.0,5017.478,0.01284068
20260814_131230_f85a03,2020-12-18,877726.134483,877726.134483,0,0.0,4999.968,-0.0034898
20260814_131230_f85a03,2020-12-21,877726.134483,877726.134483,0,0.0,5046.84,0.00937446
20260814_131230_f85a03,2020-12-22,877726.134483,877726.134483,0,0.0,4964.773,-0.01626107
20260814_131230_f85a03,2020-12-23,877726.134483,877726.134483,0,0.0,5007.124,0.0085303
20260814_131230_f85a03,2020-12-24,877726.134483,877726.134483,0,0.0,5000.015,-0.00141978
20260814_131230_f85a03,2020-12-25,877726.134483,877726.134483,0,0.0,5042.014,0.00839977
20260814_131230_f85a03,2020-12-28,877726.134483,877726.134483,0,0.0,5064.414,0.00444267
20260814_131230_f85a03,2020-12-29,877726.134483,877726.134483,0,0.0,5042.936,-0.00424096
20260814_131230_f85a03,2020-12-30,877726.134483,877726.134483,0,0.0,5113.711,0.01403448
20260814_131230_f85a03,2020-12-31,877726.134483,877726.134483,0,0.0,5211.289,0.01908164
20260814_131230_f85a03,2021-01-04,877726.134483,877726.134483,0,0.0,5267.718,0.01082822
20260814_131230_f85a03,2021-01-05,864566.614488,4497.501888,860069.1126,-0.01499274,5368.505,0.01913295
20260814_131230_f85a03,2021-01-06,866342.038934,866342.038934,0,0.00205354,5417.667,0.00915748
20260814_131230_f85a03,2021-01-07,866342.038934,866342.038934,0,0.0,5513.657,0.01771796
20260814_131230_f85a03,2021-01-08,866342.038934,866342.038934,0,0.0,5495.431,-0.00330561
20260814_131230_f85a03,2021-01-11,866342.038934,866342.038934,0,0.0,5441.159,-0.00987584
20260814_131230_f85a03,2021-01-12,866342.038934,866342.038934,0,0.0,5596.352,0.02852205
20260814_131230_f85a03,2021-01-13,866342.038934,866342.038934,0,0.0,5577.972,-0.00328428
20260814_131230_f85a03,2021-01-14,866342.038934,866342.038934,0,0.0,5470.456,-0.01927511
20260814_131230_f85a03,2021-01-15,866342.038934,866342.038934,0,0.0,5458.081,-0.00226215
20260814_131230_f85a03,2021-01-18,866342.038934,866342.038934,0,0.0,5518.52,0.01107331
20260814_131230_f85a03,2021-01-19,866342.038934,866342.038934,0,0.0,5437.524,-0.01467712
20260814_131230_f85a03,2021-01-20,866342.038934,866342.038934,0,0.0,5476.434,0.00715583
20260814_131230_f85a03,2021-01-21,866342.038934,866342.038934,0,0.0,5564.97,0.01616672
20260814_131230_f85a03,2021-01-22,866342.038934,866342.038934,0,0.0,5569.776,0.00086362
20260814_131230_f85a03,2021-01-25,866342.038934,866342.038934,0,0.0,5625.923,0.01008066
20260814_131230_f85a03,2021-01-26,866342.038934,866342.038934,0,0.0,5512.968,-0.02007759
20260814_131230_f85a03,2021-01-27,866342.038934,866342.038934,0,0.0,5528.004,0.00272739
20260814_131230_f85a03,2021-01-28,866342.038934,866342.038934,0,0.0,5377.143,-0.02729032
20260814_131230_f85a03,2021-01-29,866342.038934,866342.038934,0,0.0,5351.965,-0.00468241
20260814_131230_f85a03,2021-02-01,866342.038934,866342.038934,0,0.0,5417.649,0.01227288
20260814_131230_f85a03,2021-02-02,858569.400056,1211.900056,857357.5,-0.00897179,5501.091,0.01540188
20260814_131230_f85a03,2021-02-03,852108.959472,852108.959472,0,-0.00752466,5485.201,-0.00288852
20260814_131230_f85a03,2021-02-04,852108.959472,852108.959472,0,0.0,5473.948,-0.00205152
20260814_131230_f85a03,2021-02-05,852108.959472,852108.959472,0,0.0,5483.414,0.00172928
20260814_131230_f85a03,2021-02-08,852108.959472,852108.959472,0,0.0,5564.562,0.01479881
20260814_131230_f85a03,2021-02-09,852108.959472,852108.959472,0,0.0,5686.251,0.02186857
20260814_131230_f85a03,2021-02-10,852108.959472,852108.959472,0,0.0,5807.72,0.02136188
20260814_131230_f85a03,2021-02-18,852108.959472,852108.959472,0,0.0,5768.381,-0.00677357
20260814_131230_f85a03,2021-02-19,852108.959472,852108.959472,0,0.0,5778.842,0.00181351
20260814_131230_f85a03,2021-02-22,852108.959472,852108.959472,0,0.0,5597.333,-0.03140923
20260814_131230_f85a03,2021-02-23,852108.959472,852108.959472,0,0.0,5579.668,-0.00315597
20260814_131230_f85a03,2021-02-24,852108.959472,852108.959472,0,0.0,5437.568,-0.02546747
20260814_131230_f85a03,2021-02-25,852108.959472,852108.959472,0,0.0,5469.559,0.00588333
20260814_131230_f85a03,2021-02-26,852108.959472,852108.959472,0,0.0,5336.761,-0.02427947
20260814_131230_f85a03,2021-03-01,852108.959472,852108.959472,0,0.0,5418.784,0.01536943
20260814_131230_f85a03,2021-03-02,852108.959472,852108.959472,0,0.0,5349.631,-0.01276172
20260814_131230_f85a03,2021-03-03,852108.959472,852108.959472,0,0.0,5452.213,0.01917553
20260814_131230_f85a03,2021-03-04,852108.959472,852108.959472,0,0.0,5280.706,-0.0314564
20260814_131230_f85a03,2021-03-05,852108.959472,852108.959472,0,0.0,5262.796,-0.00339159
20260814_131230_f85a03,2021-03-08,852108.959472,852108.959472,0,0.0,5080.024,-0.03472907
20260814_131230_f85a03,2021-03-09,852108.959472,852108.959472,0,0.0,4970.999,-0.02146151
20260814_131230_f85a03,2021-03-10,852108.959472,852108.959472,0,0.0,5003.612,0.00656065
20260814_131230_f85a03,2021-03-11,852108.959472,852108.959472,0,0.0,5128.215,0.02490261
20260814_131230_f85a03,2021-03-12,852108.959472,852108.959472,0,0.0,5146.378,0.00354178
20260814_131230_f85a03,2021-03-15,852108.959472,852108.959472,0,0.0,5035.544,-0.02153631
20260814_131230_f85a03,2021-03-16,852108.959472,852108.959472,0,0.0,5079.362,0.00870174
20260814_131230_f85a03,2021-03-17,852108.959472,852108.959472,0,0.0,5100.859,0.00423222
20260814_131230_f85a03,2021-03-18,852108.959472,852108.959472,0,0.0,5141.768,0.00802002
20260814_131230_f85a03,2021-03-19,852108.959472,852108.959472,0,0.0,5007.091,-0.02619274
20260814_131230_f85a03,2021-03-22,852108.959472,852108.959472,0,0.0,5057.152,0.00999802
20260814_131230_f85a03,2021-03-23,852108.959472,852108.959472,0,0.0,5009.246,-0.00947292
20260814_131230_f85a03,2021-03-24,852108.959472,852108.959472,0,0.0,4928.685,-0.01608246
20260814_131230_f85a03,2021-03-25,852108.959472,852108.959472,0,0.0,4926.347,-0.00047437
20260814_131230_f85a03,2021-03-26,852108.959472,852108.959472,0,0.0,5037.99,0.02266243
20260814_131230_f85a03,2021-03-29,852108.959472,852108.959472,0,0.0,5046.877,0.001764
20260814_131230_f85a03,2021-03-30,852108.959472,852108.959472,0,0.0,5094.729,0.00948151
20260814_131230_f85a03,2021-03-31,852108.959472,852108.959472,0,0.0,5048.361,-0.00910117
20260814_131230_f85a03,2021-04-01,852108.959472,852108.959472,0,0.0,5110.777,0.01236362
20260814_131230_f85a03,2021-04-02,852108.959472,852108.959472,0,0.0,5161.557,0.00993587
20260814_131230_f85a03,2021-04-06,852108.959472,852108.959472,0,0.0,5140.342,-0.00411019
20260814_131230_f85a03,2021-04-07,852108.959472,852108.959472,0,0.0,5103.743,-0.00711995
20260814_131230_f85a03,2021-04-08,852108.959472,852108.959472,0,0.0,5112.209,0.00165878
20260814_131230_f85a03,2021-04-09,852108.959472,852108.959472,0,0.0,5035.338,-0.01503675
20260814_131230_f85a03,2021-04-12,852108.959472,852108.959472,0,0.0,4947.746,-0.01739546
20260814_131230_f85a03,2021-04-13,852108.959472,852108.959472,0,0.0,4939.644,-0.00163751
20260814_131230_f85a03,2021-04-14,852108.959472,852108.959472,0,0.0,4980.628,0.00829695
20260814_131230_f85a03,2021-04-15,852108.959472,852108.959472,0,0.0,4948.974,-0.00635542
20260814_131230_f85a03,2021-04-16,852108.959472,852108.959472,0,0.0,4966.181,0.00347688
20260814_131230_f85a03,2021-04-19,852108.959472,852108.959472,0,0.0,5087.016,0.02433157
20260814_131230_f85a03,2021-04-20,852108.959472,852108.959472,0,0.0,5083.366,-0.00071751
20260814_131230_f85a03,2021-04-21,852108.959472,852108.959472,0,0.0,5098.745,0.00302536
20260814_131230_f85a03,2021-04-22,852108.959472,852108.959472,0,0.0,5089.243,-0.0018636
20260814_131230_f85a03,2021-04-23,852108.959472,852108.959472,0,0.0,5135.453,0.00907994
20260814_131230_f85a03,2021-04-26,852108.959472,852108.959472,0,0.0,5077.238,-0.0113359
20260814_131230_f85a03,2021-04-27,852108.959472,852108.959472,0,0.0,5090.52,0.00261599
20260814_131230_f85a03,2021-04-28,852108.959472,852108.959472,0,0.0,5119.242,0.00564225
20260814_131230_f85a03,2021-04-29,852108.959472,852108.959472,0,0.0,5164.169,0.0087761
20260814_131230_f85a03,2021-04-30,852108.959472,852108.959472,0,0.0,5123.49,-0.00787716
20260814_131230_f85a03,2021-05-06,852108.959472,852108.959472,0,0.0,5061.124,-0.01217256
20260814_131230_f85a03,2021-05-07,852108.959472,852108.959472,0,0.0,4996.053,-0.01285703
20260814_131230_f85a03,2021-05-10,852108.959472,852108.959472,0,0.0,4992.423,-0.00072657
20260814_131230_f85a03,2021-05-11,852108.959472,852108.959472,0,0.0,5023.059,0.0061365
20260814_131230_f85a03,2021-05-12,852108.959472,852108.959472,0,0.0,5044.548,0.00427807
20260814_131230_f85a03,2021-05-13,852108.959472,852108.959472,0,0.0,4992.974,-0.01022371
20260814_131230_f85a03,2021-05-14,852108.959472,852108.959472,0,0.0,5110.59,0.0235563
20260814_131230_f85a03,2021-05-17,852108.959472,852108.959472,0,0.0,5184.985,0.01455703
20260814_131230_f85a03,2021-05-18,852108.959472,852108.959472,0,0.0,5187.601,0.00050453
20260814_131230_f85a03,2021-05-19,852108.959472,852108.959472,0,0.0,5172.272,-0.00295493
20260814_131230_f85a03,2021-05-20,852108.959472,852108.959472,0,0.0,5186.412,0.00273381
20260814_131230_f85a03,2021-05-21,852108.959472,852108.959472,0,0.0,5134.148,-0.0100771
20260814_131230_f85a03,2021-05-24,852108.959472,852108.959472,0,0.0,5155.587,0.00417577
20260814_131230_f85a03,2021-05-25,852108.959472,852108.959472,0,0.0,5318.478,0.03159504
20260814_131230_f85a03,2021-05-26,852108.959472,852108.959472,0,0.0,5320.593,0.00039767
20260814_131230_f85a03,2021-05-27,852108.959472,852108.959472,0,0.0,5338.233,0.00331542
20260814_131230_f85a03,2021-05-28,852108.959472,852108.959472,0,0.0,5321.089,-0.00321155
20260814_131230_f85a03,2021-05-31,852108.959472,852108.959472,0,0.0,5331.569,0.00196952
20260814_131230_f85a03,2021-06-01,852108.959472,852108.959472,0,0.0,5341.68,0.00189644
20260814_131230_f85a03,2021-06-02,835785.898237,51361.082237,784424.816,-0.01915607,5289.973,-0.00967991
20260814_131230_f85a03,2021-06-03,835142.045506,835142.045506,0,-0.00077036,5255.286,-0.00655712
20260814_131230_f85a03,2021-06-04,835142.045506,835142.045506,0,0.0,5282.277,0.00513597
20260814_131230_f85a03,2021-06-07,835142.045506,835142.045506,0,0.0,5277.627,-0.0008803
20260814_131230_f85a03,2021-06-08,835142.045506,835142.045506,0,0.0,5232.116,-0.00862338
20260814_131230_f85a03,2021-06-09,835142.045506,835142.045506,0,0.0,5236.45,0.00082835
20260814_131230_f85a03,2021-06-10,835142.045506,835142.045506,0,0.0,5271.466,0.00668697
20260814_131230_f85a03,2021-06-11,835142.045506,835142.045506,0,0.0,5224.703,-0.00887097
20260814_131230_f85a03,2021-06-15,835142.045506,835142.045506,0,0.0,5166.56,-0.01112848
20260814_131230_f85a03,2021-06-16,835142.045506,835142.045506,0,0.0,5080.491,-0.01665886
20260814_131230_f85a03,2021-06-17,835142.045506,835142.045506,0,0.0,5101.892,0.00421239
20260814_131230_f85a03,2021-06-18,835142.045506,835142.045506,0,0.0,5102.466,0.00011251
20260814_131230_f85a03,2021-06-21,835142.045506,835142.045506,0,0.0,5090.385,-0.00236768
20260814_131230_f85a03,2021-06-22,835142.045506,835142.045506,0,0.0,5122.159,0.00624196
20260814_131230_f85a03,2021-06-23,835142.045506,835142.045506,0,0.0,5147.394,0.00492663
20260814_131230_f85a03,2021-06-24,835142.045506,835142.045506,0,0.0,5155.973,0.00166667
20260814_131230_f85a03,2021-06-25,835142.045506,835142.045506,0,0.0,5239.969,0.01629101
20260814_131230_f85a03,2021-06-28,835142.045506,835142.045506,0,0.0,5251.76,0.0022502
20260814_131230_f85a03,2021-06-29,835142.045506,835142.045506,0,0.0,5190.544,-0.01165628
20260814_131230_f85a03,2021-06-30,835142.045506,835142.045506,0,0.0,5224.041,0.00645347
20260814_131230_f85a03,2021-07-01,835142.045506,835142.045506,0,0.0,5229.664,0.00107637
20260814_131230_f85a03,2021-07-02,854743.944468,31417.415468,823326.529,0.02347134,5081.117,-0.02840469
20260814_131230_f85a03,2021-07-05,864715.36114,13731.42514,850983.936,0.01166597,5085.792,0.00092007
20260814_131230_f85a03,2021-07-06,823310.39314,13731.42514,809578.968,-0.04788277,5083.105,-0.00052833
20260814_131230_f85a03,2021-07-07,885262.92114,13731.42514,871531.496,0.07524808,5140.49,0.01128936
20260814_131230_f85a03,2021-07-08,923223.56914,13731.42514,909492.144,0.04288065,5088.257,-0.01016109
20260814_131230_f85a03,2021-07-09,942207.98514,13731.42514,928476.56,0.02056318,5069.437,-0.00369871
20260814_131230_f85a03,2021-07-12,965631.60514,13731.42514,951900.18,0.02486035,5132.709,0.01248107
20260814_131230_f85a03,2021-07-13,974568.04914,13731.42514,960836.624,0.00925451,5142.099,0.00182944
20260814_131230_f85a03,2021-07-14,927825.61714,13731.42514,914094.192,-0.0479622,5083.085,-0.01147664
20260814_131230_f85a03,2021-07-15,955165.23714,13731.42514,941433.812,0.02946633,5151.463,0.01345207
20260814_131230_f85a03,2021-07-16,921701.43314,13731.42514,907970.008,-0.03503457,5094.773,-0.01100464
20260814_131230_f85a03,2021-07-19,876018.191084,-4703.628916,880721.82,-0.04956403,5113.494,0.00367455
20260814_131230_f85a03,2021-07-20,815006.911084,-4703.628916,819710.54,-0.06964613,5108.994,-0.00088002
20260814_131230_f85a03,2021-07-21,822324.83968,822324.83968,0,0.00897898,5144.043,0.00686025
20260814_131230_f85a03,2021-07-22,822324.83968,822324.83968,0,0.0,5151.752,0.00149863
20260814_131230_f85a03,2021-07-23,822324.83968,822324.83968,0,0.0,5089.228,-0.01213645
20260814_131230_f85a03,2021-07-26,822324.83968,822324.83968,0,0.0,4925.299,-0.03221098
20260814_131230_f85a03,2021-07-27,822324.83968,822324.83968,0,0.0,4751.313,-0.03532496
20260814_131230_f85a03,2021-07-28,822324.83968,822324.83968,0,0.0,4760.483,0.00192999
20260814_131230_f85a03,2021-07-29,822324.83968,822324.83968,0,0.0,4850.275,0.01886195
20260814_131230_f85a03,2021-07-30,822324.83968,822324.83968,0,0.0,4811.17,-0.00806243
20260814_131230_f85a03,2021-08-02,822324.83968,822324.83968,0,0.0,4933.736,0.0254753
20260814_131230_f85a03,2021-08-03,822324.83968,822324.83968,0,0.0,4934.459,0.00014654
20260814_131230_f85a03,2021-08-04,822324.83968,822324.83968,0,0.0,4978.848,0.00899572
20260814_131230_f85a03,2021-08-05,822324.83968,822324.83968,0,0.0,4948.67,-0.00606124
20260814_131230_f85a03,2021-08-06,822324.83968,822324.83968,0,0.0,4921.565,-0.00547723
20260814_131230_f85a03,2021-08-09,822324.83968,822324.83968,0,0.0,4985.563,0.01300359
20260814_131230_f85a03,2021-08-10,822324.83968,822324.83968,0,0.0,5043.148,0.01155035
20260814_131230_f85a03,2021-08-11,822324.83968,822324.83968,0,0.0,5015.34,-0.00551402
20260814_131230_f85a03,2021-08-12,822324.83968,822324.83968,0,0.0,4973.351,-0.00837211
20260814_131230_f85a03,2021-08-13,822324.83968,822324.83968,0,0.0,4945.983,-0.00550293
20260814_131230_f85a03,2021-08-16,822324.83968,822324.83968,0,0.0,4941.068,-0.00099374
20260814_131230_f85a03,2021-08-17,822324.83968,822324.83968,0,0.0,4837.403,-0.02098028
20260814_131230_f85a03,2021-08-18,822324.83968,822324.83968,0,0.0,4894.238,0.01174907
20260814_131230_f85a03,2021-08-19,822324.83968,822324.83968,0,0.0,4862.139,-0.00655853
20260814_131230_f85a03,2021-08-20,822324.83968,822324.83968,0,0.0,4769.268,-0.01910085
20260814_131230_f85a03,2021-08-23,822324.83968,822324.83968,0,0.0,4835.878,0.0139665
20260814_131230_f85a03,2021-08-24,822324.83968,822324.83968,0,0.0,4888.391,0.01085904
20260814_131230_f85a03,2021-08-25,822324.83968,822324.83968,0,0.0,4898.158,0.001998
20260814_131230_f85a03,2021-08-26,822324.83968,822324.83968,0,0.0,4801.609,-0.01971129
20260814_131230_f85a03,2021-08-27,822324.83968,822324.83968,0,0.0,4827.044,0.00529718
20260814_131230_f85a03,2021-08-30,822324.83968,822324.83968,0,0.0,4813.27,-0.00285351
20260814_131230_f85a03,2021-08-31,822324.83968,822324.83968,0,0.0,4805.61,-0.00159143
20260814_131230_f85a03,2021-09-01,822324.83968,822324.83968,0,0.0,4869.458,0.01328614
20260814_131230_f85a03,2021-09-02,822324.83968,822324.83968,0,0.0,4869.412,-9.45e-06
20260814_131230_f85a03,2021-09-03,822324.83968,822324.83968,0,0.0,4843.062,-0.00541133
20260814_131230_f85a03,2021-09-06,822324.83968,822324.83968,0,0.0,4933.726,0.01872039
20260814_131230_f85a03,2021-09-07,822324.83968,822324.83968,0,0.0,4992.83,0.01197959
20260814_131230_f85a03,2021-09-08,822324.83968,822324.83968,0,0.0,4972.133,-0.00414534
20260814_131230_f85a03,2021-09-09,822324.83968,822324.83968,0,0.0,4970.013,-0.00042638
20260814_131230_f85a03,2021-09-10,822324.83968,822324.83968,0,0.0,5013.522,0.0087543
20260814_131230_f85a03,2021-09-13,822324.83968,822324.83968,0,0.0,4991.66,-0.00436061
20260814_131230_f85a03,2021-09-14,822324.83968,822324.83968,0,0.0,4917.162,-0.01492449
20260814_131230_f85a03,2021-09-15,822324.83968,822324.83968,0,0.0,4867.319,-0.01013654
20260814_131230_f85a03,2021-09-16,822324.83968,822324.83968,0,0.0,4807.698,-0.01224925
20260814_131230_f85a03,2021-09-17,822324.83968,822324.83968,0,0.0,4855.941,0.01003453
20260814_131230_f85a03,2021-09-22,822324.83968,822324.83968,0,0.0,4821.767,-0.00703756
20260814_131230_f85a03,2021-09-23,822324.83968,822324.83968,0,0.0,4853.196,0.00651815
20260814_131230_f85a03,2021-09-24,822324.83968,822324.83968,0,0.0,4849.427,-0.0007766
20260814_131230_f85a03,2021-09-27,822324.83968,822324.83968,0,0.0,4877.37,0.00576212
20260814_131230_f85a03,2021-09-28,822324.83968,822324.83968,0,0.0,4883.828,0.00132407
20260814_131230_f85a03,2021-09-29,822324.83968,822324.83968,0,0.0,4833.928,-0.0102174
20260814_131230_f85a03,2021-09-30,822324.83968,822324.83968,0,0.0,4866.382,0.00671379
20260814_131230_f85a03,2021-10-08,822324.83968,822324.83968,0,0.0,4929.941,0.01306083
20260814_131230_f85a03,2021-10-11,822324.83968,822324.83968,0,0.0,4936.192,0.00126797
20260814_131230_f85a03,2021-10-12,822324.83968,822324.83968,0,0.0,4883.837,-0.01060635
20260814_131230_f85a03,2021-10-13,822324.83968,822324.83968,0,0.0,4940.109,0.01152209
20260814_131230_f85a03,2021-10-14,822324.83968,822324.83968,0,0.0,4913.613,-0.00536344
20260814_131230_f85a03,2021-10-15,822324.83968,822324.83968,0,0.0,4932.109,0.00376424
20260814_131230_f85a03,2021-10-18,822324.83968,822324.83968,0,0.0,4874.775,-0.01162464
20260814_131230_f85a03,2021-10-19,822324.83968,822324.83968,0,0.0,4922.724,0.00983615
20260814_131230_f85a03,2021-10-20,822324.83968,822324.83968,0,0.0,4910.185,-0.00254717
20260814_131230_f85a03,2021-10-21,822324.83968,822324.83968,0,0.0,4928.016,0.00363143
20260814_131230_f85a03,2021-10-22,822324.83968,822324.83968,0,0.0,4959.726,0.00643464
20260814_131230_f85a03,2021-10-25,822324.83968,822324.83968,0,0.0,4979.524,0.00399175
20260814_131230_f85a03,2021-10-26,822324.83968,822324.83968,0,0.0,4963.099,-0.00329851
20260814_131230_f85a03,2021-10-27,822324.83968,822324.83968,0,0.0,4898.165,-0.01308336
20260814_131230_f85a03,2021-10-28,822324.83968,822324.83968,0,0.0,4864.138,-0.00694689
20260814_131230_f85a03,2021-10-29,822324.83968,822324.83968,0,0.0,4908.77,0.00917573
20260814_131230_f85a03,2021-11-01,822324.83968,822324.83968,0,0.0,4890.686,-0.00368402
20260814_131230_f85a03,2021-11-02,822324.83968,822324.83968,0,0.0,4839.846,-0.01039527
20260814_131230_f85a03,2021-11-03,822324.83968,822324.83968,0,0.0,4821.112,-0.00387078
20260814_131230_f85a03,2021-11-04,822324.83968,822324.83968,0,0.0,4868.742,0.00987946
20260814_131230_f85a03,2021-11-05,822324.83968,822324.83968,0,0.0,4842.346,-0.00542152
20260814_131230_f85a03,2021-11-08,822324.83968,822324.83968,0,0.0,4848.179,0.00120458
20260814_131230_f85a03,2021-11-09,822324.83968,822324.83968,0,0.0,4846.745,-0.00029578
20260814_131230_f85a03,2021-11-10,822324.83968,822324.83968,0,0.0,4821.193,-0.00527199
20260814_131230_f85a03,2021-11-11,822324.83968,822324.83968,0,0.0,4898.653,0.01606656
20260814_131230_f85a03,2021-11-12,822324.83968,822324.83968,0,0.0,4888.375,-0.00209813
20260814_131230_f85a03,2021-11-15,822324.83968,822324.83968,0,0.0,4882.378,-0.00122679
20260814_131230_f85a03,2021-11-16,822324.83968,822324.83968,0,0.0,4883.32,0.00019294
20260814_131230_f85a03,2021-11-17,822324.83968,822324.83968,0,0.0,4885.755,0.00049864
20260814_131230_f85a03,2021-11-18,822324.83968,822324.83968,0,0.0,4837.618,-0.00985252
20260814_131230_f85a03,2021-11-19,822324.83968,822324.83968,0,0.0,4890.058,0.01084005
20260814_131230_f85a03,2021-11-22,822324.83968,822324.83968,0,0.0,4912.399,0.00456866
20260814_131230_f85a03,2021-11-23,822324.83968,822324.83968,0,0.0,4913.346,0.00019278
20260814_131230_f85a03,2021-11-24,822324.83968,822324.83968,0,0.0,4916.658,0.00067408
20260814_131230_f85a03,2021-11-25,822324.83968,822324.83968,0,0.0,4896.442,-0.00411174
20260814_131230_f85a03,2021-11-26,822324.83968,822324.83968,0,0.0,4860.126,-0.00741681
20260814_131230_f85a03,2021-11-29,822324.83968,822324.83968,0,0.0,4851.423,-0.00179069
20260814_131230_f85a03,2021-11-30,822324.83968,822324.83968,0,0.0,4832.026,-0.00399821
20260814_131230_f85a03,2021-12-01,822324.83968,822324.83968,0,0.0,4843.851,0.00244721
20260814_131230_f85a03,2021-12-02,822324.83968,822324.83968,0,0.0,4856.163,0.00254178
20260814_131230_f85a03,2021-12-03,822324.83968,822324.83968,0,0.0,4901.018,0.00923672
20260814_131230_f85a03,2021-12-06,822324.83968,822324.83968,0,0.0,4892.621,-0.00171332
20260814_131230_f85a03,2021-12-07,822324.83968,822324.83968,0,0.0,4922.102,0.0060256
20260814_131230_f85a03,2021-12-08,822324.83968,822324.83968,0,0.0,4995.93,0.01499928
20260814_131230_f85a03,2021-12-09,822324.83968,822324.83968,0,0.0,5078.69,0.01656548
20260814_131230_f85a03,2021-12-10,822324.83968,822324.83968,0,0.0,5055.118,-0.00464135
20260814_131230_f85a03,2021-12-13,822324.83968,822324.83968,0,0.0,5083.801,0.00567405
20260814_131230_f85a03,2021-12-14,822324.83968,822324.83968,0,0.0,5049.695,-0.00670876
20260814_131230_f85a03,2021-12-15,822324.83968,822324.83968,0,0.0,5005.9,-0.0086728
20260814_131230_f85a03,2021-12-16,822324.83968,822324.83968,0,0.0,5034.732,0.0057596
20260814_131230_f85a03,2021-12-17,822324.83968,822324.83968,0,0.0,4954.76,-0.01588406
20260814_131230_f85a03,2021-12-20,822324.83968,822324.83968,0,0.0,4880.418,-0.01500416
20260814_131230_f85a03,2021-12-21,822324.83968,822324.83968,0,0.0,4913.485,0.00677544
20260814_131230_f85a03,2021-12-22,822324.83968,822324.83968,0,0.0,4914.454,0.00019721
20260814_131230_f85a03,2021-12-23,822324.83968,822324.83968,0,0.0,4948.739,0.00697636
20260814_131230_f85a03,2021-12-24,822324.83968,822324.83968,0,0.0,4921.345,-0.00553555
20260814_131230_f85a03,2021-12-27,822324.83968,822324.83968,0,0.0,4919.324,-0.00041066
20260814_131230_f85a03,2021-12-28,822324.83968,822324.83968,0,0.0,4955.964,0.00744818
20260814_131230_f85a03,2021-12-29,822324.83968,822324.83968,0,0.0,4883.48,-0.01462561
20260814_131230_f85a03,2021-12-30,822324.83968,822324.83968,0,0.0,4921.511,0.00778768
20260814_131230_f85a03,2021-12-31,822324.83968,822324.83968,0,0.0,4940.373,0.00383256
